  .   ____          _            __ _ _
 /\\ / ___'_ __ _ _(_)_ __  __ _ \ \ \ \
( ( )\___ | '_ | '_| | '_ \/ _` | \ \ \ \
 \\/  ___)| |_)| | | | | || (_| |  ) ) ) )
  '  |____| .__|_| |_|_| |_\__, | / / / /
 =========|_|==============|___/=/_/_/_/

 :: Spring Boot ::                (v3.3.0)

2026-08-12T00:33:46.877+05:30  INFO 34204 --- [campusforge-backend] [           main] c.c.b.CampusForgeBackendApplication      : Starting CampusForgeBackendApplication v0.0.1-SNAPSHOT using Java 21.0.12 with PID 34204 (C:\Users\student\Desktop\thingamamagicthegathering\2026-08-02 mtgoffline\backend\target\campusforge-backend-0.0.1-SNAPSHOT.jar started by student in C:\Users\student\Desktop\thingamamagicthegathering\2026-08-02 mtgoffline\backend)
2026-08-12T00:33:46.880+05:30  INFO 34204 --- [campusforge-backend] [           main] c.c.b.CampusForgeBackendApplication      : No active profile set, falling back to 1 default profile: "default"
2026-08-12T00:33:47.755+05:30  INFO 34204 --- [campusforge-backend] [           main] .s.d.r.c.RepositoryConfigurationDelegate : Bootstrapping Spring Data JPA repositories in DEFAULT mode.
2026-08-12T00:33:47.816+05:30  INFO 34204 --- [campusforge-backend] [           main] .s.d.r.c.RepositoryConfigurationDelegate : Finished Spring Data repository scanning in 56 ms. Found 14 JPA repository interfaces.
2026-08-12T00:33:48.463+05:30  INFO 34204 --- [campusforge-backend] [           main] o.s.b.w.embedded.tomcat.TomcatWebServer  : Tomcat initialized with port 17172 (http)
2026-08-12T00:33:48.480+05:30  INFO 34204 --- [campusforge-backend] [           main] o.apache.catalina.core.StandardService   : Starting service [Tomcat]
2026-08-12T00:33:48.480+05:30  INFO 34204 --- [campusforge-backend] [           main] o.apache.catalina.core.StandardEngine    : Starting Servlet engine: [Apache Tomcat/10.1.24]
2026-08-12T00:33:48.512+05:30  INFO 34204 --- [campusforge-backend] [           main] o.a.c.c.C.[Tomcat].[localhost].[/]       : Initializing Spring embedded WebApplicationContext
2026-08-12T00:33:48.513+05:30  INFO 34204 --- [campusforge-backend] [           main] w.s.c.ServletWebServerApplicationContext : Root WebApplicationContext: initialization completed in 1559 ms
2026-08-12T00:33:48.847+05:30  INFO 34204 --- [campusforge-backend] [           main] com.zaxxer.hikari.HikariDataSource       : HikariPool-1 - Starting...
2026-08-12T00:33:49.062+05:30  INFO 34204 --- [campusforge-backend] [           main] com.zaxxer.hikari.pool.HikariPool        : HikariPool-1 - Added connection org.postgresql.jdbc.PgConnection@477523ba
2026-08-12T00:33:49.063+05:30  INFO 34204 --- [campusforge-backend] [           main] com.zaxxer.hikari.HikariDataSource       : HikariPool-1 - Start completed.
2026-08-12T00:33:49.095+05:30  INFO 34204 --- [campusforge-backend] [           main] org.flywaydb.core.FlywayExecutor         : Database: jdbc:postgresql://localhost:5432/campusforge (PostgreSQL 18.4)
2026-08-12T00:33:49.096+05:30  WARN 34204 --- [campusforge-backend] [           main] o.f.c.internal.database.base.Database    : Flyway upgrade recommended: PostgreSQL 18.4 is newer than this version of Flyway and support has not been tested. The latest supported version of PostgreSQL is 16.
2026-08-12T00:33:49.163+05:30  INFO 34204 --- [campusforge-backend] [           main] o.f.core.internal.command.DbValidate     : Successfully validated 14 migrations (execution time 00:00.057s)
2026-08-12T00:33:49.208+05:30  INFO 34204 --- [campusforge-backend] [           main] o.f.core.internal.command.DbMigrate      : Current version of schema "public": 14
2026-08-12T00:33:49.212+05:30  INFO 34204 --- [campusforge-backend] [           main] o.f.core.internal.command.DbMigrate      : Schema "public" is up to date. No migration necessary.
2026-08-12T00:33:49.379+05:30  INFO 34204 --- [campusforge-backend] [           main] o.hibernate.jpa.internal.util.LogHelper  : HHH000204: Processing PersistenceUnitInfo [name: default]
2026-08-12T00:33:49.480+05:30  INFO 34204 --- [campusforge-backend] [           main] org.hibernate.Version                    : HHH000412: Hibernate ORM core version 6.5.2.Final
2026-08-12T00:33:49.569+05:30  INFO 34204 --- [campusforge-backend] [           main] o.h.c.internal.RegionFactoryInitiator    : HHH000026: Second-level cache disabled
2026-08-12T00:33:49.729+05:30  INFO 34204 --- [campusforge-backend] [           main] o.s.o.j.p.SpringPersistenceUnitInfo      : No LoadTimeWeaver setup: ignoring JPA class transformer
2026-08-12T00:33:49.766+05:30  WARN 34204 --- [campusforge-backend] [           main] org.hibernate.orm.deprecation            : HHH90000025: PostgreSQLDialect does not need to be specified explicitly using 'hibernate.dialect' (remove the property setting and it will be selected by default)
2026-08-12T00:33:50.574+05:30  INFO 34204 --- [campusforge-backend] [           main] o.h.e.t.j.p.i.JtaPlatformInitiator       : HHH000489: No JTA platform available (set 'hibernate.transaction.jta.platform' to enable JTA platform integration)
2026-08-12T00:33:50.607+05:30  INFO 34204 --- [campusforge-backend] [           main] j.LocalContainerEntityManagerFactoryBean : Initialized JPA EntityManagerFactory for persistence unit 'default'
2026-08-12T00:33:50.969+05:30  INFO 34204 --- [campusforge-backend] [           main] r$InitializeUserDetailsManagerConfigurer : Global AuthenticationManager configured with UserDetailsService bean with name playerUserDetailsService
2026-08-12T00:33:51.086+05:30  INFO 34204 --- [campusforge-backend] [           main] o.s.d.j.r.query.QueryEnhancerFactory     : Hibernate is in classpath; If applicable, HQL parser will be used.
Language 'en-US' loaded successfully.
(ThreadUtil first call): Running with priority 5
Read cards: 33529 files in 1 ms (25 parts) using thread pool
Read cards: 833 files in 0 ms (8 parts) using thread pool
2026-08-12T00:33:55.798+05:30  INFO 34204 --- [campusforge-backend] [           main] c.c.backend.battle.ForgeEngineBootstrap  : Forge engine ready in 3885 ms
2026-08-12T00:33:55.983+05:30  WARN 34204 --- [campusforge-backend] [           main] JpaBaseConfiguration$JpaWebConfiguration : spring.jpa.open-in-view is enabled by default. Therefore, database queries may be performed during view rendering. Explicitly configure spring.jpa.open-in-view to disable this warning
2026-08-12T00:33:56.354+05:30  INFO 34204 --- [campusforge-backend] [           main] o.s.s.web.DefaultSecurityFilterChain     : Will secure any request with [org.springframework.security.web.session.DisableEncodeUrlFilter@61e67cc1, org.springframework.security.web.context.request.async.WebAsyncManagerIntegrationFilter@118bace5, org.springframework.security.web.context.SecurityContextHolderFilter@714f3e27, org.springframework.security.web.header.HeaderWriterFilter@241eba9, org.springframework.web.filter.CorsFilter@55002de6, org.springframework.security.web.authentication.logout.LogoutFilter@703e8fe8, com.campusforge.backend.security.JwtAuthenticationFilter@64faf3d, com.campusforge.backend.security.RateLimitFilter@5e1535e0, org.springframework.security.web.savedrequest.RequestCacheAwareFilter@2d05291f, org.springframework.security.web.servletapi.SecurityContextHolderAwareRequestFilter@7bfb46b2, org.springframework.security.web.authentication.AnonymousAuthenticationFilter@10990a32, org.springframework.security.web.session.SessionManagementFilter@65cae15a, org.springframework.security.web.access.ExceptionTranslationFilter@e124366, org.springframework.security.web.access.intercept.AuthorizationFilter@4cd78959]
2026-08-12T00:33:56.564+05:30  INFO 34204 --- [campusforge-backend] [           main] o.s.b.w.embedded.tomcat.TomcatWebServer  : Tomcat started on port 17172 (http) with context path '/'
2026-08-12T00:33:56.564+05:30  INFO 34204 --- [campusforge-backend] [           main] o.s.m.s.b.SimpleBrokerMessageHandler     : Starting...
2026-08-12T00:33:56.564+05:30  INFO 34204 --- [campusforge-backend] [           main] o.s.m.s.b.SimpleBrokerMessageHandler     : BrokerAvailabilityEvent[available=true, SimpleBrokerMessageHandler [org.springframework.messaging.simp.broker.DefaultSubscriptionRegistry@12973dd3]]
2026-08-12T00:33:56.564+05:30  INFO 34204 --- [campusforge-backend] [           main] o.s.m.s.b.SimpleBrokerMessageHandler     : Started.
2026-08-12T00:33:56.575+05:30  INFO 34204 --- [campusforge-backend] [           main] c.c.b.CampusForgeBackendApplication      : Started CampusForgeBackendApplication in 10.022 seconds (process running for 10.545)
Hibernate: select c1_0.id from cards c1_0 where c1_0.oracle_id=? fetch first ? rows only
Hibernate: select c1_0.id from cards c1_0 where c1_0.oracle_id=? fetch first ? rows only
Hibernate: select c1_0.id from cards c1_0 where c1_0.oracle_id=? fetch first ? rows only
Hibernate: select c1_0.id from cards c1_0 where c1_0.oracle_id=? fetch first ? rows only
Hibernate: select c1_0.id from cards c1_0 where c1_0.oracle_id=? fetch first ? rows only
Hibernate: select c1_0.id from cards c1_0 where c1_0.oracle_id=? fetch first ? rows only
Hibernate: select c1_0.id from cards c1_0 where c1_0.oracle_id=? fetch first ? rows only
Hibernate: select c1_0.id from cards c1_0 where c1_0.oracle_id=? fetch first ? rows only
Hibernate: select c1_0.id from cards c1_0 where c1_0.oracle_id=? fetch first ? rows only
Hibernate: select c1_0.id from cards c1_0 where c1_0.oracle_id=? fetch first ? rows only
Hibernate: select c1_0.id from cards c1_0 where c1_0.oracle_id=? fetch first ? rows only
Hibernate: select c1_0.id from cards c1_0 where c1_0.oracle_id=? fetch first ? rows only
Hibernate: select c1_0.id from cards c1_0 where c1_0.oracle_id=? fetch first ? rows only
Hibernate: select c1_0.id from cards c1_0 where c1_0.oracle_id=? fetch first ? rows only
Hibernate: select c1_0.id from cards c1_0 where c1_0.oracle_id=? fetch first ? rows only
Hibernate: select f1_0.id,f1_0.basics_unlimited,f1_0.code,f1_0.commander_required,f1_0.max_copies,f1_0.max_deck_size,f1_0.min_deck_size,f1_0.name from formats f1_0
Hibernate: select count(*) from card_legalities cl1_0
2026-08-12T00:33:56.746+05:30  INFO 34204 --- [campusforge-backend] [           main] c.c.backend.config.FormatLegalSeeder     : Card legalities already seeded, skipping.
Hibernate: select c1_0.id from cards c1_0 where c1_0.oracle_id=? fetch first ? rows only
Hibernate: select c1_0.id from cards c1_0 where c1_0.oracle_id=? fetch first ? rows only
Hibernate: select c1_0.id from cards c1_0 where c1_0.oracle_id=? fetch first ? rows only
Hibernate: select c1_0.id from cards c1_0 where c1_0.oracle_id=? fetch first ? rows only
Hibernate: select c1_0.id from cards c1_0 where c1_0.oracle_id=? fetch first ? rows only
Hibernate: select c1_0.id from cards c1_0 where c1_0.oracle_id=? fetch first ? rows only
Hibernate: select c1_0.id from cards c1_0 where c1_0.oracle_id=? fetch first ? rows only
Hibernate: select c1_0.id from cards c1_0 where c1_0.oracle_id=? fetch first ? rows only
Hibernate: select c1_0.id from cards c1_0 where c1_0.oracle_id=? fetch first ? rows only
Hibernate: select c1_0.id from cards c1_0 where c1_0.oracle_id=? fetch first ? rows only
Hibernate: select c1_0.id from cards c1_0 where c1_0.oracle_id=? fetch first ? rows only
Hibernate: select c1_0.id from cards c1_0 where c1_0.oracle_id=? fetch first ? rows only
Hibernate: select c1_0.id from cards c1_0 where c1_0.oracle_id=? fetch first ? rows only
Hibernate: select c1_0.id from cards c1_0 where c1_0.oracle_id=? fetch first ? rows only
Hibernate: select c1_0.id from cards c1_0 where c1_0.oracle_id=? fetch first ? rows only
Hibernate: select c1_0.id from cards c1_0 where c1_0.oracle_id=? fetch first ? rows only
2026-08-12T00:34:11.011+05:30  INFO 34204 --- [campusforge-backend] [io-17172-exec-1] o.a.c.c.C.[Tomcat].[localhost].[/]       : Initializing Spring DispatcherServlet 'dispatcherServlet'
2026-08-12T00:34:11.011+05:30  INFO 34204 --- [campusforge-backend] [io-17172-exec-1] o.s.web.servlet.DispatcherServlet        : Initializing Servlet 'dispatcherServlet'
2026-08-12T00:34:11.011+05:30  INFO 34204 --- [campusforge-backend] [io-17172-exec-1] o.s.web.servlet.DispatcherServlet        : Completed initialization in 0 ms
Hibernate: select p1_0.id,p1_0.avatar,p1_0.banned,p1_0.banned_at,p1_0.created,p1_0.degree_level,p1_0.display_name,p1_0.email,p1_0.experience,p1_0.last_login,p1_0.level,p1_0.password_hash,p1_0.role,p1_0.specialization,p1_0.student_id from players p1_0 where p1_0.email=?
Hibernate: select p1_0.id,p1_0.avatar,p1_0.banned,p1_0.banned_at,p1_0.created,p1_0.degree_level,p1_0.display_name,p1_0.email,p1_0.experience,p1_0.last_login,p1_0.level,p1_0.password_hash,p1_0.role,p1_0.specialization,p1_0.student_id from players p1_0 where p1_0.email=?
Hibernate: update players set avatar=?,banned=?,banned_at=?,created=?,degree_level=?,display_name=?,email=?,experience=?,last_login=?,level=?,password_hash=?,role=?,specialization=?,student_id=? where id=?
2026-08-12T00:34:56.539+05:30  INFO 34204 --- [campusforge-backend] [MessageBroker-1] o.s.w.s.c.WebSocketMessageBrokerStats    : WebSocketSession[0 current WS(0)-HttpStream(0)-HttpPoll(0), 0 total, 0 closed abnormally (0 connect failure, 0 send limit, 0 transport error)], stompSubProtocol[processed CONNECT(0)-CONNECTED(0)-DISCONNECT(0)], stompBrokerRelay[null], inboundChannel[pool size = 0, active threads = 0, queued tasks = 0, completed tasks = 0], outboundChannel[pool size = 0, active threads = 0, queued tasks = 0, completed tasks = 0], sockJsScheduler[pool size = 1, active threads = 1, queued tasks = 0, completed tasks = 0]
Hibernate: select p1_0.id,p1_0.avatar,p1_0.banned,p1_0.banned_at,p1_0.created,p1_0.degree_level,p1_0.display_name,p1_0.email,p1_0.experience,p1_0.last_login,p1_0.level,p1_0.password_hash,p1_0.role,p1_0.specialization,p1_0.student_id from players p1_0 where p1_0.email=?
Hibernate: select p1_0.id,p1_0.avatar,p1_0.banned,p1_0.banned_at,p1_0.created,p1_0.degree_level,p1_0.display_name,p1_0.email,p1_0.experience,p1_0.last_login,p1_0.level,p1_0.password_hash,p1_0.role,p1_0.specialization,p1_0.student_id from players p1_0 where p1_0.email=?
Hibernate: update players set avatar=?,banned=?,banned_at=?,created=?,degree_level=?,display_name=?,email=?,experience=?,last_login=?,level=?,password_hash=?,role=?,specialization=?,student_id=? where id=?
Hibernate: select p1_0.id,p1_0.avatar,p1_0.banned,p1_0.banned_at,p1_0.created,p1_0.degree_level,p1_0.display_name,p1_0.email,p1_0.experience,p1_0.last_login,p1_0.level,p1_0.password_hash,p1_0.role,p1_0.specialization,p1_0.student_id from players p1_0 where p1_0.email=?
Hibernate: select p1_0.id,p1_0.avatar,p1_0.banned,p1_0.banned_at,p1_0.created,p1_0.degree_level,p1_0.display_name,p1_0.email,p1_0.experience,p1_0.last_login,p1_0.level,p1_0.password_hash,p1_0.role,p1_0.specialization,p1_0.student_id from players p1_0 where p1_0.email=?
Hibernate: select p1_0.id,p1_0.avatar,p1_0.banned,p1_0.banned_at,p1_0.created,p1_0.degree_level,p1_0.display_name,p1_0.email,p1_0.experience,p1_0.last_login,p1_0.level,p1_0.password_hash,p1_0.role,p1_0.specialization,p1_0.student_id from players p1_0 where p1_0.email=?
Hibernate: select p1_0.id from players p1_0 where p1_0.email=? fetch first ? rows only
Hibernate: insert into players (avatar,banned,banned_at,created,degree_level,display_name,email,experience,last_login,level,password_hash,role,specialization,student_id,id) values (?,?,?,?,?,?,?,?,?,?,?,?,?,?,?)
Hibernate: select d1_0.id,d1_0.commander_card_id,d1_0.created_at,d1_0.format_code,d1_0.name,d1_0.player_id,d1_0.updated_at from decks d1_0 where d1_0.player_id=?
Hibernate: select c1_0.id,c1_0.colors,c1_0.commander_eligible,c1_0.discoverable,c1_0.forge_name,c1_0.image_url,c1_0.mana_value,c1_0.oracle_id,c1_0.ownership_type,c1_0.rarity,c1_0.set_code,c1_0.spawn_region,c1_0.types,c1_0.weight from cards c1_0 where c1_0.forge_name=?
Hibernate: select c1_0.id,c1_0.colors,c1_0.commander_eligible,c1_0.discoverable,c1_0.forge_name,c1_0.image_url,c1_0.mana_value,c1_0.oracle_id,c1_0.ownership_type,c1_0.rarity,c1_0.set_code,c1_0.spawn_region,c1_0.types,c1_0.weight from cards c1_0 where c1_0.forge_name=?
Hibernate: select c1_0.id,c1_0.colors,c1_0.commander_eligible,c1_0.discoverable,c1_0.forge_name,c1_0.image_url,c1_0.mana_value,c1_0.oracle_id,c1_0.ownership_type,c1_0.rarity,c1_0.set_code,c1_0.spawn_region,c1_0.types,c1_0.weight from cards c1_0 where c1_0.forge_name=?
Hibernate: select c1_0.id,c1_0.colors,c1_0.commander_eligible,c1_0.discoverable,c1_0.forge_name,c1_0.image_url,c1_0.mana_value,c1_0.oracle_id,c1_0.ownership_type,c1_0.rarity,c1_0.set_code,c1_0.spawn_region,c1_0.types,c1_0.weight from cards c1_0 where c1_0.forge_name=?
Hibernate: select c1_0.id,c1_0.colors,c1_0.commander_eligible,c1_0.discoverable,c1_0.forge_name,c1_0.image_url,c1_0.mana_value,c1_0.oracle_id,c1_0.ownership_type,c1_0.rarity,c1_0.set_code,c1_0.spawn_region,c1_0.types,c1_0.weight from cards c1_0 where c1_0.forge_name=?
Hibernate: select c1_0.id,c1_0.colors,c1_0.commander_eligible,c1_0.discoverable,c1_0.forge_name,c1_0.image_url,c1_0.mana_value,c1_0.oracle_id,c1_0.ownership_type,c1_0.rarity,c1_0.set_code,c1_0.spawn_region,c1_0.types,c1_0.weight from cards c1_0 where c1_0.forge_name=?
Hibernate: select c1_0.id,c1_0.colors,c1_0.commander_eligible,c1_0.discoverable,c1_0.forge_name,c1_0.image_url,c1_0.mana_value,c1_0.oracle_id,c1_0.ownership_type,c1_0.rarity,c1_0.set_code,c1_0.spawn_region,c1_0.types,c1_0.weight from cards c1_0 where c1_0.forge_name=?
Hibernate: select c1_0.id,c1_0.colors,c1_0.commander_eligible,c1_0.discoverable,c1_0.forge_name,c1_0.image_url,c1_0.mana_value,c1_0.oracle_id,c1_0.ownership_type,c1_0.rarity,c1_0.set_code,c1_0.spawn_region,c1_0.types,c1_0.weight from cards c1_0 where c1_0.forge_name=?
Hibernate: select c1_0.id,c1_0.colors,c1_0.commander_eligible,c1_0.discoverable,c1_0.forge_name,c1_0.image_url,c1_0.mana_value,c1_0.oracle_id,c1_0.ownership_type,c1_0.rarity,c1_0.set_code,c1_0.spawn_region,c1_0.types,c1_0.weight from cards c1_0 where c1_0.forge_name=?
Hibernate: select c1_0.id,c1_0.colors,c1_0.commander_eligible,c1_0.discoverable,c1_0.forge_name,c1_0.image_url,c1_0.mana_value,c1_0.oracle_id,c1_0.ownership_type,c1_0.rarity,c1_0.set_code,c1_0.spawn_region,c1_0.types,c1_0.weight from cards c1_0 where c1_0.forge_name=?
Hibernate: select c1_0.id,c1_0.colors,c1_0.commander_eligible,c1_0.discoverable,c1_0.forge_name,c1_0.image_url,c1_0.mana_value,c1_0.oracle_id,c1_0.ownership_type,c1_0.rarity,c1_0.set_code,c1_0.spawn_region,c1_0.types,c1_0.weight from cards c1_0 where c1_0.forge_name=?
Hibernate: select c1_0.id,c1_0.colors,c1_0.commander_eligible,c1_0.discoverable,c1_0.forge_name,c1_0.image_url,c1_0.mana_value,c1_0.oracle_id,c1_0.ownership_type,c1_0.rarity,c1_0.set_code,c1_0.spawn_region,c1_0.types,c1_0.weight from cards c1_0 where c1_0.forge_name=?
Hibernate: select c1_0.id,c1_0.colors,c1_0.commander_eligible,c1_0.discoverable,c1_0.forge_name,c1_0.image_url,c1_0.mana_value,c1_0.oracle_id,c1_0.ownership_type,c1_0.rarity,c1_0.set_code,c1_0.spawn_region,c1_0.types,c1_0.weight from cards c1_0 where c1_0.forge_name=?
Hibernate: select c1_0.id,c1_0.colors,c1_0.commander_eligible,c1_0.discoverable,c1_0.forge_name,c1_0.image_url,c1_0.mana_value,c1_0.oracle_id,c1_0.ownership_type,c1_0.rarity,c1_0.set_code,c1_0.spawn_region,c1_0.types,c1_0.weight from cards c1_0 where c1_0.forge_name=?
Hibernate: select c1_0.id,c1_0.colors,c1_0.commander_eligible,c1_0.discoverable,c1_0.forge_name,c1_0.image_url,c1_0.mana_value,c1_0.oracle_id,c1_0.ownership_type,c1_0.rarity,c1_0.set_code,c1_0.spawn_region,c1_0.types,c1_0.weight from cards c1_0 where c1_0.forge_name=?
Hibernate: select c1_0.id,c1_0.colors,c1_0.commander_eligible,c1_0.discoverable,c1_0.forge_name,c1_0.image_url,c1_0.mana_value,c1_0.oracle_id,c1_0.ownership_type,c1_0.rarity,c1_0.set_code,c1_0.spawn_region,c1_0.types,c1_0.weight from cards c1_0 where c1_0.forge_name=?
Hibernate: select c1_0.id,c1_0.colors,c1_0.commander_eligible,c1_0.discoverable,c1_0.forge_name,c1_0.image_url,c1_0.mana_value,c1_0.oracle_id,c1_0.ownership_type,c1_0.rarity,c1_0.set_code,c1_0.spawn_region,c1_0.types,c1_0.weight from cards c1_0 where c1_0.forge_name=?
Hibernate: select c1_0.id,c1_0.colors,c1_0.commander_eligible,c1_0.discoverable,c1_0.forge_name,c1_0.image_url,c1_0.mana_value,c1_0.oracle_id,c1_0.ownership_type,c1_0.rarity,c1_0.set_code,c1_0.spawn_region,c1_0.types,c1_0.weight from cards c1_0 where c1_0.forge_name=?
Hibernate: select c1_0.id,c1_0.colors,c1_0.commander_eligible,c1_0.discoverable,c1_0.forge_name,c1_0.image_url,c1_0.mana_value,c1_0.oracle_id,c1_0.ownership_type,c1_0.rarity,c1_0.set_code,c1_0.spawn_region,c1_0.types,c1_0.weight from cards c1_0 where c1_0.forge_name=?
Hibernate: select c1_0.id,c1_0.colors,c1_0.commander_eligible,c1_0.discoverable,c1_0.forge_name,c1_0.image_url,c1_0.mana_value,c1_0.oracle_id,c1_0.ownership_type,c1_0.rarity,c1_0.set_code,c1_0.spawn_region,c1_0.types,c1_0.weight from cards c1_0 where c1_0.forge_name=?
Hibernate: select c1_0.id,c1_0.colors,c1_0.commander_eligible,c1_0.discoverable,c1_0.forge_name,c1_0.image_url,c1_0.mana_value,c1_0.oracle_id,c1_0.ownership_type,c1_0.rarity,c1_0.set_code,c1_0.spawn_region,c1_0.types,c1_0.weight from cards c1_0 where c1_0.forge_name=?
Hibernate: select c1_0.id,c1_0.colors,c1_0.commander_eligible,c1_0.discoverable,c1_0.forge_name,c1_0.image_url,c1_0.mana_value,c1_0.oracle_id,c1_0.ownership_type,c1_0.rarity,c1_0.set_code,c1_0.spawn_region,c1_0.types,c1_0.weight from cards c1_0 where c1_0.forge_name=?
Hibernate: select pu1_0.id from player_unlocks pu1_0 where pu1_0.player_id=? and pu1_0.card_id=? fetch first ? rows only
Hibernate: select d1_0.id,d1_0.card_id,d1_0.count,d1_0.last_discovered,d1_0.player_id from discoveries d1_0 where d1_0.player_id=? and d1_0.card_id=?
Hibernate: insert into player_unlocks (card_id,player_id,unlocked_at,id) values (?,?,?,?)
Hibernate: insert into discoveries (card_id,count,last_discovered,player_id,id) values (?,?,?,?,?)
Hibernate: select pu1_0.id from player_unlocks pu1_0 where pu1_0.player_id=? and pu1_0.card_id=? fetch first ? rows only
Hibernate: select d1_0.id,d1_0.card_id,d1_0.count,d1_0.last_discovered,d1_0.player_id from discoveries d1_0 where d1_0.player_id=? and d1_0.card_id=?
Hibernate: insert into player_unlocks (card_id,player_id,unlocked_at,id) values (?,?,?,?)
Hibernate: insert into discoveries (card_id,count,last_discovered,player_id,id) values (?,?,?,?,?)
Hibernate: select pu1_0.id from player_unlocks pu1_0 where pu1_0.player_id=? and pu1_0.card_id=? fetch first ? rows only
Hibernate: select d1_0.id,d1_0.card_id,d1_0.count,d1_0.last_discovered,d1_0.player_id from discoveries d1_0 where d1_0.player_id=? and d1_0.card_id=?
Hibernate: insert into player_unlocks (card_id,player_id,unlocked_at,id) values (?,?,?,?)
Hibernate: insert into discoveries (card_id,count,last_discovered,player_id,id) values (?,?,?,?,?)
Hibernate: select pu1_0.id from player_unlocks pu1_0 where pu1_0.player_id=? and pu1_0.card_id=? fetch first ? rows only
Hibernate: select d1_0.id,d1_0.card_id,d1_0.count,d1_0.last_discovered,d1_0.player_id from discoveries d1_0 where d1_0.player_id=? and d1_0.card_id=?
Hibernate: insert into player_unlocks (card_id,player_id,unlocked_at,id) values (?,?,?,?)
Hibernate: insert into discoveries (card_id,count,last_discovered,player_id,id) values (?,?,?,?,?)
Hibernate: select pu1_0.id from player_unlocks pu1_0 where pu1_0.player_id=? and pu1_0.card_id=? fetch first ? rows only
Hibernate: select d1_0.id,d1_0.card_id,d1_0.count,d1_0.last_discovered,d1_0.player_id from discoveries d1_0 where d1_0.player_id=? and d1_0.card_id=?
Hibernate: insert into player_unlocks (card_id,player_id,unlocked_at,id) values (?,?,?,?)
Hibernate: insert into discoveries (card_id,count,last_discovered,player_id,id) values (?,?,?,?,?)
Hibernate: select pu1_0.id from player_unlocks pu1_0 where pu1_0.player_id=? and pu1_0.card_id=? fetch first ? rows only
Hibernate: select d1_0.id,d1_0.card_id,d1_0.count,d1_0.last_discovered,d1_0.player_id from discoveries d1_0 where d1_0.player_id=? and d1_0.card_id=?
Hibernate: insert into player_unlocks (card_id,player_id,unlocked_at,id) values (?,?,?,?)
Hibernate: insert into discoveries (card_id,count,last_discovered,player_id,id) values (?,?,?,?,?)
Hibernate: select pu1_0.id from player_unlocks pu1_0 where pu1_0.player_id=? and pu1_0.card_id=? fetch first ? rows only
Hibernate: select d1_0.id,d1_0.card_id,d1_0.count,d1_0.last_discovered,d1_0.player_id from discoveries d1_0 where d1_0.player_id=? and d1_0.card_id=?
Hibernate: insert into player_unlocks (card_id,player_id,unlocked_at,id) values (?,?,?,?)
Hibernate: insert into discoveries (card_id,count,last_discovered,player_id,id) values (?,?,?,?,?)
Hibernate: select pu1_0.id from player_unlocks pu1_0 where pu1_0.player_id=? and pu1_0.card_id=? fetch first ? rows only
Hibernate: select d1_0.id,d1_0.card_id,d1_0.count,d1_0.last_discovered,d1_0.player_id from discoveries d1_0 where d1_0.player_id=? and d1_0.card_id=?
Hibernate: insert into player_unlocks (card_id,player_id,unlocked_at,id) values (?,?,?,?)
Hibernate: insert into discoveries (card_id,count,last_discovered,player_id,id) values (?,?,?,?,?)
Hibernate: select pu1_0.id from player_unlocks pu1_0 where pu1_0.player_id=? and pu1_0.card_id=? fetch first ? rows only
Hibernate: select d1_0.id,d1_0.card_id,d1_0.count,d1_0.last_discovered,d1_0.player_id from discoveries d1_0 where d1_0.player_id=? and d1_0.card_id=?
Hibernate: insert into player_unlocks (card_id,player_id,unlocked_at,id) values (?,?,?,?)
Hibernate: insert into discoveries (card_id,count,last_discovered,player_id,id) values (?,?,?,?,?)
Hibernate: select pu1_0.id from player_unlocks pu1_0 where pu1_0.player_id=? and pu1_0.card_id=? fetch first ? rows only
Hibernate: select d1_0.id,d1_0.card_id,d1_0.count,d1_0.last_discovered,d1_0.player_id from discoveries d1_0 where d1_0.player_id=? and d1_0.card_id=?
Hibernate: insert into player_unlocks (card_id,player_id,unlocked_at,id) values (?,?,?,?)
Hibernate: insert into discoveries (card_id,count,last_discovered,player_id,id) values (?,?,?,?,?)
Hibernate: select pu1_0.id from player_unlocks pu1_0 where pu1_0.player_id=? and pu1_0.card_id=? fetch first ? rows only
Hibernate: select d1_0.id,d1_0.card_id,d1_0.count,d1_0.last_discovered,d1_0.player_id from discoveries d1_0 where d1_0.player_id=? and d1_0.card_id=?
Hibernate: insert into player_unlocks (card_id,player_id,unlocked_at,id) values (?,?,?,?)
Hibernate: insert into discoveries (card_id,count,last_discovered,player_id,id) values (?,?,?,?,?)
Hibernate: select pu1_0.id from player_unlocks pu1_0 where pu1_0.player_id=? and pu1_0.card_id=? fetch first ? rows only
Hibernate: select d1_0.id,d1_0.card_id,d1_0.count,d1_0.last_discovered,d1_0.player_id from discoveries d1_0 where d1_0.player_id=? and d1_0.card_id=?
Hibernate: insert into player_unlocks (card_id,player_id,unlocked_at,id) values (?,?,?,?)
Hibernate: insert into discoveries (card_id,count,last_discovered,player_id,id) values (?,?,?,?,?)
Hibernate: select pu1_0.id from player_unlocks pu1_0 where pu1_0.player_id=? and pu1_0.card_id=? fetch first ? rows only
Hibernate: select d1_0.id,d1_0.card_id,d1_0.count,d1_0.last_discovered,d1_0.player_id from discoveries d1_0 where d1_0.player_id=? and d1_0.card_id=?
Hibernate: insert into player_unlocks (card_id,player_id,unlocked_at,id) values (?,?,?,?)
Hibernate: insert into discoveries (card_id,count,last_discovered,player_id,id) values (?,?,?,?,?)
Hibernate: select pu1_0.id from player_unlocks pu1_0 where pu1_0.player_id=? and pu1_0.card_id=? fetch first ? rows only
Hibernate: select d1_0.id,d1_0.card_id,d1_0.count,d1_0.last_discovered,d1_0.player_id from discoveries d1_0 where d1_0.player_id=? and d1_0.card_id=?
Hibernate: insert into player_unlocks (card_id,player_id,unlocked_at,id) values (?,?,?,?)
Hibernate: insert into discoveries (card_id,count,last_discovered,player_id,id) values (?,?,?,?,?)
Hibernate: select pu1_0.id from player_unlocks pu1_0 where pu1_0.player_id=? and pu1_0.card_id=? fetch first ? rows only
Hibernate: select d1_0.id,d1_0.card_id,d1_0.count,d1_0.last_discovered,d1_0.player_id from discoveries d1_0 where d1_0.player_id=? and d1_0.card_id=?
Hibernate: insert into player_unlocks (card_id,player_id,unlocked_at,id) values (?,?,?,?)
Hibernate: insert into discoveries (card_id,count,last_discovered,player_id,id) values (?,?,?,?,?)
Hibernate: select pu1_0.id from player_unlocks pu1_0 where pu1_0.player_id=? and pu1_0.card_id=? fetch first ? rows only
Hibernate: select d1_0.id,d1_0.card_id,d1_0.count,d1_0.last_discovered,d1_0.player_id from discoveries d1_0 where d1_0.player_id=? and d1_0.card_id=?
Hibernate: insert into player_unlocks (card_id,player_id,unlocked_at,id) values (?,?,?,?)
Hibernate: insert into discoveries (card_id,count,last_discovered,player_id,id) values (?,?,?,?,?)
Hibernate: select pu1_0.id from player_unlocks pu1_0 where pu1_0.player_id=? and pu1_0.card_id=? fetch first ? rows only
Hibernate: select d1_0.id,d1_0.card_id,d1_0.count,d1_0.last_discovered,d1_0.player_id from discoveries d1_0 where d1_0.player_id=? and d1_0.card_id=?
Hibernate: insert into player_unlocks (card_id,player_id,unlocked_at,id) values (?,?,?,?)
Hibernate: insert into discoveries (card_id,count,last_discovered,player_id,id) values (?,?,?,?,?)
Hibernate: select pu1_0.id from player_unlocks pu1_0 where pu1_0.player_id=? and pu1_0.card_id=? fetch first ? rows only
Hibernate: select d1_0.id,d1_0.card_id,d1_0.count,d1_0.last_discovered,d1_0.player_id from discoveries d1_0 where d1_0.player_id=? and d1_0.card_id=?
Hibernate: insert into player_unlocks (card_id,player_id,unlocked_at,id) values (?,?,?,?)
Hibernate: insert into discoveries (card_id,count,last_discovered,player_id,id) values (?,?,?,?,?)
Hibernate: select pu1_0.id from player_unlocks pu1_0 where pu1_0.player_id=? and pu1_0.card_id=? fetch first ? rows only
Hibernate: select d1_0.id,d1_0.card_id,d1_0.count,d1_0.last_discovered,d1_0.player_id from discoveries d1_0 where d1_0.player_id=? and d1_0.card_id=?
Hibernate: insert into player_unlocks (card_id,player_id,unlocked_at,id) values (?,?,?,?)
Hibernate: insert into discoveries (card_id,count,last_discovered,player_id,id) values (?,?,?,?,?)
Hibernate: select pu1_0.id from player_unlocks pu1_0 where pu1_0.player_id=? and pu1_0.card_id=? fetch first ? rows only
Hibernate: select d1_0.id,d1_0.card_id,d1_0.count,d1_0.last_discovered,d1_0.player_id from discoveries d1_0 where d1_0.player_id=? and d1_0.card_id=?
Hibernate: insert into player_unlocks (card_id,player_id,unlocked_at,id) values (?,?,?,?)
Hibernate: insert into discoveries (card_id,count,last_discovered,player_id,id) values (?,?,?,?,?)
Hibernate: insert into decks (commander_card_id,created_at,format_code,name,player_id,updated_at,id) values (?,?,?,?,?,?,?)
Hibernate: insert into deck_cards (card_id,deck_id,quantity,id) values (?,?,?,?)
Hibernate: insert into deck_cards (card_id,deck_id,quantity,id) values (?,?,?,?)
Hibernate: insert into deck_cards (card_id,deck_id,quantity,id) values (?,?,?,?)
Hibernate: insert into deck_cards (card_id,deck_id,quantity,id) values (?,?,?,?)
Hibernate: insert into deck_cards (card_id,deck_id,quantity,id) values (?,?,?,?)
Hibernate: insert into deck_cards (card_id,deck_id,quantity,id) values (?,?,?,?)
Hibernate: insert into deck_cards (card_id,deck_id,quantity,id) values (?,?,?,?)
Hibernate: insert into deck_cards (card_id,deck_id,quantity,id) values (?,?,?,?)
Hibernate: insert into deck_cards (card_id,deck_id,quantity,id) values (?,?,?,?)
Hibernate: insert into deck_cards (card_id,deck_id,quantity,id) values (?,?,?,?)
Hibernate: insert into deck_cards (card_id,deck_id,quantity,id) values (?,?,?,?)
Hibernate: insert into deck_cards (card_id,deck_id,quantity,id) values (?,?,?,?)
Hibernate: insert into deck_cards (card_id,deck_id,quantity,id) values (?,?,?,?)
Hibernate: insert into deck_cards (card_id,deck_id,quantity,id) values (?,?,?,?)
Hibernate: insert into deck_cards (card_id,deck_id,quantity,id) values (?,?,?,?)
Hibernate: insert into deck_cards (card_id,deck_id,quantity,id) values (?,?,?,?)
Hibernate: insert into deck_cards (card_id,deck_id,quantity,id) values (?,?,?,?)
Hibernate: insert into deck_cards (card_id,deck_id,quantity,id) values (?,?,?,?)
Hibernate: insert into deck_cards (card_id,deck_id,quantity,id) values (?,?,?,?)
Hibernate: insert into deck_cards (card_id,deck_id,quantity,id) values (?,?,?,?)
Hibernate: insert into deck_cards (card_id,deck_id,quantity,id) values (?,?,?,?)
Hibernate: insert into deck_cards (card_id,deck_id,quantity,id) values (?,?,?,?)
Hibernate: select p1_0.id,p1_0.avatar,p1_0.banned,p1_0.banned_at,p1_0.created,p1_0.degree_level,p1_0.display_name,p1_0.email,p1_0.experience,p1_0.last_login,p1_0.level,p1_0.password_hash,p1_0.role,p1_0.specialization,p1_0.student_id from players p1_0 where p1_0.email=?
Hibernate: select p1_0.id,p1_0.avatar,p1_0.banned,p1_0.banned_at,p1_0.created,p1_0.degree_level,p1_0.display_name,p1_0.email,p1_0.experience,p1_0.last_login,p1_0.level,p1_0.password_hash,p1_0.role,p1_0.specialization,p1_0.student_id from players p1_0 where p1_0.email=?
Hibernate: select c1_0.id,c1_0.colors,c1_0.commander_eligible,c1_0.discoverable,c1_0.forge_name,c1_0.image_url,c1_0.mana_value,c1_0.oracle_id,c1_0.ownership_type,c1_0.rarity,c1_0.set_code,c1_0.spawn_region,c1_0.types,c1_0.weight from cards c1_0
Hibernate: select p1_0.id,p1_0.avatar,p1_0.banned,p1_0.banned_at,p1_0.created,p1_0.degree_level,p1_0.display_name,p1_0.email,p1_0.experience,p1_0.last_login,p1_0.level,p1_0.password_hash,p1_0.role,p1_0.specialization,p1_0.student_id from players p1_0 where p1_0.id=?
Hibernate: select c1_0.id,c1_0.colors,c1_0.commander_eligible,c1_0.discoverable,c1_0.forge_name,c1_0.image_url,c1_0.mana_value,c1_0.oracle_id,c1_0.ownership_type,c1_0.rarity,c1_0.set_code,c1_0.spawn_region,c1_0.types,c1_0.weight from cards c1_0
Hibernate: select d1_0.id,d1_0.card_id,d1_0.count,d1_0.last_discovered,d1_0.player_id from discoveries d1_0 where d1_0.player_id=?
Hibernate: select f1_0.id,f1_0.card_id,f1_0.created_at,f1_0.player_id from favorites f1_0 where f1_0.player_id=?
Hibernate: select pu1_0.id,pu1_0.card_id,pu1_0.player_id,pu1_0.unlocked_at from player_unlocks pu1_0 where pu1_0.player_id=?
Hibernate: select pu1_0.id,pu1_0.card_id,pu1_0.player_id,pu1_0.unlocked_at from player_unlocks pu1_0 where pu1_0.player_id=?
Hibernate: select pu1_0.id,pu1_0.card_id,pu1_0.player_id,pu1_0.unlocked_at from player_unlocks pu1_0 where pu1_0.player_id=?
Hibernate: select pu1_0.id,pu1_0.card_id,pu1_0.player_id,pu1_0.unlocked_at from player_unlocks pu1_0 where pu1_0.player_id=?
Hibernate: select pu1_0.id,pu1_0.card_id,pu1_0.player_id,pu1_0.unlocked_at from player_unlocks pu1_0 where pu1_0.player_id=?
Hibernate: select pu1_0.id,pu1_0.card_id,pu1_0.player_id,pu1_0.unlocked_at from player_unlocks pu1_0 where pu1_0.player_id=?
Hibernate: select pu1_0.id,pu1_0.card_id,pu1_0.player_id,pu1_0.unlocked_at from player_unlocks pu1_0 where pu1_0.player_id=?
Hibernate: select uc1_0.physical_uuid,uc1_0.card_id,uc1_0.claimed_at,uc1_0.history,uc1_0.owner_id,uc1_0.serial_number from unique_cards uc1_0 where uc1_0.owner_id=?
Hibernate: select uc1_0.physical_uuid,uc1_0.card_id,uc1_0.claimed_at,uc1_0.history,uc1_0.owner_id,uc1_0.serial_number from unique_cards uc1_0 where uc1_0.owner_id=?
Hibernate: select pu1_0.id,pu1_0.card_id,pu1_0.player_id,pu1_0.unlocked_at from player_unlocks pu1_0 where pu1_0.player_id=?
Hibernate: select uc1_0.physical_uuid,uc1_0.card_id,uc1_0.claimed_at,uc1_0.history,uc1_0.owner_id,uc1_0.serial_number from unique_cards uc1_0 where uc1_0.owner_id=?
Hibernate: select pu1_0.id,pu1_0.card_id,pu1_0.player_id,pu1_0.unlocked_at from player_unlocks pu1_0 where pu1_0.player_id=?
Hibernate: select pu1_0.id,pu1_0.card_id,pu1_0.player_id,pu1_0.unlocked_at from player_unlocks pu1_0 where pu1_0.player_id=?
Hibernate: select pu1_0.id,pu1_0.card_id,pu1_0.player_id,pu1_0.unlocked_at from player_unlocks pu1_0 where pu1_0.player_id=?
Hibernate: select pu1_0.id,pu1_0.card_id,pu1_0.player_id,pu1_0.unlocked_at from player_unlocks pu1_0 where pu1_0.player_id=?
Hibernate: select pu1_0.id,pu1_0.card_id,pu1_0.player_id,pu1_0.unlocked_at from player_unlocks pu1_0 where pu1_0.player_id=?
Hibernate: select pu1_0.id,pu1_0.card_id,pu1_0.player_id,pu1_0.unlocked_at from player_unlocks pu1_0 where pu1_0.player_id=?
Hibernate: select pu1_0.id,pu1_0.card_id,pu1_0.player_id,pu1_0.unlocked_at from player_unlocks pu1_0 where pu1_0.player_id=?
Hibernate: select pu1_0.id,pu1_0.card_id,pu1_0.player_id,pu1_0.unlocked_at from player_unlocks pu1_0 where pu1_0.player_id=?
Hibernate: select pu1_0.id,pu1_0.card_id,pu1_0.player_id,pu1_0.unlocked_at from player_unlocks pu1_0 where pu1_0.player_id=?
Hibernate: select pu1_0.id,pu1_0.card_id,pu1_0.player_id,pu1_0.unlocked_at from player_unlocks pu1_0 where pu1_0.player_id=?
Hibernate: select pu1_0.id,pu1_0.card_id,pu1_0.player_id,pu1_0.unlocked_at from player_unlocks pu1_0 where pu1_0.player_id=?
Hibernate: select pu1_0.id,pu1_0.card_id,pu1_0.player_id,pu1_0.unlocked_at from player_unlocks pu1_0 where pu1_0.player_id=?
Hibernate: select pu1_0.id,pu1_0.card_id,pu1_0.player_id,pu1_0.unlocked_at from player_unlocks pu1_0 where pu1_0.player_id=?
Hibernate: select pu1_0.id,pu1_0.card_id,pu1_0.player_id,pu1_0.unlocked_at from player_unlocks pu1_0 where pu1_0.player_id=?
Hibernate: select pu1_0.id,pu1_0.card_id,pu1_0.player_id,pu1_0.unlocked_at from player_unlocks pu1_0 where pu1_0.player_id=?
Hibernate: select p1_0.id from players p1_0 where p1_0.email=? fetch first ? rows only
Hibernate: select p1_0.id from players p1_0 where p1_0.email=? fetch first ? rows only
Hibernate: select p1_0.id from players p1_0 where p1_0.email=? fetch first ? rows only
Hibernate: select p1_0.id from players p1_0 where p1_0.email=? fetch first ? rows only
Hibernate: select p1_0.id from players p1_0 where p1_0.email=? fetch first ? rows only
Hibernate: select p1_0.id from players p1_0 where p1_0.email=? fetch first ? rows only
Hibernate: select p1_0.id from players p1_0 where p1_0.email=? fetch first ? rows only
Hibernate: select p1_0.id,p1_0.avatar,p1_0.banned,p1_0.banned_at,p1_0.created,p1_0.degree_level,p1_0.display_name,p1_0.email,p1_0.experience,p1_0.last_login,p1_0.level,p1_0.password_hash,p1_0.role,p1_0.specialization,p1_0.student_id from players p1_0 where p1_0.email=?
Hibernate: select p1_0.id,p1_0.avatar,p1_0.banned,p1_0.banned_at,p1_0.created,p1_0.degree_level,p1_0.display_name,p1_0.email,p1_0.experience,p1_0.last_login,p1_0.level,p1_0.password_hash,p1_0.role,p1_0.specialization,p1_0.student_id from players p1_0 where p1_0.email=?
Hibernate: update players set avatar=?,banned=?,banned_at=?,created=?,degree_level=?,display_name=?,email=?,experience=?,last_login=?,level=?,password_hash=?,role=?,specialization=?,student_id=? where id=?
Hibernate: select p1_0.id,p1_0.avatar,p1_0.banned,p1_0.banned_at,p1_0.created,p1_0.degree_level,p1_0.display_name,p1_0.email,p1_0.experience,p1_0.last_login,p1_0.level,p1_0.password_hash,p1_0.role,p1_0.specialization,p1_0.student_id from players p1_0 where p1_0.email=?
Hibernate: select p1_0.id,p1_0.avatar,p1_0.banned,p1_0.banned_at,p1_0.created,p1_0.degree_level,p1_0.display_name,p1_0.email,p1_0.experience,p1_0.last_login,p1_0.level,p1_0.password_hash,p1_0.role,p1_0.specialization,p1_0.student_id from players p1_0 where p1_0.email=?
Hibernate: select p1_0.id,p1_0.avatar,p1_0.banned,p1_0.banned_at,p1_0.created,p1_0.degree_level,p1_0.display_name,p1_0.email,p1_0.experience,p1_0.last_login,p1_0.level,p1_0.password_hash,p1_0.role,p1_0.specialization,p1_0.student_id from players p1_0 where p1_0.id=?
Hibernate: select c1_0.id,c1_0.colors,c1_0.commander_eligible,c1_0.discoverable,c1_0.forge_name,c1_0.image_url,c1_0.mana_value,c1_0.oracle_id,c1_0.ownership_type,c1_0.rarity,c1_0.set_code,c1_0.spawn_region,c1_0.types,c1_0.weight from cards c1_0
Hibernate: select c1_0.id,c1_0.colors,c1_0.commander_eligible,c1_0.discoverable,c1_0.forge_name,c1_0.image_url,c1_0.mana_value,c1_0.oracle_id,c1_0.ownership_type,c1_0.rarity,c1_0.set_code,c1_0.spawn_region,c1_0.types,c1_0.weight from cards c1_0
Hibernate: select d1_0.id,d1_0.card_id,d1_0.count,d1_0.last_discovered,d1_0.player_id from discoveries d1_0 where d1_0.player_id=?
Hibernate: select f1_0.id,f1_0.card_id,f1_0.created_at,f1_0.player_id from favorites f1_0 where f1_0.player_id=?
Hibernate: select pu1_0.id,pu1_0.card_id,pu1_0.player_id,pu1_0.unlocked_at from player_unlocks pu1_0 where pu1_0.player_id=?
Hibernate: select pu1_0.id,pu1_0.card_id,pu1_0.player_id,pu1_0.unlocked_at from player_unlocks pu1_0 where pu1_0.player_id=?
Hibernate: select pu1_0.id,pu1_0.card_id,pu1_0.player_id,pu1_0.unlocked_at from player_unlocks pu1_0 where pu1_0.player_id=?
Hibernate: select pu1_0.id,pu1_0.card_id,pu1_0.player_id,pu1_0.unlocked_at from player_unlocks pu1_0 where pu1_0.player_id=?
Hibernate: select pu1_0.id,pu1_0.card_id,pu1_0.player_id,pu1_0.unlocked_at from player_unlocks pu1_0 where pu1_0.player_id=?
Hibernate: select pu1_0.id,pu1_0.card_id,pu1_0.player_id,pu1_0.unlocked_at from player_unlocks pu1_0 where pu1_0.player_id=?
Hibernate: select pu1_0.id,pu1_0.card_id,pu1_0.player_id,pu1_0.unlocked_at from player_unlocks pu1_0 where pu1_0.player_id=?
Hibernate: select uc1_0.physical_uuid,uc1_0.card_id,uc1_0.claimed_at,uc1_0.history,uc1_0.owner_id,uc1_0.serial_number from unique_cards uc1_0 where uc1_0.owner_id=?
Hibernate: select uc1_0.physical_uuid,uc1_0.card_id,uc1_0.claimed_at,uc1_0.history,uc1_0.owner_id,uc1_0.serial_number from unique_cards uc1_0 where uc1_0.owner_id=?
Hibernate: select pu1_0.id,pu1_0.card_id,pu1_0.player_id,pu1_0.unlocked_at from player_unlocks pu1_0 where pu1_0.player_id=?
Hibernate: select uc1_0.physical_uuid,uc1_0.card_id,uc1_0.claimed_at,uc1_0.history,uc1_0.owner_id,uc1_0.serial_number from unique_cards uc1_0 where uc1_0.owner_id=?
Hibernate: select pu1_0.id,pu1_0.card_id,pu1_0.player_id,pu1_0.unlocked_at from player_unlocks pu1_0 where pu1_0.player_id=?
Hibernate: select pu1_0.id,pu1_0.card_id,pu1_0.player_id,pu1_0.unlocked_at from player_unlocks pu1_0 where pu1_0.player_id=?
Hibernate: select pu1_0.id,pu1_0.card_id,pu1_0.player_id,pu1_0.unlocked_at from player_unlocks pu1_0 where pu1_0.player_id=?
Hibernate: select pu1_0.id,pu1_0.card_id,pu1_0.player_id,pu1_0.unlocked_at from player_unlocks pu1_0 where pu1_0.player_id=?
Hibernate: select pu1_0.id,pu1_0.card_id,pu1_0.player_id,pu1_0.unlocked_at from player_unlocks pu1_0 where pu1_0.player_id=?
Hibernate: select pu1_0.id,pu1_0.card_id,pu1_0.player_id,pu1_0.unlocked_at from player_unlocks pu1_0 where pu1_0.player_id=?
Hibernate: select pu1_0.id,pu1_0.card_id,pu1_0.player_id,pu1_0.unlocked_at from player_unlocks pu1_0 where pu1_0.player_id=?
Hibernate: select pu1_0.id,pu1_0.card_id,pu1_0.player_id,pu1_0.unlocked_at from player_unlocks pu1_0 where pu1_0.player_id=?
Hibernate: select pu1_0.id,pu1_0.card_id,pu1_0.player_id,pu1_0.unlocked_at from player_unlocks pu1_0 where pu1_0.player_id=?
Hibernate: select pu1_0.id,pu1_0.card_id,pu1_0.player_id,pu1_0.unlocked_at from player_unlocks pu1_0 where pu1_0.player_id=?
Hibernate: select pu1_0.id,pu1_0.card_id,pu1_0.player_id,pu1_0.unlocked_at from player_unlocks pu1_0 where pu1_0.player_id=?
Hibernate: select pu1_0.id,pu1_0.card_id,pu1_0.player_id,pu1_0.unlocked_at from player_unlocks pu1_0 where pu1_0.player_id=?
Hibernate: select pu1_0.id,pu1_0.card_id,pu1_0.player_id,pu1_0.unlocked_at from player_unlocks pu1_0 where pu1_0.player_id=?
Hibernate: select pu1_0.id,pu1_0.card_id,pu1_0.player_id,pu1_0.unlocked_at from player_unlocks pu1_0 where pu1_0.player_id=?
Hibernate: select pu1_0.id,pu1_0.card_id,pu1_0.player_id,pu1_0.unlocked_at from player_unlocks pu1_0 where pu1_0.player_id=?
Hibernate: select p1_0.id,p1_0.avatar,p1_0.banned,p1_0.banned_at,p1_0.created,p1_0.degree_level,p1_0.display_name,p1_0.email,p1_0.experience,p1_0.last_login,p1_0.level,p1_0.password_hash,p1_0.role,p1_0.specialization,p1_0.student_id from players p1_0 where p1_0.email=?
Hibernate: select p1_0.id,p1_0.avatar,p1_0.banned,p1_0.banned_at,p1_0.created,p1_0.degree_level,p1_0.display_name,p1_0.email,p1_0.experience,p1_0.last_login,p1_0.level,p1_0.password_hash,p1_0.role,p1_0.specialization,p1_0.student_id from players p1_0 where p1_0.email=?
Hibernate: select p1_0.id,p1_0.avatar,p1_0.banned,p1_0.banned_at,p1_0.created,p1_0.degree_level,p1_0.display_name,p1_0.email,p1_0.experience,p1_0.last_login,p1_0.level,p1_0.password_hash,p1_0.role,p1_0.specialization,p1_0.student_id from players p1_0 where p1_0.email=?
Hibernate: select p1_0.id,p1_0.avatar,p1_0.banned,p1_0.banned_at,p1_0.created,p1_0.degree_level,p1_0.display_name,p1_0.email,p1_0.experience,p1_0.last_login,p1_0.level,p1_0.password_hash,p1_0.role,p1_0.specialization,p1_0.student_id from players p1_0 where p1_0.id=?
Hibernate: select c1_0.id,c1_0.colors,c1_0.commander_eligible,c1_0.discoverable,c1_0.forge_name,c1_0.image_url,c1_0.mana_value,c1_0.oracle_id,c1_0.ownership_type,c1_0.rarity,c1_0.set_code,c1_0.spawn_region,c1_0.types,c1_0.weight from cards c1_0
Hibernate: select c1_0.id,c1_0.colors,c1_0.commander_eligible,c1_0.discoverable,c1_0.forge_name,c1_0.image_url,c1_0.mana_value,c1_0.oracle_id,c1_0.ownership_type,c1_0.rarity,c1_0.set_code,c1_0.spawn_region,c1_0.types,c1_0.weight from cards c1_0
Hibernate: select p1_0.id,p1_0.avatar,p1_0.banned,p1_0.banned_at,p1_0.created,p1_0.degree_level,p1_0.display_name,p1_0.email,p1_0.experience,p1_0.last_login,p1_0.level,p1_0.password_hash,p1_0.role,p1_0.specialization,p1_0.student_id from players p1_0 where p1_0.id=?
Hibernate: select d1_0.id,d1_0.card_id,d1_0.count,d1_0.last_discovered,d1_0.player_id from discoveries d1_0 where d1_0.player_id=?
Hibernate: select f1_0.id,f1_0.card_id,f1_0.created_at,f1_0.player_id from favorites f1_0 where f1_0.player_id=?
Hibernate: select pu1_0.id,pu1_0.card_id,pu1_0.player_id,pu1_0.unlocked_at from player_unlocks pu1_0 where pu1_0.player_id=?
Hibernate: select d1_0.id,d1_0.commander_card_id,d1_0.created_at,d1_0.format_code,d1_0.name,d1_0.player_id,d1_0.updated_at from decks d1_0 where d1_0.player_id=?
Hibernate: select pu1_0.id,pu1_0.card_id,pu1_0.player_id,pu1_0.unlocked_at from player_unlocks pu1_0 where pu1_0.player_id=?
Hibernate: select pu1_0.id,pu1_0.card_id,pu1_0.player_id,pu1_0.unlocked_at from player_unlocks pu1_0 where pu1_0.player_id=?
Hibernate: select pu1_0.id,pu1_0.card_id,pu1_0.player_id,pu1_0.unlocked_at from player_unlocks pu1_0 where pu1_0.player_id=?
Hibernate: select pu1_0.id,pu1_0.card_id,pu1_0.player_id,pu1_0.unlocked_at from player_unlocks pu1_0 where pu1_0.player_id=?
Hibernate: select pu1_0.id,pu1_0.card_id,pu1_0.player_id,pu1_0.unlocked_at from player_unlocks pu1_0 where pu1_0.player_id=?
Hibernate: select pu1_0.id,pu1_0.card_id,pu1_0.player_id,pu1_0.unlocked_at from player_unlocks pu1_0 where pu1_0.player_id=?
Hibernate: select uc1_0.physical_uuid,uc1_0.card_id,uc1_0.claimed_at,uc1_0.history,uc1_0.owner_id,uc1_0.serial_number from unique_cards uc1_0 where uc1_0.owner_id=?
Hibernate: select uc1_0.physical_uuid,uc1_0.card_id,uc1_0.claimed_at,uc1_0.history,uc1_0.owner_id,uc1_0.serial_number from unique_cards uc1_0 where uc1_0.owner_id=?
Hibernate: select pu1_0.id,pu1_0.card_id,pu1_0.player_id,pu1_0.unlocked_at from player_unlocks pu1_0 where pu1_0.player_id=?
Hibernate: select uc1_0.physical_uuid,uc1_0.card_id,uc1_0.claimed_at,uc1_0.history,uc1_0.owner_id,uc1_0.serial_number from unique_cards uc1_0 where uc1_0.owner_id=?
Hibernate: select pu1_0.id,pu1_0.card_id,pu1_0.player_id,pu1_0.unlocked_at from player_unlocks pu1_0 where pu1_0.player_id=?
Hibernate: select pu1_0.id,pu1_0.card_id,pu1_0.player_id,pu1_0.unlocked_at from player_unlocks pu1_0 where pu1_0.player_id=?
Hibernate: select c1_0.deck_id,c1_0.id,c1_0.card_id,c1_0.quantity from deck_cards c1_0 where c1_0.deck_id=?
Hibernate: select pu1_0.id,pu1_0.card_id,pu1_0.player_id,pu1_0.unlocked_at from player_unlocks pu1_0 where pu1_0.player_id=?
Hibernate: select pu1_0.id,pu1_0.card_id,pu1_0.player_id,pu1_0.unlocked_at from player_unlocks pu1_0 where pu1_0.player_id=?
Hibernate: select pu1_0.id,pu1_0.card_id,pu1_0.player_id,pu1_0.unlocked_at from player_unlocks pu1_0 where pu1_0.player_id=?
Hibernate: select pu1_0.id,pu1_0.card_id,pu1_0.player_id,pu1_0.unlocked_at from player_unlocks pu1_0 where pu1_0.player_id=?
Hibernate: select pu1_0.id,pu1_0.card_id,pu1_0.player_id,pu1_0.unlocked_at from player_unlocks pu1_0 where pu1_0.player_id=?
Hibernate: select pu1_0.id,pu1_0.card_id,pu1_0.player_id,pu1_0.unlocked_at from player_unlocks pu1_0 where pu1_0.player_id=?
Hibernate: select pu1_0.id,pu1_0.card_id,pu1_0.player_id,pu1_0.unlocked_at from player_unlocks pu1_0 where pu1_0.player_id=?
Hibernate: select pu1_0.id,pu1_0.card_id,pu1_0.player_id,pu1_0.unlocked_at from player_unlocks pu1_0 where pu1_0.player_id=?
Hibernate: select pu1_0.id,pu1_0.card_id,pu1_0.player_id,pu1_0.unlocked_at from player_unlocks pu1_0 where pu1_0.player_id=?
Hibernate: select pu1_0.id,pu1_0.card_id,pu1_0.player_id,pu1_0.unlocked_at from player_unlocks pu1_0 where pu1_0.player_id=?
Hibernate: select pu1_0.id,pu1_0.card_id,pu1_0.player_id,pu1_0.unlocked_at from player_unlocks pu1_0 where pu1_0.player_id=?
Hibernate: select pu1_0.id,pu1_0.card_id,pu1_0.player_id,pu1_0.unlocked_at from player_unlocks pu1_0 where pu1_0.player_id=?
Hibernate: select pu1_0.id,pu1_0.card_id,pu1_0.player_id,pu1_0.unlocked_at from player_unlocks pu1_0 where pu1_0.player_id=?
Hibernate: select c1_0.id,c1_0.colors,c1_0.commander_eligible,c1_0.discoverable,c1_0.forge_name,c1_0.image_url,c1_0.mana_value,c1_0.oracle_id,c1_0.ownership_type,c1_0.rarity,c1_0.set_code,c1_0.spawn_region,c1_0.types,c1_0.weight from cards c1_0 where c1_0.id=?
Hibernate: select c1_0.id,c1_0.colors,c1_0.commander_eligible,c1_0.discoverable,c1_0.forge_name,c1_0.image_url,c1_0.mana_value,c1_0.oracle_id,c1_0.ownership_type,c1_0.rarity,c1_0.set_code,c1_0.spawn_region,c1_0.types,c1_0.weight from cards c1_0 where c1_0.id=?
Hibernate: select c1_0.id,c1_0.colors,c1_0.commander_eligible,c1_0.discoverable,c1_0.forge_name,c1_0.image_url,c1_0.mana_value,c1_0.oracle_id,c1_0.ownership_type,c1_0.rarity,c1_0.set_code,c1_0.spawn_region,c1_0.types,c1_0.weight from cards c1_0 where c1_0.id=?
Hibernate: select c1_0.id,c1_0.colors,c1_0.commander_eligible,c1_0.discoverable,c1_0.forge_name,c1_0.image_url,c1_0.mana_value,c1_0.oracle_id,c1_0.ownership_type,c1_0.rarity,c1_0.set_code,c1_0.spawn_region,c1_0.types,c1_0.weight from cards c1_0 where c1_0.id=?
Hibernate: select c1_0.id,c1_0.colors,c1_0.commander_eligible,c1_0.discoverable,c1_0.forge_name,c1_0.image_url,c1_0.mana_value,c1_0.oracle_id,c1_0.ownership_type,c1_0.rarity,c1_0.set_code,c1_0.spawn_region,c1_0.types,c1_0.weight from cards c1_0 where c1_0.id=?
Hibernate: select c1_0.id,c1_0.colors,c1_0.commander_eligible,c1_0.discoverable,c1_0.forge_name,c1_0.image_url,c1_0.mana_value,c1_0.oracle_id,c1_0.ownership_type,c1_0.rarity,c1_0.set_code,c1_0.spawn_region,c1_0.types,c1_0.weight from cards c1_0 where c1_0.id=?
Hibernate: select c1_0.id,c1_0.colors,c1_0.commander_eligible,c1_0.discoverable,c1_0.forge_name,c1_0.image_url,c1_0.mana_value,c1_0.oracle_id,c1_0.ownership_type,c1_0.rarity,c1_0.set_code,c1_0.spawn_region,c1_0.types,c1_0.weight from cards c1_0 where c1_0.id=?
Hibernate: select c1_0.id,c1_0.colors,c1_0.commander_eligible,c1_0.discoverable,c1_0.forge_name,c1_0.image_url,c1_0.mana_value,c1_0.oracle_id,c1_0.ownership_type,c1_0.rarity,c1_0.set_code,c1_0.spawn_region,c1_0.types,c1_0.weight from cards c1_0 where c1_0.id=?
Hibernate: select c1_0.id,c1_0.colors,c1_0.commander_eligible,c1_0.discoverable,c1_0.forge_name,c1_0.image_url,c1_0.mana_value,c1_0.oracle_id,c1_0.ownership_type,c1_0.rarity,c1_0.set_code,c1_0.spawn_region,c1_0.types,c1_0.weight from cards c1_0 where c1_0.id=?
Hibernate: select c1_0.id,c1_0.colors,c1_0.commander_eligible,c1_0.discoverable,c1_0.forge_name,c1_0.image_url,c1_0.mana_value,c1_0.oracle_id,c1_0.ownership_type,c1_0.rarity,c1_0.set_code,c1_0.spawn_region,c1_0.types,c1_0.weight from cards c1_0 where c1_0.id=?
Hibernate: select c1_0.id,c1_0.colors,c1_0.commander_eligible,c1_0.discoverable,c1_0.forge_name,c1_0.image_url,c1_0.mana_value,c1_0.oracle_id,c1_0.ownership_type,c1_0.rarity,c1_0.set_code,c1_0.spawn_region,c1_0.types,c1_0.weight from cards c1_0 where c1_0.id=?
Hibernate: select c1_0.id,c1_0.colors,c1_0.commander_eligible,c1_0.discoverable,c1_0.forge_name,c1_0.image_url,c1_0.mana_value,c1_0.oracle_id,c1_0.ownership_type,c1_0.rarity,c1_0.set_code,c1_0.spawn_region,c1_0.types,c1_0.weight from cards c1_0 where c1_0.id=?
Hibernate: select c1_0.id,c1_0.colors,c1_0.commander_eligible,c1_0.discoverable,c1_0.forge_name,c1_0.image_url,c1_0.mana_value,c1_0.oracle_id,c1_0.ownership_type,c1_0.rarity,c1_0.set_code,c1_0.spawn_region,c1_0.types,c1_0.weight from cards c1_0 where c1_0.id=?
Hibernate: select c1_0.id,c1_0.colors,c1_0.commander_eligible,c1_0.discoverable,c1_0.forge_name,c1_0.image_url,c1_0.mana_value,c1_0.oracle_id,c1_0.ownership_type,c1_0.rarity,c1_0.set_code,c1_0.spawn_region,c1_0.types,c1_0.weight from cards c1_0 where c1_0.id=?
Hibernate: select c1_0.id,c1_0.colors,c1_0.commander_eligible,c1_0.discoverable,c1_0.forge_name,c1_0.image_url,c1_0.mana_value,c1_0.oracle_id,c1_0.ownership_type,c1_0.rarity,c1_0.set_code,c1_0.spawn_region,c1_0.types,c1_0.weight from cards c1_0 where c1_0.id=?
Hibernate: select c1_0.id,c1_0.colors,c1_0.commander_eligible,c1_0.discoverable,c1_0.forge_name,c1_0.image_url,c1_0.mana_value,c1_0.oracle_id,c1_0.ownership_type,c1_0.rarity,c1_0.set_code,c1_0.spawn_region,c1_0.types,c1_0.weight from cards c1_0 where c1_0.id=?
Hibernate: select c1_0.id,c1_0.colors,c1_0.commander_eligible,c1_0.discoverable,c1_0.forge_name,c1_0.image_url,c1_0.mana_value,c1_0.oracle_id,c1_0.ownership_type,c1_0.rarity,c1_0.set_code,c1_0.spawn_region,c1_0.types,c1_0.weight from cards c1_0 where c1_0.id=?
Hibernate: select c1_0.id,c1_0.colors,c1_0.commander_eligible,c1_0.discoverable,c1_0.forge_name,c1_0.image_url,c1_0.mana_value,c1_0.oracle_id,c1_0.ownership_type,c1_0.rarity,c1_0.set_code,c1_0.spawn_region,c1_0.types,c1_0.weight from cards c1_0 where c1_0.id=?
Hibernate: select c1_0.id,c1_0.colors,c1_0.commander_eligible,c1_0.discoverable,c1_0.forge_name,c1_0.image_url,c1_0.mana_value,c1_0.oracle_id,c1_0.ownership_type,c1_0.rarity,c1_0.set_code,c1_0.spawn_region,c1_0.types,c1_0.weight from cards c1_0 where c1_0.id=?
Hibernate: select c1_0.id,c1_0.colors,c1_0.commander_eligible,c1_0.discoverable,c1_0.forge_name,c1_0.image_url,c1_0.mana_value,c1_0.oracle_id,c1_0.ownership_type,c1_0.rarity,c1_0.set_code,c1_0.spawn_region,c1_0.types,c1_0.weight from cards c1_0 where c1_0.id=?
Hibernate: select c1_0.id,c1_0.colors,c1_0.commander_eligible,c1_0.discoverable,c1_0.forge_name,c1_0.image_url,c1_0.mana_value,c1_0.oracle_id,c1_0.ownership_type,c1_0.rarity,c1_0.set_code,c1_0.spawn_region,c1_0.types,c1_0.weight from cards c1_0 where c1_0.id=?
Hibernate: select c1_0.id,c1_0.colors,c1_0.commander_eligible,c1_0.discoverable,c1_0.forge_name,c1_0.image_url,c1_0.mana_value,c1_0.oracle_id,c1_0.ownership_type,c1_0.rarity,c1_0.set_code,c1_0.spawn_region,c1_0.types,c1_0.weight from cards c1_0 where c1_0.id=?
Hibernate: select p1_0.id,p1_0.avatar,p1_0.banned,p1_0.banned_at,p1_0.created,p1_0.degree_level,p1_0.display_name,p1_0.email,p1_0.experience,p1_0.last_login,p1_0.level,p1_0.password_hash,p1_0.role,p1_0.specialization,p1_0.student_id from players p1_0 where p1_0.email=?
Hibernate: select p1_0.id,p1_0.avatar,p1_0.banned,p1_0.banned_at,p1_0.created,p1_0.degree_level,p1_0.display_name,p1_0.email,p1_0.experience,p1_0.last_login,p1_0.level,p1_0.password_hash,p1_0.role,p1_0.specialization,p1_0.student_id from players p1_0 where p1_0.email=?
Hibernate: select p1_0.id,p1_0.avatar,p1_0.banned,p1_0.banned_at,p1_0.created,p1_0.degree_level,p1_0.display_name,p1_0.email,p1_0.experience,p1_0.last_login,p1_0.level,p1_0.password_hash,p1_0.role,p1_0.specialization,p1_0.student_id from players p1_0 where p1_0.email=?
Hibernate: select p1_0.id,p1_0.avatar,p1_0.banned,p1_0.banned_at,p1_0.created,p1_0.degree_level,p1_0.display_name,p1_0.email,p1_0.experience,p1_0.last_login,p1_0.level,p1_0.password_hash,p1_0.role,p1_0.specialization,p1_0.student_id from players p1_0 where p1_0.id=?
Hibernate: select p1_0.id,p1_0.avatar,p1_0.banned,p1_0.banned_at,p1_0.created,p1_0.degree_level,p1_0.display_name,p1_0.email,p1_0.experience,p1_0.last_login,p1_0.level,p1_0.password_hash,p1_0.role,p1_0.specialization,p1_0.student_id from players p1_0 where p1_0.id=?
Hibernate: select c1_0.id,c1_0.colors,c1_0.commander_eligible,c1_0.discoverable,c1_0.forge_name,c1_0.image_url,c1_0.mana_value,c1_0.oracle_id,c1_0.ownership_type,c1_0.rarity,c1_0.set_code,c1_0.spawn_region,c1_0.types,c1_0.weight from cards c1_0
Hibernate: select c1_0.id,c1_0.colors,c1_0.commander_eligible,c1_0.discoverable,c1_0.forge_name,c1_0.image_url,c1_0.mana_value,c1_0.oracle_id,c1_0.ownership_type,c1_0.rarity,c1_0.set_code,c1_0.spawn_region,c1_0.types,c1_0.weight from cards c1_0
Hibernate: select d1_0.id,d1_0.commander_card_id,d1_0.created_at,d1_0.format_code,d1_0.name,d1_0.player_id,d1_0.updated_at from decks d1_0 where d1_0.player_id=?
Hibernate: select d1_0.id,d1_0.card_id,d1_0.count,d1_0.last_discovered,d1_0.player_id from discoveries d1_0 where d1_0.player_id=?
Hibernate: select f1_0.id,f1_0.card_id,f1_0.created_at,f1_0.player_id from favorites f1_0 where f1_0.player_id=?
Hibernate: select pu1_0.id,pu1_0.card_id,pu1_0.player_id,pu1_0.unlocked_at from player_unlocks pu1_0 where pu1_0.player_id=?
Hibernate: select pu1_0.id,pu1_0.card_id,pu1_0.player_id,pu1_0.unlocked_at from player_unlocks pu1_0 where pu1_0.player_id=?
Hibernate: select pu1_0.id,pu1_0.card_id,pu1_0.player_id,pu1_0.unlocked_at from player_unlocks pu1_0 where pu1_0.player_id=?
Hibernate: select pu1_0.id,pu1_0.card_id,pu1_0.player_id,pu1_0.unlocked_at from player_unlocks pu1_0 where pu1_0.player_id=?
Hibernate: select pu1_0.id,pu1_0.card_id,pu1_0.player_id,pu1_0.unlocked_at from player_unlocks pu1_0 where pu1_0.player_id=?
Hibernate: select pu1_0.id,pu1_0.card_id,pu1_0.player_id,pu1_0.unlocked_at from player_unlocks pu1_0 where pu1_0.player_id=?
Hibernate: select pu1_0.id,pu1_0.card_id,pu1_0.player_id,pu1_0.unlocked_at from player_unlocks pu1_0 where pu1_0.player_id=?
Hibernate: select uc1_0.physical_uuid,uc1_0.card_id,uc1_0.claimed_at,uc1_0.history,uc1_0.owner_id,uc1_0.serial_number from unique_cards uc1_0 where uc1_0.owner_id=?
Hibernate: select uc1_0.physical_uuid,uc1_0.card_id,uc1_0.claimed_at,uc1_0.history,uc1_0.owner_id,uc1_0.serial_number from unique_cards uc1_0 where uc1_0.owner_id=?
Hibernate: select pu1_0.id,pu1_0.card_id,pu1_0.player_id,pu1_0.unlocked_at from player_unlocks pu1_0 where pu1_0.player_id=?
Hibernate: select uc1_0.physical_uuid,uc1_0.card_id,uc1_0.claimed_at,uc1_0.history,uc1_0.owner_id,uc1_0.serial_number from unique_cards uc1_0 where uc1_0.owner_id=?
Hibernate: select pu1_0.id,pu1_0.card_id,pu1_0.player_id,pu1_0.unlocked_at from player_unlocks pu1_0 where pu1_0.player_id=?
Hibernate: select pu1_0.id,pu1_0.card_id,pu1_0.player_id,pu1_0.unlocked_at from player_unlocks pu1_0 where pu1_0.player_id=?
Hibernate: select pu1_0.id,pu1_0.card_id,pu1_0.player_id,pu1_0.unlocked_at from player_unlocks pu1_0 where pu1_0.player_id=?
Hibernate: select pu1_0.id,pu1_0.card_id,pu1_0.player_id,pu1_0.unlocked_at from player_unlocks pu1_0 where pu1_0.player_id=?
Hibernate: select pu1_0.id,pu1_0.card_id,pu1_0.player_id,pu1_0.unlocked_at from player_unlocks pu1_0 where pu1_0.player_id=?
Hibernate: select pu1_0.id,pu1_0.card_id,pu1_0.player_id,pu1_0.unlocked_at from player_unlocks pu1_0 where pu1_0.player_id=?
Hibernate: select pu1_0.id,pu1_0.card_id,pu1_0.player_id,pu1_0.unlocked_at from player_unlocks pu1_0 where pu1_0.player_id=?
Hibernate: select pu1_0.id,pu1_0.card_id,pu1_0.player_id,pu1_0.unlocked_at from player_unlocks pu1_0 where pu1_0.player_id=?
Hibernate: select pu1_0.id,pu1_0.card_id,pu1_0.player_id,pu1_0.unlocked_at from player_unlocks pu1_0 where pu1_0.player_id=?
Hibernate: select pu1_0.id,pu1_0.card_id,pu1_0.player_id,pu1_0.unlocked_at from player_unlocks pu1_0 where pu1_0.player_id=?
Hibernate: select pu1_0.id,pu1_0.card_id,pu1_0.player_id,pu1_0.unlocked_at from player_unlocks pu1_0 where pu1_0.player_id=?
Hibernate: select pu1_0.id,pu1_0.card_id,pu1_0.player_id,pu1_0.unlocked_at from player_unlocks pu1_0 where pu1_0.player_id=?
Hibernate: select pu1_0.id,pu1_0.card_id,pu1_0.player_id,pu1_0.unlocked_at from player_unlocks pu1_0 where pu1_0.player_id=?
Hibernate: select pu1_0.id,pu1_0.card_id,pu1_0.player_id,pu1_0.unlocked_at from player_unlocks pu1_0 where pu1_0.player_id=?
Hibernate: select pu1_0.id,pu1_0.card_id,pu1_0.player_id,pu1_0.unlocked_at from player_unlocks pu1_0 where pu1_0.player_id=?
Hibernate: select p1_0.id,p1_0.avatar,p1_0.banned,p1_0.banned_at,p1_0.created,p1_0.degree_level,p1_0.display_name,p1_0.email,p1_0.experience,p1_0.last_login,p1_0.level,p1_0.password_hash,p1_0.role,p1_0.specialization,p1_0.student_id from players p1_0 where p1_0.email=?
Hibernate: select p1_0.id,p1_0.avatar,p1_0.banned,p1_0.banned_at,p1_0.created,p1_0.degree_level,p1_0.display_name,p1_0.email,p1_0.experience,p1_0.last_login,p1_0.level,p1_0.password_hash,p1_0.role,p1_0.specialization,p1_0.student_id from players p1_0 where p1_0.id=?
Hibernate: select f1_0.id,f1_0.basics_unlimited,f1_0.code,f1_0.commander_required,f1_0.max_copies,f1_0.max_deck_size,f1_0.min_deck_size,f1_0.name from formats f1_0 where f1_0.code=?
Hibernate: select c1_0.id,c1_0.colors,c1_0.commander_eligible,c1_0.discoverable,c1_0.forge_name,c1_0.image_url,c1_0.mana_value,c1_0.oracle_id,c1_0.ownership_type,c1_0.rarity,c1_0.set_code,c1_0.spawn_region,c1_0.types,c1_0.weight from cards c1_0 where c1_0.id=?
Hibernate: select c1_0.id,c1_0.colors,c1_0.commander_eligible,c1_0.discoverable,c1_0.forge_name,c1_0.image_url,c1_0.mana_value,c1_0.oracle_id,c1_0.ownership_type,c1_0.rarity,c1_0.set_code,c1_0.spawn_region,c1_0.types,c1_0.weight from cards c1_0 where c1_0.id=?
Hibernate: select c1_0.id,c1_0.colors,c1_0.commander_eligible,c1_0.discoverable,c1_0.forge_name,c1_0.image_url,c1_0.mana_value,c1_0.oracle_id,c1_0.ownership_type,c1_0.rarity,c1_0.set_code,c1_0.spawn_region,c1_0.types,c1_0.weight from cards c1_0 where c1_0.id=?
Hibernate: select c1_0.id,c1_0.colors,c1_0.commander_eligible,c1_0.discoverable,c1_0.forge_name,c1_0.image_url,c1_0.mana_value,c1_0.oracle_id,c1_0.ownership_type,c1_0.rarity,c1_0.set_code,c1_0.spawn_region,c1_0.types,c1_0.weight from cards c1_0 where c1_0.id=?
Hibernate: select c1_0.id,c1_0.colors,c1_0.commander_eligible,c1_0.discoverable,c1_0.forge_name,c1_0.image_url,c1_0.mana_value,c1_0.oracle_id,c1_0.ownership_type,c1_0.rarity,c1_0.set_code,c1_0.spawn_region,c1_0.types,c1_0.weight from cards c1_0 where c1_0.id=?
Hibernate: select c1_0.id,c1_0.colors,c1_0.commander_eligible,c1_0.discoverable,c1_0.forge_name,c1_0.image_url,c1_0.mana_value,c1_0.oracle_id,c1_0.ownership_type,c1_0.rarity,c1_0.set_code,c1_0.spawn_region,c1_0.types,c1_0.weight from cards c1_0 where c1_0.id=?
Hibernate: select c1_0.id,c1_0.colors,c1_0.commander_eligible,c1_0.discoverable,c1_0.forge_name,c1_0.image_url,c1_0.mana_value,c1_0.oracle_id,c1_0.ownership_type,c1_0.rarity,c1_0.set_code,c1_0.spawn_region,c1_0.types,c1_0.weight from cards c1_0 where c1_0.id=?
Hibernate: select c1_0.id,c1_0.colors,c1_0.commander_eligible,c1_0.discoverable,c1_0.forge_name,c1_0.image_url,c1_0.mana_value,c1_0.oracle_id,c1_0.ownership_type,c1_0.rarity,c1_0.set_code,c1_0.spawn_region,c1_0.types,c1_0.weight from cards c1_0 where c1_0.id=?
Hibernate: select c1_0.id,c1_0.colors,c1_0.commander_eligible,c1_0.discoverable,c1_0.forge_name,c1_0.image_url,c1_0.mana_value,c1_0.oracle_id,c1_0.ownership_type,c1_0.rarity,c1_0.set_code,c1_0.spawn_region,c1_0.types,c1_0.weight from cards c1_0 where c1_0.id=?
Hibernate: select c1_0.id,c1_0.colors,c1_0.commander_eligible,c1_0.discoverable,c1_0.forge_name,c1_0.image_url,c1_0.mana_value,c1_0.oracle_id,c1_0.ownership_type,c1_0.rarity,c1_0.set_code,c1_0.spawn_region,c1_0.types,c1_0.weight from cards c1_0 where c1_0.id=?
Hibernate: select c1_0.id,c1_0.colors,c1_0.commander_eligible,c1_0.discoverable,c1_0.forge_name,c1_0.image_url,c1_0.mana_value,c1_0.oracle_id,c1_0.ownership_type,c1_0.rarity,c1_0.set_code,c1_0.spawn_region,c1_0.types,c1_0.weight from cards c1_0 where c1_0.id=?
Hibernate: select c1_0.id,c1_0.colors,c1_0.commander_eligible,c1_0.discoverable,c1_0.forge_name,c1_0.image_url,c1_0.mana_value,c1_0.oracle_id,c1_0.ownership_type,c1_0.rarity,c1_0.set_code,c1_0.spawn_region,c1_0.types,c1_0.weight from cards c1_0 where c1_0.id=?
Hibernate: select c1_0.id,c1_0.colors,c1_0.commander_eligible,c1_0.discoverable,c1_0.forge_name,c1_0.image_url,c1_0.mana_value,c1_0.oracle_id,c1_0.ownership_type,c1_0.rarity,c1_0.set_code,c1_0.spawn_region,c1_0.types,c1_0.weight from cards c1_0 where c1_0.id=?
Hibernate: select c1_0.id,c1_0.colors,c1_0.commander_eligible,c1_0.discoverable,c1_0.forge_name,c1_0.image_url,c1_0.mana_value,c1_0.oracle_id,c1_0.ownership_type,c1_0.rarity,c1_0.set_code,c1_0.spawn_region,c1_0.types,c1_0.weight from cards c1_0 where c1_0.id=?
Hibernate: select c1_0.id,c1_0.colors,c1_0.commander_eligible,c1_0.discoverable,c1_0.forge_name,c1_0.image_url,c1_0.mana_value,c1_0.oracle_id,c1_0.ownership_type,c1_0.rarity,c1_0.set_code,c1_0.spawn_region,c1_0.types,c1_0.weight from cards c1_0 where c1_0.id=?
Hibernate: select c1_0.id,c1_0.colors,c1_0.commander_eligible,c1_0.discoverable,c1_0.forge_name,c1_0.image_url,c1_0.mana_value,c1_0.oracle_id,c1_0.ownership_type,c1_0.rarity,c1_0.set_code,c1_0.spawn_region,c1_0.types,c1_0.weight from cards c1_0 where c1_0.id=?
Hibernate: select c1_0.id,c1_0.colors,c1_0.commander_eligible,c1_0.discoverable,c1_0.forge_name,c1_0.image_url,c1_0.mana_value,c1_0.oracle_id,c1_0.ownership_type,c1_0.rarity,c1_0.set_code,c1_0.spawn_region,c1_0.types,c1_0.weight from cards c1_0 where c1_0.id=?
Hibernate: select c1_0.id,c1_0.colors,c1_0.commander_eligible,c1_0.discoverable,c1_0.forge_name,c1_0.image_url,c1_0.mana_value,c1_0.oracle_id,c1_0.ownership_type,c1_0.rarity,c1_0.set_code,c1_0.spawn_region,c1_0.types,c1_0.weight from cards c1_0 where c1_0.id=?
Hibernate: select c1_0.id,c1_0.colors,c1_0.commander_eligible,c1_0.discoverable,c1_0.forge_name,c1_0.image_url,c1_0.mana_value,c1_0.oracle_id,c1_0.ownership_type,c1_0.rarity,c1_0.set_code,c1_0.spawn_region,c1_0.types,c1_0.weight from cards c1_0 where c1_0.id=?
Hibernate: select c1_0.id,c1_0.colors,c1_0.commander_eligible,c1_0.discoverable,c1_0.forge_name,c1_0.image_url,c1_0.mana_value,c1_0.oracle_id,c1_0.ownership_type,c1_0.rarity,c1_0.set_code,c1_0.spawn_region,c1_0.types,c1_0.weight from cards c1_0 where c1_0.id=?
Hibernate: select c1_0.id,c1_0.colors,c1_0.commander_eligible,c1_0.discoverable,c1_0.forge_name,c1_0.image_url,c1_0.mana_value,c1_0.oracle_id,c1_0.ownership_type,c1_0.rarity,c1_0.set_code,c1_0.spawn_region,c1_0.types,c1_0.weight from cards c1_0 where c1_0.id=?
Hibernate: select c1_0.id,c1_0.colors,c1_0.commander_eligible,c1_0.discoverable,c1_0.forge_name,c1_0.image_url,c1_0.mana_value,c1_0.oracle_id,c1_0.ownership_type,c1_0.rarity,c1_0.set_code,c1_0.spawn_region,c1_0.types,c1_0.weight from cards c1_0 where c1_0.id=?
Hibernate: select c1_0.id,c1_0.colors,c1_0.commander_eligible,c1_0.discoverable,c1_0.forge_name,c1_0.image_url,c1_0.mana_value,c1_0.oracle_id,c1_0.ownership_type,c1_0.rarity,c1_0.set_code,c1_0.spawn_region,c1_0.types,c1_0.weight from cards c1_0 where c1_0.id=?
Hibernate: select c1_0.id,c1_0.colors,c1_0.commander_eligible,c1_0.discoverable,c1_0.forge_name,c1_0.image_url,c1_0.mana_value,c1_0.oracle_id,c1_0.ownership_type,c1_0.rarity,c1_0.set_code,c1_0.spawn_region,c1_0.types,c1_0.weight from cards c1_0 where c1_0.id=?
Hibernate: select c1_0.id,c1_0.colors,c1_0.commander_eligible,c1_0.discoverable,c1_0.forge_name,c1_0.image_url,c1_0.mana_value,c1_0.oracle_id,c1_0.ownership_type,c1_0.rarity,c1_0.set_code,c1_0.spawn_region,c1_0.types,c1_0.weight from cards c1_0 where c1_0.id=?
Hibernate: select c1_0.id,c1_0.colors,c1_0.commander_eligible,c1_0.discoverable,c1_0.forge_name,c1_0.image_url,c1_0.mana_value,c1_0.oracle_id,c1_0.ownership_type,c1_0.rarity,c1_0.set_code,c1_0.spawn_region,c1_0.types,c1_0.weight from cards c1_0 where c1_0.id=?
Hibernate: select c1_0.id,c1_0.colors,c1_0.commander_eligible,c1_0.discoverable,c1_0.forge_name,c1_0.image_url,c1_0.mana_value,c1_0.oracle_id,c1_0.ownership_type,c1_0.rarity,c1_0.set_code,c1_0.spawn_region,c1_0.types,c1_0.weight from cards c1_0 where c1_0.id=?
Hibernate: select c1_0.id,c1_0.colors,c1_0.commander_eligible,c1_0.discoverable,c1_0.forge_name,c1_0.image_url,c1_0.mana_value,c1_0.oracle_id,c1_0.ownership_type,c1_0.rarity,c1_0.set_code,c1_0.spawn_region,c1_0.types,c1_0.weight from cards c1_0 where c1_0.id=?
Hibernate: select c1_0.id,c1_0.colors,c1_0.commander_eligible,c1_0.discoverable,c1_0.forge_name,c1_0.image_url,c1_0.mana_value,c1_0.oracle_id,c1_0.ownership_type,c1_0.rarity,c1_0.set_code,c1_0.spawn_region,c1_0.types,c1_0.weight from cards c1_0 where c1_0.id=?
Hibernate: select c1_0.id,c1_0.colors,c1_0.commander_eligible,c1_0.discoverable,c1_0.forge_name,c1_0.image_url,c1_0.mana_value,c1_0.oracle_id,c1_0.ownership_type,c1_0.rarity,c1_0.set_code,c1_0.spawn_region,c1_0.types,c1_0.weight from cards c1_0 where c1_0.id=?
Hibernate: select c1_0.id,c1_0.colors,c1_0.commander_eligible,c1_0.discoverable,c1_0.forge_name,c1_0.image_url,c1_0.mana_value,c1_0.oracle_id,c1_0.ownership_type,c1_0.rarity,c1_0.set_code,c1_0.spawn_region,c1_0.types,c1_0.weight from cards c1_0 where c1_0.id=?
Hibernate: select cl1_0.id,cl1_0.card_id,cl1_0.format_id,cl1_0.legality from card_legalities cl1_0 where cl1_0.format_id=?
Hibernate: select pu1_0.id from player_unlocks pu1_0 where pu1_0.player_id=? and pu1_0.card_id=? fetch first ? rows only
Hibernate: select pu1_0.id,pu1_0.card_id,pu1_0.player_id,pu1_0.unlocked_at from player_unlocks pu1_0 where pu1_0.player_id=?
Hibernate: select pu1_0.id from player_unlocks pu1_0 where pu1_0.player_id=? and pu1_0.card_id=? fetch first ? rows only
Hibernate: select pu1_0.id,pu1_0.card_id,pu1_0.player_id,pu1_0.unlocked_at from player_unlocks pu1_0 where pu1_0.player_id=?
Hibernate: select pu1_0.id from player_unlocks pu1_0 where pu1_0.player_id=? and pu1_0.card_id=? fetch first ? rows only
Hibernate: select pu1_0.id,pu1_0.card_id,pu1_0.player_id,pu1_0.unlocked_at from player_unlocks pu1_0 where pu1_0.player_id=?
Hibernate: select pu1_0.id from player_unlocks pu1_0 where pu1_0.player_id=? and pu1_0.card_id=? fetch first ? rows only
Hibernate: select pu1_0.id,pu1_0.card_id,pu1_0.player_id,pu1_0.unlocked_at from player_unlocks pu1_0 where pu1_0.player_id=?
Hibernate: select pu1_0.id from player_unlocks pu1_0 where pu1_0.player_id=? and pu1_0.card_id=? fetch first ? rows only
Hibernate: select pu1_0.id,pu1_0.card_id,pu1_0.player_id,pu1_0.unlocked_at from player_unlocks pu1_0 where pu1_0.player_id=?
Hibernate: select pu1_0.id from player_unlocks pu1_0 where pu1_0.player_id=? and pu1_0.card_id=? fetch first ? rows only
Hibernate: select pu1_0.id,pu1_0.card_id,pu1_0.player_id,pu1_0.unlocked_at from player_unlocks pu1_0 where pu1_0.player_id=?
Hibernate: select pu1_0.id from player_unlocks pu1_0 where pu1_0.player_id=? and pu1_0.card_id=? fetch first ? rows only
Hibernate: select pu1_0.id,pu1_0.card_id,pu1_0.player_id,pu1_0.unlocked_at from player_unlocks pu1_0 where pu1_0.player_id=?
Hibernate: select pu1_0.id from player_unlocks pu1_0 where pu1_0.player_id=? and pu1_0.card_id=? fetch first ? rows only
Hibernate: select pu1_0.id,pu1_0.card_id,pu1_0.player_id,pu1_0.unlocked_at from player_unlocks pu1_0 where pu1_0.player_id=?
Hibernate: select pu1_0.id from player_unlocks pu1_0 where pu1_0.player_id=? and pu1_0.card_id=? fetch first ? rows only
Hibernate: select pu1_0.id,pu1_0.card_id,pu1_0.player_id,pu1_0.unlocked_at from player_unlocks pu1_0 where pu1_0.player_id=?
Hibernate: select pu1_0.id from player_unlocks pu1_0 where pu1_0.player_id=? and pu1_0.card_id=? fetch first ? rows only
Hibernate: select pu1_0.id,pu1_0.card_id,pu1_0.player_id,pu1_0.unlocked_at from player_unlocks pu1_0 where pu1_0.player_id=?
Hibernate: select pu1_0.id from player_unlocks pu1_0 where pu1_0.player_id=? and pu1_0.card_id=? fetch first ? rows only
Hibernate: select pu1_0.id,pu1_0.card_id,pu1_0.player_id,pu1_0.unlocked_at from player_unlocks pu1_0 where pu1_0.player_id=?
Hibernate: select pu1_0.id from player_unlocks pu1_0 where pu1_0.player_id=? and pu1_0.card_id=? fetch first ? rows only
Hibernate: select pu1_0.id,pu1_0.card_id,pu1_0.player_id,pu1_0.unlocked_at from player_unlocks pu1_0 where pu1_0.player_id=?
Hibernate: select pu1_0.id from player_unlocks pu1_0 where pu1_0.player_id=? and pu1_0.card_id=? fetch first ? rows only
Hibernate: select pu1_0.id,pu1_0.card_id,pu1_0.player_id,pu1_0.unlocked_at from player_unlocks pu1_0 where pu1_0.player_id=?
Hibernate: select pu1_0.id from player_unlocks pu1_0 where pu1_0.player_id=? and pu1_0.card_id=? fetch first ? rows only
Hibernate: select pu1_0.id,pu1_0.card_id,pu1_0.player_id,pu1_0.unlocked_at from player_unlocks pu1_0 where pu1_0.player_id=?
Hibernate: select uc1_0.physical_uuid,uc1_0.card_id,uc1_0.claimed_at,uc1_0.history,uc1_0.owner_id,uc1_0.serial_number from unique_cards uc1_0 where uc1_0.owner_id=?
Hibernate: select uc1_0.physical_uuid,uc1_0.card_id,uc1_0.claimed_at,uc1_0.history,uc1_0.owner_id,uc1_0.serial_number from unique_cards uc1_0 where uc1_0.owner_id=?
Hibernate: select pu1_0.id from player_unlocks pu1_0 where pu1_0.player_id=? and pu1_0.card_id=? fetch first ? rows only
Hibernate: select pu1_0.id,pu1_0.card_id,pu1_0.player_id,pu1_0.unlocked_at from player_unlocks pu1_0 where pu1_0.player_id=?
Hibernate: select uc1_0.physical_uuid,uc1_0.card_id,uc1_0.claimed_at,uc1_0.history,uc1_0.owner_id,uc1_0.serial_number from unique_cards uc1_0 where uc1_0.owner_id=?
Hibernate: select uc1_0.physical_uuid,uc1_0.card_id,uc1_0.claimed_at,uc1_0.history,uc1_0.owner_id,uc1_0.serial_number from unique_cards uc1_0 where uc1_0.owner_id=?
Hibernate: select pu1_0.id from player_unlocks pu1_0 where pu1_0.player_id=? and pu1_0.card_id=? fetch first ? rows only
Hibernate: select pu1_0.id,pu1_0.card_id,pu1_0.player_id,pu1_0.unlocked_at from player_unlocks pu1_0 where pu1_0.player_id=?
Hibernate: select pu1_0.id from player_unlocks pu1_0 where pu1_0.player_id=? and pu1_0.card_id=? fetch first ? rows only
Hibernate: select pu1_0.id,pu1_0.card_id,pu1_0.player_id,pu1_0.unlocked_at from player_unlocks pu1_0 where pu1_0.player_id=?
Hibernate: select uc1_0.physical_uuid,uc1_0.card_id,uc1_0.claimed_at,uc1_0.history,uc1_0.owner_id,uc1_0.serial_number from unique_cards uc1_0 where uc1_0.owner_id=?
Hibernate: select uc1_0.physical_uuid,uc1_0.card_id,uc1_0.claimed_at,uc1_0.history,uc1_0.owner_id,uc1_0.serial_number from unique_cards uc1_0 where uc1_0.owner_id=?
Hibernate: select pu1_0.id from player_unlocks pu1_0 where pu1_0.player_id=? and pu1_0.card_id=? fetch first ? rows only
Hibernate: select pu1_0.id,pu1_0.card_id,pu1_0.player_id,pu1_0.unlocked_at from player_unlocks pu1_0 where pu1_0.player_id=?
Hibernate: select pu1_0.id from player_unlocks pu1_0 where pu1_0.player_id=? and pu1_0.card_id=? fetch first ? rows only
Hibernate: select pu1_0.id,pu1_0.card_id,pu1_0.player_id,pu1_0.unlocked_at from player_unlocks pu1_0 where pu1_0.player_id=?
Hibernate: select pu1_0.id from player_unlocks pu1_0 where pu1_0.player_id=? and pu1_0.card_id=? fetch first ? rows only
Hibernate: select pu1_0.id,pu1_0.card_id,pu1_0.player_id,pu1_0.unlocked_at from player_unlocks pu1_0 where pu1_0.player_id=?
Hibernate: select pu1_0.id from player_unlocks pu1_0 where pu1_0.player_id=? and pu1_0.card_id=? fetch first ? rows only
Hibernate: select pu1_0.id,pu1_0.card_id,pu1_0.player_id,pu1_0.unlocked_at from player_unlocks pu1_0 where pu1_0.player_id=?
Hibernate: select pu1_0.id from player_unlocks pu1_0 where pu1_0.player_id=? and pu1_0.card_id=? fetch first ? rows only
Hibernate: select pu1_0.id,pu1_0.card_id,pu1_0.player_id,pu1_0.unlocked_at from player_unlocks pu1_0 where pu1_0.player_id=?
Hibernate: select pu1_0.id from player_unlocks pu1_0 where pu1_0.player_id=? and pu1_0.card_id=? fetch first ? rows only
Hibernate: select pu1_0.id,pu1_0.card_id,pu1_0.player_id,pu1_0.unlocked_at from player_unlocks pu1_0 where pu1_0.player_id=?
Hibernate: select p1_0.id,p1_0.avatar,p1_0.banned,p1_0.banned_at,p1_0.created,p1_0.degree_level,p1_0.display_name,p1_0.email,p1_0.experience,p1_0.last_login,p1_0.level,p1_0.password_hash,p1_0.role,p1_0.specialization,p1_0.student_id from players p1_0 where p1_0.email=?
Hibernate: select p1_0.id,p1_0.avatar,p1_0.banned,p1_0.banned_at,p1_0.created,p1_0.degree_level,p1_0.display_name,p1_0.email,p1_0.experience,p1_0.last_login,p1_0.level,p1_0.password_hash,p1_0.role,p1_0.specialization,p1_0.student_id from players p1_0 where p1_0.id=?
Hibernate: select f1_0.id,f1_0.basics_unlimited,f1_0.code,f1_0.commander_required,f1_0.max_copies,f1_0.max_deck_size,f1_0.min_deck_size,f1_0.name from formats f1_0 where f1_0.code=?
Hibernate: select c1_0.id,c1_0.colors,c1_0.commander_eligible,c1_0.discoverable,c1_0.forge_name,c1_0.image_url,c1_0.mana_value,c1_0.oracle_id,c1_0.ownership_type,c1_0.rarity,c1_0.set_code,c1_0.spawn_region,c1_0.types,c1_0.weight from cards c1_0 where c1_0.id=?
Hibernate: select c1_0.id,c1_0.colors,c1_0.commander_eligible,c1_0.discoverable,c1_0.forge_name,c1_0.image_url,c1_0.mana_value,c1_0.oracle_id,c1_0.ownership_type,c1_0.rarity,c1_0.set_code,c1_0.spawn_region,c1_0.types,c1_0.weight from cards c1_0 where c1_0.id=?
Hibernate: select c1_0.id,c1_0.colors,c1_0.commander_eligible,c1_0.discoverable,c1_0.forge_name,c1_0.image_url,c1_0.mana_value,c1_0.oracle_id,c1_0.ownership_type,c1_0.rarity,c1_0.set_code,c1_0.spawn_region,c1_0.types,c1_0.weight from cards c1_0 where c1_0.id=?
Hibernate: select c1_0.id,c1_0.colors,c1_0.commander_eligible,c1_0.discoverable,c1_0.forge_name,c1_0.image_url,c1_0.mana_value,c1_0.oracle_id,c1_0.ownership_type,c1_0.rarity,c1_0.set_code,c1_0.spawn_region,c1_0.types,c1_0.weight from cards c1_0 where c1_0.id=?
Hibernate: select cl1_0.id,cl1_0.card_id,cl1_0.format_id,cl1_0.legality from card_legalities cl1_0 where cl1_0.format_id=?
Hibernate: insert into decks (commander_card_id,created_at,format_code,name,player_id,updated_at,id) values (?,?,?,?,?,?,?)
Hibernate: insert into deck_cards (card_id,deck_id,quantity,id) values (?,?,?,?)
Hibernate: insert into deck_cards (card_id,deck_id,quantity,id) values (?,?,?,?)
Hibernate: insert into deck_cards (card_id,deck_id,quantity,id) values (?,?,?,?)
Hibernate: insert into deck_cards (card_id,deck_id,quantity,id) values (?,?,?,?)
Hibernate: select p1_0.id,p1_0.avatar,p1_0.banned,p1_0.banned_at,p1_0.created,p1_0.degree_level,p1_0.display_name,p1_0.email,p1_0.experience,p1_0.last_login,p1_0.level,p1_0.password_hash,p1_0.role,p1_0.specialization,p1_0.student_id from players p1_0 where p1_0.email=?
Hibernate: select p1_0.id,p1_0.avatar,p1_0.banned,p1_0.banned_at,p1_0.created,p1_0.degree_level,p1_0.display_name,p1_0.email,p1_0.experience,p1_0.last_login,p1_0.level,p1_0.password_hash,p1_0.role,p1_0.specialization,p1_0.student_id from players p1_0 where p1_0.id=?
Hibernate: select d1_0.id,d1_0.commander_card_id,d1_0.created_at,d1_0.format_code,d1_0.name,d1_0.player_id,d1_0.updated_at from decks d1_0 where d1_0.player_id=?
Hibernate: select c1_0.deck_id,c1_0.id,c1_0.card_id,c1_0.quantity from deck_cards c1_0 where c1_0.deck_id=?
Hibernate: select c1_0.id,c1_0.colors,c1_0.commander_eligible,c1_0.discoverable,c1_0.forge_name,c1_0.image_url,c1_0.mana_value,c1_0.oracle_id,c1_0.ownership_type,c1_0.rarity,c1_0.set_code,c1_0.spawn_region,c1_0.types,c1_0.weight from cards c1_0 where c1_0.id=?
Hibernate: select c1_0.id,c1_0.colors,c1_0.commander_eligible,c1_0.discoverable,c1_0.forge_name,c1_0.image_url,c1_0.mana_value,c1_0.oracle_id,c1_0.ownership_type,c1_0.rarity,c1_0.set_code,c1_0.spawn_region,c1_0.types,c1_0.weight from cards c1_0 where c1_0.id=?
Hibernate: select c1_0.id,c1_0.colors,c1_0.commander_eligible,c1_0.discoverable,c1_0.forge_name,c1_0.image_url,c1_0.mana_value,c1_0.oracle_id,c1_0.ownership_type,c1_0.rarity,c1_0.set_code,c1_0.spawn_region,c1_0.types,c1_0.weight from cards c1_0 where c1_0.id=?
Hibernate: select c1_0.id,c1_0.colors,c1_0.commander_eligible,c1_0.discoverable,c1_0.forge_name,c1_0.image_url,c1_0.mana_value,c1_0.oracle_id,c1_0.ownership_type,c1_0.rarity,c1_0.set_code,c1_0.spawn_region,c1_0.types,c1_0.weight from cards c1_0 where c1_0.id=?
Hibernate: select p1_0.id,p1_0.avatar,p1_0.banned,p1_0.banned_at,p1_0.created,p1_0.degree_level,p1_0.display_name,p1_0.email,p1_0.experience,p1_0.last_login,p1_0.level,p1_0.password_hash,p1_0.role,p1_0.specialization,p1_0.student_id from players p1_0 where p1_0.email=?
Hibernate: select p1_0.id,p1_0.avatar,p1_0.banned,p1_0.banned_at,p1_0.created,p1_0.degree_level,p1_0.display_name,p1_0.email,p1_0.experience,p1_0.last_login,p1_0.level,p1_0.password_hash,p1_0.role,p1_0.specialization,p1_0.student_id from players p1_0 where p1_0.email=?
Hibernate: select p1_0.id,p1_0.avatar,p1_0.banned,p1_0.banned_at,p1_0.created,p1_0.degree_level,p1_0.display_name,p1_0.email,p1_0.experience,p1_0.last_login,p1_0.level,p1_0.password_hash,p1_0.role,p1_0.specialization,p1_0.student_id from players p1_0 where p1_0.email=?
Hibernate: select p1_0.id,p1_0.avatar,p1_0.banned,p1_0.banned_at,p1_0.created,p1_0.degree_level,p1_0.display_name,p1_0.email,p1_0.experience,p1_0.last_login,p1_0.level,p1_0.password_hash,p1_0.role,p1_0.specialization,p1_0.student_id from players p1_0 where p1_0.id=?
Hibernate: select d1_0.id,d1_0.commander_card_id,d1_0.created_at,d1_0.format_code,d1_0.name,d1_0.player_id,d1_0.updated_at from decks d1_0 where d1_0.player_id=?
Hibernate: select m1_0.id,m1_0.battle_code,m1_0.created_at,m1_0.deck1_id,m1_0.deck2_id,m1_0.ended_at,m1_0.event_id,m1_0.player1_id,m1_0.player2_id,m1_0.status,m1_0.win_condition,m1_0.winner_id from matches m1_0 where m1_0.player1_id=? or m1_0.player2_id=?
Hibernate: select c1_0.deck_id,c1_0.id,c1_0.card_id,c1_0.quantity from deck_cards c1_0 where c1_0.deck_id=?
Hibernate: select c1_0.id,c1_0.colors,c1_0.commander_eligible,c1_0.discoverable,c1_0.forge_name,c1_0.image_url,c1_0.mana_value,c1_0.oracle_id,c1_0.ownership_type,c1_0.rarity,c1_0.set_code,c1_0.spawn_region,c1_0.types,c1_0.weight from cards c1_0 where c1_0.id=?
Hibernate: select c1_0.id,c1_0.colors,c1_0.commander_eligible,c1_0.discoverable,c1_0.forge_name,c1_0.image_url,c1_0.mana_value,c1_0.oracle_id,c1_0.ownership_type,c1_0.rarity,c1_0.set_code,c1_0.spawn_region,c1_0.types,c1_0.weight from cards c1_0 where c1_0.id=?
Hibernate: select c1_0.id,c1_0.colors,c1_0.commander_eligible,c1_0.discoverable,c1_0.forge_name,c1_0.image_url,c1_0.mana_value,c1_0.oracle_id,c1_0.ownership_type,c1_0.rarity,c1_0.set_code,c1_0.spawn_region,c1_0.types,c1_0.weight from cards c1_0 where c1_0.id=?
Hibernate: select c1_0.id,c1_0.colors,c1_0.commander_eligible,c1_0.discoverable,c1_0.forge_name,c1_0.image_url,c1_0.mana_value,c1_0.oracle_id,c1_0.ownership_type,c1_0.rarity,c1_0.set_code,c1_0.spawn_region,c1_0.types,c1_0.weight from cards c1_0 where c1_0.id=?
Hibernate: select p1_0.id,p1_0.avatar,p1_0.banned,p1_0.banned_at,p1_0.created,p1_0.degree_level,p1_0.display_name,p1_0.email,p1_0.experience,p1_0.last_login,p1_0.level,p1_0.password_hash,p1_0.role,p1_0.specialization,p1_0.student_id from players p1_0 where p1_0.email=?
Hibernate: select p1_0.id,p1_0.avatar,p1_0.banned,p1_0.banned_at,p1_0.created,p1_0.degree_level,p1_0.display_name,p1_0.email,p1_0.experience,p1_0.last_login,p1_0.level,p1_0.password_hash,p1_0.role,p1_0.specialization,p1_0.student_id from players p1_0 where p1_0.id=?
Hibernate: select d1_0.id,d1_0.card_id,d1_0.count,d1_0.last_discovered,d1_0.player_id from discoveries d1_0 where d1_0.player_id=?
Hibernate: select c1_0.id,c1_0.colors,c1_0.commander_eligible,c1_0.discoverable,c1_0.forge_name,c1_0.image_url,c1_0.mana_value,c1_0.oracle_id,c1_0.ownership_type,c1_0.rarity,c1_0.set_code,c1_0.spawn_region,c1_0.types,c1_0.weight from cards c1_0 where c1_0.ownership_type=?
Hibernate: select pu1_0.id,pu1_0.card_id,pu1_0.player_id,pu1_0.unlocked_at from player_unlocks pu1_0 where pu1_0.player_id=?
Hibernate: select uc1_0.physical_uuid,uc1_0.card_id,uc1_0.claimed_at,uc1_0.history,uc1_0.owner_id,uc1_0.serial_number from unique_cards uc1_0 where uc1_0.owner_id=?
Hibernate: select count(*) from cards c1_0
Hibernate: select c1_0.id,c1_0.colors,c1_0.commander_eligible,c1_0.discoverable,c1_0.forge_name,c1_0.image_url,c1_0.mana_value,c1_0.oracle_id,c1_0.ownership_type,c1_0.rarity,c1_0.set_code,c1_0.spawn_region,c1_0.types,c1_0.weight from cards c1_0
Hibernate: select c1_0.id,c1_0.building,c1_0.card_id,c1_0.claimed_at,c1_0.claimed_by,c1_0.created_at,c1_0.event_id,c1_0.expires_at,c1_0.spawned_by,c1_0.status,c1_0.token,c1_0.token_core from claims c1_0 where c1_0.claimed_by=?
Hibernate: select m1_0.id,m1_0.battle_code,m1_0.created_at,m1_0.deck1_id,m1_0.deck2_id,m1_0.ended_at,m1_0.event_id,m1_0.player1_id,m1_0.player2_id,m1_0.status,m1_0.win_condition,m1_0.winner_id from matches m1_0 where m1_0.player1_id=? or m1_0.player2_id=?
Hibernate: select m1_0.id,m1_0.battle_code,m1_0.created_at,m1_0.deck1_id,m1_0.deck2_id,m1_0.ended_at,m1_0.event_id,m1_0.player1_id,m1_0.player2_id,m1_0.status,m1_0.win_condition,m1_0.winner_id from matches m1_0 where m1_0.player1_id=? or m1_0.player2_id=?
Hibernate: select d1_0.id,d1_0.card_id,d1_0.count,d1_0.last_discovered,d1_0.player_id from discoveries d1_0 where d1_0.player_id=?
Hibernate: select c1_0.id,c1_0.colors,c1_0.commander_eligible,c1_0.discoverable,c1_0.forge_name,c1_0.image_url,c1_0.mana_value,c1_0.oracle_id,c1_0.ownership_type,c1_0.rarity,c1_0.set_code,c1_0.spawn_region,c1_0.types,c1_0.weight from cards c1_0 where c1_0.ownership_type=?
Hibernate: select pu1_0.id,pu1_0.card_id,pu1_0.player_id,pu1_0.unlocked_at from player_unlocks pu1_0 where pu1_0.player_id=?
Hibernate: select uc1_0.physical_uuid,uc1_0.card_id,uc1_0.claimed_at,uc1_0.history,uc1_0.owner_id,uc1_0.serial_number from unique_cards uc1_0 where uc1_0.owner_id=?
Hibernate: select count(*) from cards c1_0
Hibernate: select count(t1_0.id) from trades t1_0 where t1_0.status=? and (t1_0.sender_id=? or t1_0.receiver_id=?)
Hibernate: select pa1_0.id,pa1_0.code,pa1_0.player_id,pa1_0.unlocked_at from player_achievements pa1_0 where pa1_0.player_id=? order by pa1_0.unlocked_at
Hibernate: select p1_0.id,p1_0.avatar,p1_0.banned,p1_0.banned_at,p1_0.created,p1_0.degree_level,p1_0.display_name,p1_0.email,p1_0.experience,p1_0.last_login,p1_0.level,p1_0.password_hash,p1_0.role,p1_0.specialization,p1_0.student_id from players p1_0 where p1_0.email=?
Hibernate: select p1_0.id,p1_0.avatar,p1_0.banned,p1_0.banned_at,p1_0.created,p1_0.degree_level,p1_0.display_name,p1_0.email,p1_0.experience,p1_0.last_login,p1_0.level,p1_0.password_hash,p1_0.role,p1_0.specialization,p1_0.student_id from players p1_0 where p1_0.email=?
Hibernate: select p1_0.id,p1_0.avatar,p1_0.banned,p1_0.banned_at,p1_0.created,p1_0.degree_level,p1_0.display_name,p1_0.email,p1_0.experience,p1_0.last_login,p1_0.level,p1_0.password_hash,p1_0.role,p1_0.specialization,p1_0.student_id from players p1_0 where p1_0.email=?
Hibernate: select p1_0.id,p1_0.avatar,p1_0.banned,p1_0.banned_at,p1_0.created,p1_0.degree_level,p1_0.display_name,p1_0.email,p1_0.experience,p1_0.last_login,p1_0.level,p1_0.password_hash,p1_0.role,p1_0.specialization,p1_0.student_id from players p1_0 where p1_0.email=?
Hibernate: select m1_0.id,m1_0.battle_code,m1_0.created_at,m1_0.deck1_id,m1_0.deck2_id,m1_0.ended_at,m1_0.event_id,m1_0.player1_id,m1_0.player2_id,m1_0.status,m1_0.win_condition,m1_0.winner_id from matches m1_0
Hibernate: select c1_0.id,c1_0.building,c1_0.card_id,c1_0.claimed_at,c1_0.claimed_by,c1_0.created_at,c1_0.event_id,c1_0.expires_at,c1_0.spawned_by,c1_0.status,c1_0.token,c1_0.token_core from claims c1_0
Hibernate: select d1_0.id,d1_0.commander_card_id,d1_0.created_at,d1_0.format_code,d1_0.name,d1_0.player_id,d1_0.updated_at from decks d1_0 where d1_0.id=?
Hibernate: select d1_0.id,d1_0.commander_card_id,d1_0.created_at,d1_0.format_code,d1_0.name,d1_0.player_id,d1_0.updated_at from decks d1_0 where d1_0.id=?
Hibernate: select count(*) from cards c1_0
Hibernate: select p1_0.id,p1_0.avatar,p1_0.banned,p1_0.banned_at,p1_0.created,p1_0.degree_level,p1_0.display_name,p1_0.email,p1_0.experience,p1_0.last_login,p1_0.level,p1_0.password_hash,p1_0.role,p1_0.specialization,p1_0.student_id from players p1_0
Hibernate: select p1_0.id,p1_0.avatar,p1_0.banned,p1_0.banned_at,p1_0.created,p1_0.degree_level,p1_0.display_name,p1_0.email,p1_0.experience,p1_0.last_login,p1_0.level,p1_0.password_hash,p1_0.role,p1_0.specialization,p1_0.student_id from players p1_0 where p1_0.email=?
Hibernate: select p1_0.id,p1_0.avatar,p1_0.banned,p1_0.banned_at,p1_0.created,p1_0.degree_level,p1_0.display_name,p1_0.email,p1_0.experience,p1_0.last_login,p1_0.level,p1_0.password_hash,p1_0.role,p1_0.specialization,p1_0.student_id from players p1_0 where p1_0.email=?
Hibernate: select p1_0.id,p1_0.avatar,p1_0.banned,p1_0.banned_at,p1_0.created,p1_0.degree_level,p1_0.display_name,p1_0.email,p1_0.experience,p1_0.last_login,p1_0.level,p1_0.password_hash,p1_0.role,p1_0.specialization,p1_0.student_id from players p1_0 where p1_0.email=?
Hibernate: select p1_0.id,p1_0.avatar,p1_0.banned,p1_0.banned_at,p1_0.created,p1_0.degree_level,p1_0.display_name,p1_0.email,p1_0.experience,p1_0.last_login,p1_0.level,p1_0.password_hash,p1_0.role,p1_0.specialization,p1_0.student_id from players p1_0 where p1_0.id=?
Hibernate: select m1_0.id,m1_0.battle_code,m1_0.created_at,m1_0.deck1_id,m1_0.deck2_id,m1_0.ended_at,m1_0.event_id,m1_0.player1_id,m1_0.player2_id,m1_0.status,m1_0.win_condition,m1_0.winner_id from matches m1_0 where m1_0.player1_id=? or m1_0.player2_id=?
Hibernate: select d1_0.id,d1_0.commander_card_id,d1_0.created_at,d1_0.format_code,d1_0.name,d1_0.player_id,d1_0.updated_at from decks d1_0 where d1_0.player_id=?
Hibernate: select c1_0.deck_id,c1_0.id,c1_0.card_id,c1_0.quantity from deck_cards c1_0 where c1_0.deck_id=?
Hibernate: select c1_0.id,c1_0.colors,c1_0.commander_eligible,c1_0.discoverable,c1_0.forge_name,c1_0.image_url,c1_0.mana_value,c1_0.oracle_id,c1_0.ownership_type,c1_0.rarity,c1_0.set_code,c1_0.spawn_region,c1_0.types,c1_0.weight from cards c1_0 where c1_0.id=?
Hibernate: select c1_0.id,c1_0.colors,c1_0.commander_eligible,c1_0.discoverable,c1_0.forge_name,c1_0.image_url,c1_0.mana_value,c1_0.oracle_id,c1_0.ownership_type,c1_0.rarity,c1_0.set_code,c1_0.spawn_region,c1_0.types,c1_0.weight from cards c1_0 where c1_0.id=?
Hibernate: select c1_0.id,c1_0.colors,c1_0.commander_eligible,c1_0.discoverable,c1_0.forge_name,c1_0.image_url,c1_0.mana_value,c1_0.oracle_id,c1_0.ownership_type,c1_0.rarity,c1_0.set_code,c1_0.spawn_region,c1_0.types,c1_0.weight from cards c1_0 where c1_0.id=?
Hibernate: select c1_0.id,c1_0.colors,c1_0.commander_eligible,c1_0.discoverable,c1_0.forge_name,c1_0.image_url,c1_0.mana_value,c1_0.oracle_id,c1_0.ownership_type,c1_0.rarity,c1_0.set_code,c1_0.spawn_region,c1_0.types,c1_0.weight from cards c1_0 where c1_0.id=?
Hibernate: select p1_0.id,p1_0.avatar,p1_0.banned,p1_0.banned_at,p1_0.created,p1_0.degree_level,p1_0.display_name,p1_0.email,p1_0.experience,p1_0.last_login,p1_0.level,p1_0.password_hash,p1_0.role,p1_0.specialization,p1_0.student_id from players p1_0 where p1_0.email=?
Hibernate: select p1_0.id,p1_0.avatar,p1_0.banned,p1_0.banned_at,p1_0.created,p1_0.degree_level,p1_0.display_name,p1_0.email,p1_0.experience,p1_0.last_login,p1_0.level,p1_0.password_hash,p1_0.role,p1_0.specialization,p1_0.student_id from players p1_0 where p1_0.id=?
Hibernate: select d1_0.id,d1_0.commander_card_id,d1_0.created_at,d1_0.format_code,d1_0.name,d1_0.player_id,d1_0.updated_at from decks d1_0 where d1_0.id=?
Hibernate: select c1_0.deck_id,c1_0.id,c1_0.card_id,c1_0.quantity from deck_cards c1_0 where c1_0.deck_id=?
Hibernate: select f1_0.id,f1_0.basics_unlimited,f1_0.code,f1_0.commander_required,f1_0.max_copies,f1_0.max_deck_size,f1_0.min_deck_size,f1_0.name from formats f1_0 where f1_0.code=?
Hibernate: select c1_0.id,c1_0.colors,c1_0.commander_eligible,c1_0.discoverable,c1_0.forge_name,c1_0.image_url,c1_0.mana_value,c1_0.oracle_id,c1_0.ownership_type,c1_0.rarity,c1_0.set_code,c1_0.spawn_region,c1_0.types,c1_0.weight from cards c1_0 where c1_0.id=?
Hibernate: select c1_0.id,c1_0.colors,c1_0.commander_eligible,c1_0.discoverable,c1_0.forge_name,c1_0.image_url,c1_0.mana_value,c1_0.oracle_id,c1_0.ownership_type,c1_0.rarity,c1_0.set_code,c1_0.spawn_region,c1_0.types,c1_0.weight from cards c1_0 where c1_0.id=?
Hibernate: select c1_0.id,c1_0.colors,c1_0.commander_eligible,c1_0.discoverable,c1_0.forge_name,c1_0.image_url,c1_0.mana_value,c1_0.oracle_id,c1_0.ownership_type,c1_0.rarity,c1_0.set_code,c1_0.spawn_region,c1_0.types,c1_0.weight from cards c1_0 where c1_0.id=?
Hibernate: select c1_0.id,c1_0.colors,c1_0.commander_eligible,c1_0.discoverable,c1_0.forge_name,c1_0.image_url,c1_0.mana_value,c1_0.oracle_id,c1_0.ownership_type,c1_0.rarity,c1_0.set_code,c1_0.spawn_region,c1_0.types,c1_0.weight from cards c1_0 where c1_0.id=?
Hibernate: select cl1_0.id,cl1_0.card_id,cl1_0.format_id,cl1_0.legality from card_legalities cl1_0 where cl1_0.format_id=?
Hibernate: select m1_0.id,m1_0.battle_code,m1_0.created_at,m1_0.deck1_id,m1_0.deck2_id,m1_0.ended_at,m1_0.event_id,m1_0.player1_id,m1_0.player2_id,m1_0.status,m1_0.win_condition,m1_0.winner_id from matches m1_0 where m1_0.battle_code=?
Hibernate: insert into matches (battle_code,created_at,deck1_id,deck2_id,ended_at,event_id,player1_id,player2_id,status,win_condition,winner_id,id) values (?,?,?,?,?,?,?,?,?,?,?,?)
Hibernate: select p1_0.id,p1_0.avatar,p1_0.banned,p1_0.banned_at,p1_0.created,p1_0.degree_level,p1_0.display_name,p1_0.email,p1_0.experience,p1_0.last_login,p1_0.level,p1_0.password_hash,p1_0.role,p1_0.specialization,p1_0.student_id from players p1_0 where p1_0.email=?
Hibernate: select p1_0.id,p1_0.avatar,p1_0.banned,p1_0.banned_at,p1_0.created,p1_0.degree_level,p1_0.display_name,p1_0.email,p1_0.experience,p1_0.last_login,p1_0.level,p1_0.password_hash,p1_0.role,p1_0.specialization,p1_0.student_id from players p1_0 where p1_0.email=?
Hibernate: select m1_0.id,m1_0.battle_code,m1_0.created_at,m1_0.deck1_id,m1_0.deck2_id,m1_0.ended_at,m1_0.event_id,m1_0.player1_id,m1_0.player2_id,m1_0.status,m1_0.win_condition,m1_0.winner_id from matches m1_0 where m1_0.player1_id=? or m1_0.player2_id=?
Hibernate: select m1_0.id,m1_0.battle_code,m1_0.created_at,m1_0.deck1_id,m1_0.deck2_id,m1_0.ended_at,m1_0.event_id,m1_0.player1_id,m1_0.player2_id,m1_0.status,m1_0.win_condition,m1_0.winner_id from matches m1_0 where m1_0.id=?
Hibernate: select p1_0.id,p1_0.avatar,p1_0.banned,p1_0.banned_at,p1_0.created,p1_0.degree_level,p1_0.display_name,p1_0.email,p1_0.experience,p1_0.last_login,p1_0.level,p1_0.password_hash,p1_0.role,p1_0.specialization,p1_0.student_id from players p1_0 where p1_0.email=?
Hibernate: select p1_0.id,p1_0.avatar,p1_0.banned,p1_0.banned_at,p1_0.created,p1_0.degree_level,p1_0.display_name,p1_0.email,p1_0.experience,p1_0.last_login,p1_0.level,p1_0.password_hash,p1_0.role,p1_0.specialization,p1_0.student_id from players p1_0 where p1_0.email=?
Hibernate: select m1_0.id,m1_0.battle_code,m1_0.created_at,m1_0.deck1_id,m1_0.deck2_id,m1_0.ended_at,m1_0.event_id,m1_0.player1_id,m1_0.player2_id,m1_0.status,m1_0.win_condition,m1_0.winner_id from matches m1_0 where m1_0.id=?
Hibernate: select p1_0.id,p1_0.avatar,p1_0.banned,p1_0.banned_at,p1_0.created,p1_0.degree_level,p1_0.display_name,p1_0.email,p1_0.experience,p1_0.last_login,p1_0.level,p1_0.password_hash,p1_0.role,p1_0.specialization,p1_0.student_id from players p1_0 where p1_0.email=?
Hibernate: select m1_0.id,m1_0.battle_code,m1_0.created_at,m1_0.deck1_id,m1_0.deck2_id,m1_0.ended_at,m1_0.event_id,m1_0.player1_id,m1_0.player2_id,m1_0.status,m1_0.win_condition,m1_0.winner_id from matches m1_0 where m1_0.id=?
Hibernate: select p1_0.id,p1_0.avatar,p1_0.banned,p1_0.banned_at,p1_0.created,p1_0.degree_level,p1_0.display_name,p1_0.email,p1_0.experience,p1_0.last_login,p1_0.level,p1_0.password_hash,p1_0.role,p1_0.specialization,p1_0.student_id from players p1_0 where p1_0.email=?
Hibernate: select p1_0.id,p1_0.avatar,p1_0.banned,p1_0.banned_at,p1_0.created,p1_0.degree_level,p1_0.display_name,p1_0.email,p1_0.experience,p1_0.last_login,p1_0.level,p1_0.password_hash,p1_0.role,p1_0.specialization,p1_0.student_id from players p1_0 where p1_0.id=?
Hibernate: select f1_0.id,f1_0.basics_unlimited,f1_0.code,f1_0.commander_required,f1_0.max_copies,f1_0.max_deck_size,f1_0.min_deck_size,f1_0.name from formats f1_0 where f1_0.code=?
Hibernate: select c1_0.id,c1_0.colors,c1_0.commander_eligible,c1_0.discoverable,c1_0.forge_name,c1_0.image_url,c1_0.mana_value,c1_0.oracle_id,c1_0.ownership_type,c1_0.rarity,c1_0.set_code,c1_0.spawn_region,c1_0.types,c1_0.weight from cards c1_0 where c1_0.id=?
Hibernate: select c1_0.id,c1_0.colors,c1_0.commander_eligible,c1_0.discoverable,c1_0.forge_name,c1_0.image_url,c1_0.mana_value,c1_0.oracle_id,c1_0.ownership_type,c1_0.rarity,c1_0.set_code,c1_0.spawn_region,c1_0.types,c1_0.weight from cards c1_0 where c1_0.id=?
Hibernate: select c1_0.id,c1_0.colors,c1_0.commander_eligible,c1_0.discoverable,c1_0.forge_name,c1_0.image_url,c1_0.mana_value,c1_0.oracle_id,c1_0.ownership_type,c1_0.rarity,c1_0.set_code,c1_0.spawn_region,c1_0.types,c1_0.weight from cards c1_0 where c1_0.id=?
Hibernate: select c1_0.id,c1_0.colors,c1_0.commander_eligible,c1_0.discoverable,c1_0.forge_name,c1_0.image_url,c1_0.mana_value,c1_0.oracle_id,c1_0.ownership_type,c1_0.rarity,c1_0.set_code,c1_0.spawn_region,c1_0.types,c1_0.weight from cards c1_0 where c1_0.id=?
Hibernate: select c1_0.id,c1_0.colors,c1_0.commander_eligible,c1_0.discoverable,c1_0.forge_name,c1_0.image_url,c1_0.mana_value,c1_0.oracle_id,c1_0.ownership_type,c1_0.rarity,c1_0.set_code,c1_0.spawn_region,c1_0.types,c1_0.weight from cards c1_0 where c1_0.id=?
Hibernate: select c1_0.id,c1_0.colors,c1_0.commander_eligible,c1_0.discoverable,c1_0.forge_name,c1_0.image_url,c1_0.mana_value,c1_0.oracle_id,c1_0.ownership_type,c1_0.rarity,c1_0.set_code,c1_0.spawn_region,c1_0.types,c1_0.weight from cards c1_0 where c1_0.id=?
Hibernate: select c1_0.id,c1_0.colors,c1_0.commander_eligible,c1_0.discoverable,c1_0.forge_name,c1_0.image_url,c1_0.mana_value,c1_0.oracle_id,c1_0.ownership_type,c1_0.rarity,c1_0.set_code,c1_0.spawn_region,c1_0.types,c1_0.weight from cards c1_0 where c1_0.id=?
Hibernate: select c1_0.id,c1_0.colors,c1_0.commander_eligible,c1_0.discoverable,c1_0.forge_name,c1_0.image_url,c1_0.mana_value,c1_0.oracle_id,c1_0.ownership_type,c1_0.rarity,c1_0.set_code,c1_0.spawn_region,c1_0.types,c1_0.weight from cards c1_0 where c1_0.id=?
Hibernate: select c1_0.id,c1_0.colors,c1_0.commander_eligible,c1_0.discoverable,c1_0.forge_name,c1_0.image_url,c1_0.mana_value,c1_0.oracle_id,c1_0.ownership_type,c1_0.rarity,c1_0.set_code,c1_0.spawn_region,c1_0.types,c1_0.weight from cards c1_0 where c1_0.id=?
Hibernate: select c1_0.id,c1_0.colors,c1_0.commander_eligible,c1_0.discoverable,c1_0.forge_name,c1_0.image_url,c1_0.mana_value,c1_0.oracle_id,c1_0.ownership_type,c1_0.rarity,c1_0.set_code,c1_0.spawn_region,c1_0.types,c1_0.weight from cards c1_0 where c1_0.id=?
Hibernate: select c1_0.id,c1_0.colors,c1_0.commander_eligible,c1_0.discoverable,c1_0.forge_name,c1_0.image_url,c1_0.mana_value,c1_0.oracle_id,c1_0.ownership_type,c1_0.rarity,c1_0.set_code,c1_0.spawn_region,c1_0.types,c1_0.weight from cards c1_0 where c1_0.id=?
Hibernate: select c1_0.id,c1_0.colors,c1_0.commander_eligible,c1_0.discoverable,c1_0.forge_name,c1_0.image_url,c1_0.mana_value,c1_0.oracle_id,c1_0.ownership_type,c1_0.rarity,c1_0.set_code,c1_0.spawn_region,c1_0.types,c1_0.weight from cards c1_0 where c1_0.id=?
Hibernate: select c1_0.id,c1_0.colors,c1_0.commander_eligible,c1_0.discoverable,c1_0.forge_name,c1_0.image_url,c1_0.mana_value,c1_0.oracle_id,c1_0.ownership_type,c1_0.rarity,c1_0.set_code,c1_0.spawn_region,c1_0.types,c1_0.weight from cards c1_0 where c1_0.id=?
Hibernate: select c1_0.id,c1_0.colors,c1_0.commander_eligible,c1_0.discoverable,c1_0.forge_name,c1_0.image_url,c1_0.mana_value,c1_0.oracle_id,c1_0.ownership_type,c1_0.rarity,c1_0.set_code,c1_0.spawn_region,c1_0.types,c1_0.weight from cards c1_0 where c1_0.id=?
Hibernate: select cl1_0.id,cl1_0.card_id,cl1_0.format_id,cl1_0.legality from card_legalities cl1_0 where cl1_0.format_id=?
Hibernate: select pu1_0.id from player_unlocks pu1_0 where pu1_0.player_id=? and pu1_0.card_id=? fetch first ? rows only
Hibernate: select pu1_0.id,pu1_0.card_id,pu1_0.player_id,pu1_0.unlocked_at from player_unlocks pu1_0 where pu1_0.player_id=?
Hibernate: select pu1_0.id from player_unlocks pu1_0 where pu1_0.player_id=? and pu1_0.card_id=? fetch first ? rows only
Hibernate: select pu1_0.id,pu1_0.card_id,pu1_0.player_id,pu1_0.unlocked_at from player_unlocks pu1_0 where pu1_0.player_id=?
Hibernate: select pu1_0.id from player_unlocks pu1_0 where pu1_0.player_id=? and pu1_0.card_id=? fetch first ? rows only
Hibernate: select pu1_0.id,pu1_0.card_id,pu1_0.player_id,pu1_0.unlocked_at from player_unlocks pu1_0 where pu1_0.player_id=?
Hibernate: select pu1_0.id from player_unlocks pu1_0 where pu1_0.player_id=? and pu1_0.card_id=? fetch first ? rows only
Hibernate: select pu1_0.id,pu1_0.card_id,pu1_0.player_id,pu1_0.unlocked_at from player_unlocks pu1_0 where pu1_0.player_id=?
Hibernate: select pu1_0.id from player_unlocks pu1_0 where pu1_0.player_id=? and pu1_0.card_id=? fetch first ? rows only
Hibernate: select pu1_0.id,pu1_0.card_id,pu1_0.player_id,pu1_0.unlocked_at from player_unlocks pu1_0 where pu1_0.player_id=?
Hibernate: select pu1_0.id from player_unlocks pu1_0 where pu1_0.player_id=? and pu1_0.card_id=? fetch first ? rows only
Hibernate: select pu1_0.id,pu1_0.card_id,pu1_0.player_id,pu1_0.unlocked_at from player_unlocks pu1_0 where pu1_0.player_id=?
Hibernate: select pu1_0.id from player_unlocks pu1_0 where pu1_0.player_id=? and pu1_0.card_id=? fetch first ? rows only
Hibernate: select pu1_0.id,pu1_0.card_id,pu1_0.player_id,pu1_0.unlocked_at from player_unlocks pu1_0 where pu1_0.player_id=?
Hibernate: select pu1_0.id from player_unlocks pu1_0 where pu1_0.player_id=? and pu1_0.card_id=? fetch first ? rows only
Hibernate: select pu1_0.id,pu1_0.card_id,pu1_0.player_id,pu1_0.unlocked_at from player_unlocks pu1_0 where pu1_0.player_id=?
Hibernate: select pu1_0.id from player_unlocks pu1_0 where pu1_0.player_id=? and pu1_0.card_id=? fetch first ? rows only
Hibernate: select pu1_0.id,pu1_0.card_id,pu1_0.player_id,pu1_0.unlocked_at from player_unlocks pu1_0 where pu1_0.player_id=?
Hibernate: insert into decks (commander_card_id,created_at,format_code,name,player_id,updated_at,id) values (?,?,?,?,?,?,?)
Hibernate: insert into deck_cards (card_id,deck_id,quantity,id) values (?,?,?,?)
Hibernate: insert into deck_cards (card_id,deck_id,quantity,id) values (?,?,?,?)
Hibernate: insert into deck_cards (card_id,deck_id,quantity,id) values (?,?,?,?)
Hibernate: insert into deck_cards (card_id,deck_id,quantity,id) values (?,?,?,?)
Hibernate: insert into deck_cards (card_id,deck_id,quantity,id) values (?,?,?,?)
Hibernate: insert into deck_cards (card_id,deck_id,quantity,id) values (?,?,?,?)
Hibernate: insert into deck_cards (card_id,deck_id,quantity,id) values (?,?,?,?)
Hibernate: insert into deck_cards (card_id,deck_id,quantity,id) values (?,?,?,?)
Hibernate: insert into deck_cards (card_id,deck_id,quantity,id) values (?,?,?,?)
Hibernate: insert into deck_cards (card_id,deck_id,quantity,id) values (?,?,?,?)
Hibernate: insert into deck_cards (card_id,deck_id,quantity,id) values (?,?,?,?)
Hibernate: insert into deck_cards (card_id,deck_id,quantity,id) values (?,?,?,?)
Hibernate: insert into deck_cards (card_id,deck_id,quantity,id) values (?,?,?,?)
Hibernate: insert into deck_cards (card_id,deck_id,quantity,id) values (?,?,?,?)
Hibernate: select p1_0.id,p1_0.avatar,p1_0.banned,p1_0.banned_at,p1_0.created,p1_0.degree_level,p1_0.display_name,p1_0.email,p1_0.experience,p1_0.last_login,p1_0.level,p1_0.password_hash,p1_0.role,p1_0.specialization,p1_0.student_id from players p1_0 where p1_0.email=?
Hibernate: select p1_0.id,p1_0.avatar,p1_0.banned,p1_0.banned_at,p1_0.created,p1_0.degree_level,p1_0.display_name,p1_0.email,p1_0.experience,p1_0.last_login,p1_0.level,p1_0.password_hash,p1_0.role,p1_0.specialization,p1_0.student_id from players p1_0 where p1_0.id=?
Hibernate: select d1_0.id,d1_0.commander_card_id,d1_0.created_at,d1_0.format_code,d1_0.name,d1_0.player_id,d1_0.updated_at from decks d1_0 where d1_0.player_id=?
Hibernate: select c1_0.deck_id,c1_0.id,c1_0.card_id,c1_0.quantity from deck_cards c1_0 where c1_0.deck_id=?
Hibernate: select c1_0.id,c1_0.colors,c1_0.commander_eligible,c1_0.discoverable,c1_0.forge_name,c1_0.image_url,c1_0.mana_value,c1_0.oracle_id,c1_0.ownership_type,c1_0.rarity,c1_0.set_code,c1_0.spawn_region,c1_0.types,c1_0.weight from cards c1_0 where c1_0.id=?
Hibernate: select c1_0.id,c1_0.colors,c1_0.commander_eligible,c1_0.discoverable,c1_0.forge_name,c1_0.image_url,c1_0.mana_value,c1_0.oracle_id,c1_0.ownership_type,c1_0.rarity,c1_0.set_code,c1_0.spawn_region,c1_0.types,c1_0.weight from cards c1_0 where c1_0.id=?
Hibernate: select c1_0.id,c1_0.colors,c1_0.commander_eligible,c1_0.discoverable,c1_0.forge_name,c1_0.image_url,c1_0.mana_value,c1_0.oracle_id,c1_0.ownership_type,c1_0.rarity,c1_0.set_code,c1_0.spawn_region,c1_0.types,c1_0.weight from cards c1_0 where c1_0.id=?
Hibernate: select c1_0.id,c1_0.colors,c1_0.commander_eligible,c1_0.discoverable,c1_0.forge_name,c1_0.image_url,c1_0.mana_value,c1_0.oracle_id,c1_0.ownership_type,c1_0.rarity,c1_0.set_code,c1_0.spawn_region,c1_0.types,c1_0.weight from cards c1_0 where c1_0.id=?
Hibernate: select c1_0.id,c1_0.colors,c1_0.commander_eligible,c1_0.discoverable,c1_0.forge_name,c1_0.image_url,c1_0.mana_value,c1_0.oracle_id,c1_0.ownership_type,c1_0.rarity,c1_0.set_code,c1_0.spawn_region,c1_0.types,c1_0.weight from cards c1_0 where c1_0.id=?
Hibernate: select c1_0.id,c1_0.colors,c1_0.commander_eligible,c1_0.discoverable,c1_0.forge_name,c1_0.image_url,c1_0.mana_value,c1_0.oracle_id,c1_0.ownership_type,c1_0.rarity,c1_0.set_code,c1_0.spawn_region,c1_0.types,c1_0.weight from cards c1_0 where c1_0.id=?
Hibernate: select c1_0.id,c1_0.colors,c1_0.commander_eligible,c1_0.discoverable,c1_0.forge_name,c1_0.image_url,c1_0.mana_value,c1_0.oracle_id,c1_0.ownership_type,c1_0.rarity,c1_0.set_code,c1_0.spawn_region,c1_0.types,c1_0.weight from cards c1_0 where c1_0.id=?
Hibernate: select c1_0.id,c1_0.colors,c1_0.commander_eligible,c1_0.discoverable,c1_0.forge_name,c1_0.image_url,c1_0.mana_value,c1_0.oracle_id,c1_0.ownership_type,c1_0.rarity,c1_0.set_code,c1_0.spawn_region,c1_0.types,c1_0.weight from cards c1_0 where c1_0.id=?
Hibernate: select c1_0.id,c1_0.colors,c1_0.commander_eligible,c1_0.discoverable,c1_0.forge_name,c1_0.image_url,c1_0.mana_value,c1_0.oracle_id,c1_0.ownership_type,c1_0.rarity,c1_0.set_code,c1_0.spawn_region,c1_0.types,c1_0.weight from cards c1_0 where c1_0.id=?
Hibernate: select c1_0.id,c1_0.colors,c1_0.commander_eligible,c1_0.discoverable,c1_0.forge_name,c1_0.image_url,c1_0.mana_value,c1_0.oracle_id,c1_0.ownership_type,c1_0.rarity,c1_0.set_code,c1_0.spawn_region,c1_0.types,c1_0.weight from cards c1_0 where c1_0.id=?
Hibernate: select c1_0.id,c1_0.colors,c1_0.commander_eligible,c1_0.discoverable,c1_0.forge_name,c1_0.image_url,c1_0.mana_value,c1_0.oracle_id,c1_0.ownership_type,c1_0.rarity,c1_0.set_code,c1_0.spawn_region,c1_0.types,c1_0.weight from cards c1_0 where c1_0.id=?
Hibernate: select c1_0.id,c1_0.colors,c1_0.commander_eligible,c1_0.discoverable,c1_0.forge_name,c1_0.image_url,c1_0.mana_value,c1_0.oracle_id,c1_0.ownership_type,c1_0.rarity,c1_0.set_code,c1_0.spawn_region,c1_0.types,c1_0.weight from cards c1_0 where c1_0.id=?
Hibernate: select c1_0.id,c1_0.colors,c1_0.commander_eligible,c1_0.discoverable,c1_0.forge_name,c1_0.image_url,c1_0.mana_value,c1_0.oracle_id,c1_0.ownership_type,c1_0.rarity,c1_0.set_code,c1_0.spawn_region,c1_0.types,c1_0.weight from cards c1_0 where c1_0.id=?
Hibernate: select c1_0.id,c1_0.colors,c1_0.commander_eligible,c1_0.discoverable,c1_0.forge_name,c1_0.image_url,c1_0.mana_value,c1_0.oracle_id,c1_0.ownership_type,c1_0.rarity,c1_0.set_code,c1_0.spawn_region,c1_0.types,c1_0.weight from cards c1_0 where c1_0.id=?
Hibernate: select c1_0.deck_id,c1_0.id,c1_0.card_id,c1_0.quantity from deck_cards c1_0 where c1_0.deck_id=?
Hibernate: select c1_0.id,c1_0.colors,c1_0.commander_eligible,c1_0.discoverable,c1_0.forge_name,c1_0.image_url,c1_0.mana_value,c1_0.oracle_id,c1_0.ownership_type,c1_0.rarity,c1_0.set_code,c1_0.spawn_region,c1_0.types,c1_0.weight from cards c1_0 where c1_0.id=?
Hibernate: select c1_0.id,c1_0.colors,c1_0.commander_eligible,c1_0.discoverable,c1_0.forge_name,c1_0.image_url,c1_0.mana_value,c1_0.oracle_id,c1_0.ownership_type,c1_0.rarity,c1_0.set_code,c1_0.spawn_region,c1_0.types,c1_0.weight from cards c1_0 where c1_0.id=?
Hibernate: select c1_0.id,c1_0.colors,c1_0.commander_eligible,c1_0.discoverable,c1_0.forge_name,c1_0.image_url,c1_0.mana_value,c1_0.oracle_id,c1_0.ownership_type,c1_0.rarity,c1_0.set_code,c1_0.spawn_region,c1_0.types,c1_0.weight from cards c1_0 where c1_0.id=?
Hibernate: select c1_0.id,c1_0.colors,c1_0.commander_eligible,c1_0.discoverable,c1_0.forge_name,c1_0.image_url,c1_0.mana_value,c1_0.oracle_id,c1_0.ownership_type,c1_0.rarity,c1_0.set_code,c1_0.spawn_region,c1_0.types,c1_0.weight from cards c1_0 where c1_0.id=?
Hibernate: select c1_0.id,c1_0.colors,c1_0.commander_eligible,c1_0.discoverable,c1_0.forge_name,c1_0.image_url,c1_0.mana_value,c1_0.oracle_id,c1_0.ownership_type,c1_0.rarity,c1_0.set_code,c1_0.spawn_region,c1_0.types,c1_0.weight from cards c1_0 where c1_0.id=?
Hibernate: select c1_0.id,c1_0.colors,c1_0.commander_eligible,c1_0.discoverable,c1_0.forge_name,c1_0.image_url,c1_0.mana_value,c1_0.oracle_id,c1_0.ownership_type,c1_0.rarity,c1_0.set_code,c1_0.spawn_region,c1_0.types,c1_0.weight from cards c1_0 where c1_0.id=?
Hibernate: select c1_0.id,c1_0.colors,c1_0.commander_eligible,c1_0.discoverable,c1_0.forge_name,c1_0.image_url,c1_0.mana_value,c1_0.oracle_id,c1_0.ownership_type,c1_0.rarity,c1_0.set_code,c1_0.spawn_region,c1_0.types,c1_0.weight from cards c1_0 where c1_0.id=?
Hibernate: select c1_0.id,c1_0.colors,c1_0.commander_eligible,c1_0.discoverable,c1_0.forge_name,c1_0.image_url,c1_0.mana_value,c1_0.oracle_id,c1_0.ownership_type,c1_0.rarity,c1_0.set_code,c1_0.spawn_region,c1_0.types,c1_0.weight from cards c1_0 where c1_0.id=?
Hibernate: select c1_0.id,c1_0.colors,c1_0.commander_eligible,c1_0.discoverable,c1_0.forge_name,c1_0.image_url,c1_0.mana_value,c1_0.oracle_id,c1_0.ownership_type,c1_0.rarity,c1_0.set_code,c1_0.spawn_region,c1_0.types,c1_0.weight from cards c1_0 where c1_0.id=?
Hibernate: select c1_0.id,c1_0.colors,c1_0.commander_eligible,c1_0.discoverable,c1_0.forge_name,c1_0.image_url,c1_0.mana_value,c1_0.oracle_id,c1_0.ownership_type,c1_0.rarity,c1_0.set_code,c1_0.spawn_region,c1_0.types,c1_0.weight from cards c1_0 where c1_0.id=?
Hibernate: select c1_0.id,c1_0.colors,c1_0.commander_eligible,c1_0.discoverable,c1_0.forge_name,c1_0.image_url,c1_0.mana_value,c1_0.oracle_id,c1_0.ownership_type,c1_0.rarity,c1_0.set_code,c1_0.spawn_region,c1_0.types,c1_0.weight from cards c1_0 where c1_0.id=?
Hibernate: select p1_0.id,p1_0.avatar,p1_0.banned,p1_0.banned_at,p1_0.created,p1_0.degree_level,p1_0.display_name,p1_0.email,p1_0.experience,p1_0.last_login,p1_0.level,p1_0.password_hash,p1_0.role,p1_0.specialization,p1_0.student_id from players p1_0 where p1_0.email=?
Hibernate: select m1_0.id,m1_0.battle_code,m1_0.created_at,m1_0.deck1_id,m1_0.deck2_id,m1_0.ended_at,m1_0.event_id,m1_0.player1_id,m1_0.player2_id,m1_0.status,m1_0.win_condition,m1_0.winner_id from matches m1_0 where m1_0.id=?
Hibernate: select p1_0.id,p1_0.avatar,p1_0.banned,p1_0.banned_at,p1_0.created,p1_0.degree_level,p1_0.display_name,p1_0.email,p1_0.experience,p1_0.last_login,p1_0.level,p1_0.password_hash,p1_0.role,p1_0.specialization,p1_0.student_id from players p1_0 where p1_0.email=?
Hibernate: select p1_0.id,p1_0.avatar,p1_0.banned,p1_0.banned_at,p1_0.created,p1_0.degree_level,p1_0.display_name,p1_0.email,p1_0.experience,p1_0.last_login,p1_0.level,p1_0.password_hash,p1_0.role,p1_0.specialization,p1_0.student_id from players p1_0 where p1_0.email=?
Hibernate: select p1_0.id,p1_0.avatar,p1_0.banned,p1_0.banned_at,p1_0.created,p1_0.degree_level,p1_0.display_name,p1_0.email,p1_0.experience,p1_0.last_login,p1_0.level,p1_0.password_hash,p1_0.role,p1_0.specialization,p1_0.student_id from players p1_0 where p1_0.id=?
Hibernate: select c1_0.id,c1_0.colors,c1_0.commander_eligible,c1_0.discoverable,c1_0.forge_name,c1_0.image_url,c1_0.mana_value,c1_0.oracle_id,c1_0.ownership_type,c1_0.rarity,c1_0.set_code,c1_0.spawn_region,c1_0.types,c1_0.weight from cards c1_0
Hibernate: select c1_0.id,c1_0.colors,c1_0.commander_eligible,c1_0.discoverable,c1_0.forge_name,c1_0.image_url,c1_0.mana_value,c1_0.oracle_id,c1_0.ownership_type,c1_0.rarity,c1_0.set_code,c1_0.spawn_region,c1_0.types,c1_0.weight from cards c1_0
Hibernate: select d1_0.id,d1_0.card_id,d1_0.count,d1_0.last_discovered,d1_0.player_id from discoveries d1_0 where d1_0.player_id=?
Hibernate: select f1_0.id,f1_0.card_id,f1_0.created_at,f1_0.player_id from favorites f1_0 where f1_0.player_id=?
Hibernate: select pu1_0.id,pu1_0.card_id,pu1_0.player_id,pu1_0.unlocked_at from player_unlocks pu1_0 where pu1_0.player_id=?
Hibernate: select pu1_0.id,pu1_0.card_id,pu1_0.player_id,pu1_0.unlocked_at from player_unlocks pu1_0 where pu1_0.player_id=?
Hibernate: select pu1_0.id,pu1_0.card_id,pu1_0.player_id,pu1_0.unlocked_at from player_unlocks pu1_0 where pu1_0.player_id=?
Hibernate: select pu1_0.id,pu1_0.card_id,pu1_0.player_id,pu1_0.unlocked_at from player_unlocks pu1_0 where pu1_0.player_id=?
Hibernate: select pu1_0.id,pu1_0.card_id,pu1_0.player_id,pu1_0.unlocked_at from player_unlocks pu1_0 where pu1_0.player_id=?
Hibernate: select pu1_0.id,pu1_0.card_id,pu1_0.player_id,pu1_0.unlocked_at from player_unlocks pu1_0 where pu1_0.player_id=?
Hibernate: select pu1_0.id,pu1_0.card_id,pu1_0.player_id,pu1_0.unlocked_at from player_unlocks pu1_0 where pu1_0.player_id=?
Hibernate: select uc1_0.physical_uuid,uc1_0.card_id,uc1_0.claimed_at,uc1_0.history,uc1_0.owner_id,uc1_0.serial_number from unique_cards uc1_0 where uc1_0.owner_id=?
Hibernate: select uc1_0.physical_uuid,uc1_0.card_id,uc1_0.claimed_at,uc1_0.history,uc1_0.owner_id,uc1_0.serial_number from unique_cards uc1_0 where uc1_0.owner_id=?
Hibernate: select pu1_0.id,pu1_0.card_id,pu1_0.player_id,pu1_0.unlocked_at from player_unlocks pu1_0 where pu1_0.player_id=?
Hibernate: select uc1_0.physical_uuid,uc1_0.card_id,uc1_0.claimed_at,uc1_0.history,uc1_0.owner_id,uc1_0.serial_number from unique_cards uc1_0 where uc1_0.owner_id=?
Hibernate: select pu1_0.id,pu1_0.card_id,pu1_0.player_id,pu1_0.unlocked_at from player_unlocks pu1_0 where pu1_0.player_id=?
Hibernate: select pu1_0.id,pu1_0.card_id,pu1_0.player_id,pu1_0.unlocked_at from player_unlocks pu1_0 where pu1_0.player_id=?
Hibernate: select pu1_0.id,pu1_0.card_id,pu1_0.player_id,pu1_0.unlocked_at from player_unlocks pu1_0 where pu1_0.player_id=?
Hibernate: select pu1_0.id,pu1_0.card_id,pu1_0.player_id,pu1_0.unlocked_at from player_unlocks pu1_0 where pu1_0.player_id=?
Hibernate: select pu1_0.id,pu1_0.card_id,pu1_0.player_id,pu1_0.unlocked_at from player_unlocks pu1_0 where pu1_0.player_id=?
Hibernate: select pu1_0.id,pu1_0.card_id,pu1_0.player_id,pu1_0.unlocked_at from player_unlocks pu1_0 where pu1_0.player_id=?
Hibernate: select pu1_0.id,pu1_0.card_id,pu1_0.player_id,pu1_0.unlocked_at from player_unlocks pu1_0 where pu1_0.player_id=?
Hibernate: select pu1_0.id,pu1_0.card_id,pu1_0.player_id,pu1_0.unlocked_at from player_unlocks pu1_0 where pu1_0.player_id=?
Hibernate: select pu1_0.id,pu1_0.card_id,pu1_0.player_id,pu1_0.unlocked_at from player_unlocks pu1_0 where pu1_0.player_id=?
Hibernate: select pu1_0.id,pu1_0.card_id,pu1_0.player_id,pu1_0.unlocked_at from player_unlocks pu1_0 where pu1_0.player_id=?
Hibernate: select pu1_0.id,pu1_0.card_id,pu1_0.player_id,pu1_0.unlocked_at from player_unlocks pu1_0 where pu1_0.player_id=?
Hibernate: select pu1_0.id,pu1_0.card_id,pu1_0.player_id,pu1_0.unlocked_at from player_unlocks pu1_0 where pu1_0.player_id=?
Hibernate: select pu1_0.id,pu1_0.card_id,pu1_0.player_id,pu1_0.unlocked_at from player_unlocks pu1_0 where pu1_0.player_id=?
Hibernate: select pu1_0.id,pu1_0.card_id,pu1_0.player_id,pu1_0.unlocked_at from player_unlocks pu1_0 where pu1_0.player_id=?
Hibernate: select pu1_0.id,pu1_0.card_id,pu1_0.player_id,pu1_0.unlocked_at from player_unlocks pu1_0 where pu1_0.player_id=?
Hibernate: select p1_0.id,p1_0.avatar,p1_0.banned,p1_0.banned_at,p1_0.created,p1_0.degree_level,p1_0.display_name,p1_0.email,p1_0.experience,p1_0.last_login,p1_0.level,p1_0.password_hash,p1_0.role,p1_0.specialization,p1_0.student_id from players p1_0 where p1_0.email=?
Hibernate: select m1_0.id,m1_0.battle_code,m1_0.created_at,m1_0.deck1_id,m1_0.deck2_id,m1_0.ended_at,m1_0.event_id,m1_0.player1_id,m1_0.player2_id,m1_0.status,m1_0.win_condition,m1_0.winner_id from matches m1_0 where m1_0.id=?
Hibernate: select p1_0.id,p1_0.avatar,p1_0.banned,p1_0.banned_at,p1_0.created,p1_0.degree_level,p1_0.display_name,p1_0.email,p1_0.experience,p1_0.last_login,p1_0.level,p1_0.password_hash,p1_0.role,p1_0.specialization,p1_0.student_id from players p1_0 where p1_0.email=?
Hibernate: select m1_0.id,m1_0.battle_code,m1_0.created_at,m1_0.deck1_id,m1_0.deck2_id,m1_0.ended_at,m1_0.event_id,m1_0.player1_id,m1_0.player2_id,m1_0.status,m1_0.win_condition,m1_0.winner_id from matches m1_0 where m1_0.id=?
Hibernate: select p1_0.id,p1_0.avatar,p1_0.banned,p1_0.banned_at,p1_0.created,p1_0.degree_level,p1_0.display_name,p1_0.email,p1_0.experience,p1_0.last_login,p1_0.level,p1_0.password_hash,p1_0.role,p1_0.specialization,p1_0.student_id from players p1_0 where p1_0.email=?
Hibernate: select m1_0.id,m1_0.battle_code,m1_0.created_at,m1_0.deck1_id,m1_0.deck2_id,m1_0.ended_at,m1_0.event_id,m1_0.player1_id,m1_0.player2_id,m1_0.status,m1_0.win_condition,m1_0.winner_id from matches m1_0 where m1_0.id=?
Hibernate: select p1_0.id,p1_0.avatar,p1_0.banned,p1_0.banned_at,p1_0.created,p1_0.degree_level,p1_0.display_name,p1_0.email,p1_0.experience,p1_0.last_login,p1_0.level,p1_0.password_hash,p1_0.role,p1_0.specialization,p1_0.student_id from players p1_0 where p1_0.email=?
Hibernate: select p1_0.id,p1_0.avatar,p1_0.banned,p1_0.banned_at,p1_0.created,p1_0.degree_level,p1_0.display_name,p1_0.email,p1_0.experience,p1_0.last_login,p1_0.level,p1_0.password_hash,p1_0.role,p1_0.specialization,p1_0.student_id from players p1_0 where p1_0.email=?
Hibernate: select p1_0.id,p1_0.avatar,p1_0.banned,p1_0.banned_at,p1_0.created,p1_0.degree_level,p1_0.display_name,p1_0.email,p1_0.experience,p1_0.last_login,p1_0.level,p1_0.password_hash,p1_0.role,p1_0.specialization,p1_0.student_id from players p1_0 where p1_0.email=?
Hibernate: select p1_0.id,p1_0.avatar,p1_0.banned,p1_0.banned_at,p1_0.created,p1_0.degree_level,p1_0.display_name,p1_0.email,p1_0.experience,p1_0.last_login,p1_0.level,p1_0.password_hash,p1_0.role,p1_0.specialization,p1_0.student_id from players p1_0 where p1_0.id=?
Hibernate: select p1_0.id,p1_0.avatar,p1_0.banned,p1_0.banned_at,p1_0.created,p1_0.degree_level,p1_0.display_name,p1_0.email,p1_0.experience,p1_0.last_login,p1_0.level,p1_0.password_hash,p1_0.role,p1_0.specialization,p1_0.student_id from players p1_0 where p1_0.id=?
Hibernate: select c1_0.id,c1_0.colors,c1_0.commander_eligible,c1_0.discoverable,c1_0.forge_name,c1_0.image_url,c1_0.mana_value,c1_0.oracle_id,c1_0.ownership_type,c1_0.rarity,c1_0.set_code,c1_0.spawn_region,c1_0.types,c1_0.weight from cards c1_0
Hibernate: select c1_0.id,c1_0.colors,c1_0.commander_eligible,c1_0.discoverable,c1_0.forge_name,c1_0.image_url,c1_0.mana_value,c1_0.oracle_id,c1_0.ownership_type,c1_0.rarity,c1_0.set_code,c1_0.spawn_region,c1_0.types,c1_0.weight from cards c1_0
Hibernate: select d1_0.id,d1_0.commander_card_id,d1_0.created_at,d1_0.format_code,d1_0.name,d1_0.player_id,d1_0.updated_at from decks d1_0 where d1_0.player_id=?
Hibernate: select c1_0.deck_id,c1_0.id,c1_0.card_id,c1_0.quantity from deck_cards c1_0 where c1_0.deck_id=?
Hibernate: select d1_0.id,d1_0.card_id,d1_0.count,d1_0.last_discovered,d1_0.player_id from discoveries d1_0 where d1_0.player_id=?
Hibernate: select f1_0.id,f1_0.card_id,f1_0.created_at,f1_0.player_id from favorites f1_0 where f1_0.player_id=?
Hibernate: select c1_0.id,c1_0.colors,c1_0.commander_eligible,c1_0.discoverable,c1_0.forge_name,c1_0.image_url,c1_0.mana_value,c1_0.oracle_id,c1_0.ownership_type,c1_0.rarity,c1_0.set_code,c1_0.spawn_region,c1_0.types,c1_0.weight from cards c1_0 where c1_0.id=?
Hibernate: select c1_0.id,c1_0.colors,c1_0.commander_eligible,c1_0.discoverable,c1_0.forge_name,c1_0.image_url,c1_0.mana_value,c1_0.oracle_id,c1_0.ownership_type,c1_0.rarity,c1_0.set_code,c1_0.spawn_region,c1_0.types,c1_0.weight from cards c1_0 where c1_0.id=?
Hibernate: select c1_0.id,c1_0.colors,c1_0.commander_eligible,c1_0.discoverable,c1_0.forge_name,c1_0.image_url,c1_0.mana_value,c1_0.oracle_id,c1_0.ownership_type,c1_0.rarity,c1_0.set_code,c1_0.spawn_region,c1_0.types,c1_0.weight from cards c1_0 where c1_0.id=?
Hibernate: select c1_0.id,c1_0.colors,c1_0.commander_eligible,c1_0.discoverable,c1_0.forge_name,c1_0.image_url,c1_0.mana_value,c1_0.oracle_id,c1_0.ownership_type,c1_0.rarity,c1_0.set_code,c1_0.spawn_region,c1_0.types,c1_0.weight from cards c1_0 where c1_0.id=?
Hibernate: select c1_0.id,c1_0.colors,c1_0.commander_eligible,c1_0.discoverable,c1_0.forge_name,c1_0.image_url,c1_0.mana_value,c1_0.oracle_id,c1_0.ownership_type,c1_0.rarity,c1_0.set_code,c1_0.spawn_region,c1_0.types,c1_0.weight from cards c1_0 where c1_0.id=?
Hibernate: select pu1_0.id,pu1_0.card_id,pu1_0.player_id,pu1_0.unlocked_at from player_unlocks pu1_0 where pu1_0.player_id=?
Hibernate: select c1_0.id,c1_0.colors,c1_0.commander_eligible,c1_0.discoverable,c1_0.forge_name,c1_0.image_url,c1_0.mana_value,c1_0.oracle_id,c1_0.ownership_type,c1_0.rarity,c1_0.set_code,c1_0.spawn_region,c1_0.types,c1_0.weight from cards c1_0 where c1_0.id=?
Hibernate: select c1_0.id,c1_0.colors,c1_0.commander_eligible,c1_0.discoverable,c1_0.forge_name,c1_0.image_url,c1_0.mana_value,c1_0.oracle_id,c1_0.ownership_type,c1_0.rarity,c1_0.set_code,c1_0.spawn_region,c1_0.types,c1_0.weight from cards c1_0 where c1_0.id=?
Hibernate: select c1_0.id,c1_0.colors,c1_0.commander_eligible,c1_0.discoverable,c1_0.forge_name,c1_0.image_url,c1_0.mana_value,c1_0.oracle_id,c1_0.ownership_type,c1_0.rarity,c1_0.set_code,c1_0.spawn_region,c1_0.types,c1_0.weight from cards c1_0 where c1_0.id=?
Hibernate: select c1_0.id,c1_0.colors,c1_0.commander_eligible,c1_0.discoverable,c1_0.forge_name,c1_0.image_url,c1_0.mana_value,c1_0.oracle_id,c1_0.ownership_type,c1_0.rarity,c1_0.set_code,c1_0.spawn_region,c1_0.types,c1_0.weight from cards c1_0 where c1_0.id=?
Hibernate: select c1_0.id,c1_0.colors,c1_0.commander_eligible,c1_0.discoverable,c1_0.forge_name,c1_0.image_url,c1_0.mana_value,c1_0.oracle_id,c1_0.ownership_type,c1_0.rarity,c1_0.set_code,c1_0.spawn_region,c1_0.types,c1_0.weight from cards c1_0 where c1_0.id=?
Hibernate: select pu1_0.id,pu1_0.card_id,pu1_0.player_id,pu1_0.unlocked_at from player_unlocks pu1_0 where pu1_0.player_id=?
Hibernate: select c1_0.id,c1_0.colors,c1_0.commander_eligible,c1_0.discoverable,c1_0.forge_name,c1_0.image_url,c1_0.mana_value,c1_0.oracle_id,c1_0.ownership_type,c1_0.rarity,c1_0.set_code,c1_0.spawn_region,c1_0.types,c1_0.weight from cards c1_0 where c1_0.id=?
Hibernate: select c1_0.id,c1_0.colors,c1_0.commander_eligible,c1_0.discoverable,c1_0.forge_name,c1_0.image_url,c1_0.mana_value,c1_0.oracle_id,c1_0.ownership_type,c1_0.rarity,c1_0.set_code,c1_0.spawn_region,c1_0.types,c1_0.weight from cards c1_0 where c1_0.id=?
Hibernate: select c1_0.id,c1_0.colors,c1_0.commander_eligible,c1_0.discoverable,c1_0.forge_name,c1_0.image_url,c1_0.mana_value,c1_0.oracle_id,c1_0.ownership_type,c1_0.rarity,c1_0.set_code,c1_0.spawn_region,c1_0.types,c1_0.weight from cards c1_0 where c1_0.id=?
Hibernate: select pu1_0.id,pu1_0.card_id,pu1_0.player_id,pu1_0.unlocked_at from player_unlocks pu1_0 where pu1_0.player_id=?
Hibernate: select c1_0.id,c1_0.colors,c1_0.commander_eligible,c1_0.discoverable,c1_0.forge_name,c1_0.image_url,c1_0.mana_value,c1_0.oracle_id,c1_0.ownership_type,c1_0.rarity,c1_0.set_code,c1_0.spawn_region,c1_0.types,c1_0.weight from cards c1_0 where c1_0.id=?
Hibernate: select c1_0.deck_id,c1_0.id,c1_0.card_id,c1_0.quantity from deck_cards c1_0 where c1_0.deck_id=?
Hibernate: select pu1_0.id,pu1_0.card_id,pu1_0.player_id,pu1_0.unlocked_at from player_unlocks pu1_0 where pu1_0.player_id=?
Hibernate: select pu1_0.id,pu1_0.card_id,pu1_0.player_id,pu1_0.unlocked_at from player_unlocks pu1_0 where pu1_0.player_id=?
Hibernate: select c1_0.id,c1_0.colors,c1_0.commander_eligible,c1_0.discoverable,c1_0.forge_name,c1_0.image_url,c1_0.mana_value,c1_0.oracle_id,c1_0.ownership_type,c1_0.rarity,c1_0.set_code,c1_0.spawn_region,c1_0.types,c1_0.weight from cards c1_0 where c1_0.id=?
Hibernate: select pu1_0.id,pu1_0.card_id,pu1_0.player_id,pu1_0.unlocked_at from player_unlocks pu1_0 where pu1_0.player_id=?
Hibernate: select c1_0.id,c1_0.colors,c1_0.commander_eligible,c1_0.discoverable,c1_0.forge_name,c1_0.image_url,c1_0.mana_value,c1_0.oracle_id,c1_0.ownership_type,c1_0.rarity,c1_0.set_code,c1_0.spawn_region,c1_0.types,c1_0.weight from cards c1_0 where c1_0.id=?
Hibernate: select c1_0.id,c1_0.colors,c1_0.commander_eligible,c1_0.discoverable,c1_0.forge_name,c1_0.image_url,c1_0.mana_value,c1_0.oracle_id,c1_0.ownership_type,c1_0.rarity,c1_0.set_code,c1_0.spawn_region,c1_0.types,c1_0.weight from cards c1_0 where c1_0.id=?
Hibernate: select c1_0.id,c1_0.colors,c1_0.commander_eligible,c1_0.discoverable,c1_0.forge_name,c1_0.image_url,c1_0.mana_value,c1_0.oracle_id,c1_0.ownership_type,c1_0.rarity,c1_0.set_code,c1_0.spawn_region,c1_0.types,c1_0.weight from cards c1_0 where c1_0.id=?
Hibernate: select pu1_0.id,pu1_0.card_id,pu1_0.player_id,pu1_0.unlocked_at from player_unlocks pu1_0 where pu1_0.player_id=?
Hibernate: select c1_0.id,c1_0.colors,c1_0.commander_eligible,c1_0.discoverable,c1_0.forge_name,c1_0.image_url,c1_0.mana_value,c1_0.oracle_id,c1_0.ownership_type,c1_0.rarity,c1_0.set_code,c1_0.spawn_region,c1_0.types,c1_0.weight from cards c1_0 where c1_0.id=?
Hibernate: select uc1_0.physical_uuid,uc1_0.card_id,uc1_0.claimed_at,uc1_0.history,uc1_0.owner_id,uc1_0.serial_number from unique_cards uc1_0 where uc1_0.owner_id=?
Hibernate: select c1_0.id,c1_0.colors,c1_0.commander_eligible,c1_0.discoverable,c1_0.forge_name,c1_0.image_url,c1_0.mana_value,c1_0.oracle_id,c1_0.ownership_type,c1_0.rarity,c1_0.set_code,c1_0.spawn_region,c1_0.types,c1_0.weight from cards c1_0 where c1_0.id=?
Hibernate: select c1_0.id,c1_0.colors,c1_0.commander_eligible,c1_0.discoverable,c1_0.forge_name,c1_0.image_url,c1_0.mana_value,c1_0.oracle_id,c1_0.ownership_type,c1_0.rarity,c1_0.set_code,c1_0.spawn_region,c1_0.types,c1_0.weight from cards c1_0 where c1_0.id=?
Hibernate: select c1_0.id,c1_0.colors,c1_0.commander_eligible,c1_0.discoverable,c1_0.forge_name,c1_0.image_url,c1_0.mana_value,c1_0.oracle_id,c1_0.ownership_type,c1_0.rarity,c1_0.set_code,c1_0.spawn_region,c1_0.types,c1_0.weight from cards c1_0 where c1_0.id=?
Hibernate: select uc1_0.physical_uuid,uc1_0.card_id,uc1_0.claimed_at,uc1_0.history,uc1_0.owner_id,uc1_0.serial_number from unique_cards uc1_0 where uc1_0.owner_id=?
Hibernate: select c1_0.id,c1_0.colors,c1_0.commander_eligible,c1_0.discoverable,c1_0.forge_name,c1_0.image_url,c1_0.mana_value,c1_0.oracle_id,c1_0.ownership_type,c1_0.rarity,c1_0.set_code,c1_0.spawn_region,c1_0.types,c1_0.weight from cards c1_0 where c1_0.id=?
Hibernate: select c1_0.id,c1_0.colors,c1_0.commander_eligible,c1_0.discoverable,c1_0.forge_name,c1_0.image_url,c1_0.mana_value,c1_0.oracle_id,c1_0.ownership_type,c1_0.rarity,c1_0.set_code,c1_0.spawn_region,c1_0.types,c1_0.weight from cards c1_0 where c1_0.id=?
Hibernate: select pu1_0.id,pu1_0.card_id,pu1_0.player_id,pu1_0.unlocked_at from player_unlocks pu1_0 where pu1_0.player_id=?
Hibernate: select c1_0.id,c1_0.colors,c1_0.commander_eligible,c1_0.discoverable,c1_0.forge_name,c1_0.image_url,c1_0.mana_value,c1_0.oracle_id,c1_0.ownership_type,c1_0.rarity,c1_0.set_code,c1_0.spawn_region,c1_0.types,c1_0.weight from cards c1_0 where c1_0.id=?
Hibernate: select uc1_0.physical_uuid,uc1_0.card_id,uc1_0.claimed_at,uc1_0.history,uc1_0.owner_id,uc1_0.serial_number from unique_cards uc1_0 where uc1_0.owner_id=?
Hibernate: select pu1_0.id,pu1_0.card_id,pu1_0.player_id,pu1_0.unlocked_at from player_unlocks pu1_0 where pu1_0.player_id=?
Hibernate: select pu1_0.id,pu1_0.card_id,pu1_0.player_id,pu1_0.unlocked_at from player_unlocks pu1_0 where pu1_0.player_id=?
Hibernate: select pu1_0.id,pu1_0.card_id,pu1_0.player_id,pu1_0.unlocked_at from player_unlocks pu1_0 where pu1_0.player_id=?
Hibernate: select pu1_0.id,pu1_0.card_id,pu1_0.player_id,pu1_0.unlocked_at from player_unlocks pu1_0 where pu1_0.player_id=?
Hibernate: select pu1_0.id,pu1_0.card_id,pu1_0.player_id,pu1_0.unlocked_at from player_unlocks pu1_0 where pu1_0.player_id=?
Hibernate: select pu1_0.id,pu1_0.card_id,pu1_0.player_id,pu1_0.unlocked_at from player_unlocks pu1_0 where pu1_0.player_id=?
Hibernate: select pu1_0.id,pu1_0.card_id,pu1_0.player_id,pu1_0.unlocked_at from player_unlocks pu1_0 where pu1_0.player_id=?
Hibernate: select pu1_0.id,pu1_0.card_id,pu1_0.player_id,pu1_0.unlocked_at from player_unlocks pu1_0 where pu1_0.player_id=?
Hibernate: select pu1_0.id,pu1_0.card_id,pu1_0.player_id,pu1_0.unlocked_at from player_unlocks pu1_0 where pu1_0.player_id=?
Hibernate: select pu1_0.id,pu1_0.card_id,pu1_0.player_id,pu1_0.unlocked_at from player_unlocks pu1_0 where pu1_0.player_id=?
Hibernate: select pu1_0.id,pu1_0.card_id,pu1_0.player_id,pu1_0.unlocked_at from player_unlocks pu1_0 where pu1_0.player_id=?
Hibernate: select pu1_0.id,pu1_0.card_id,pu1_0.player_id,pu1_0.unlocked_at from player_unlocks pu1_0 where pu1_0.player_id=?
Hibernate: select pu1_0.id,pu1_0.card_id,pu1_0.player_id,pu1_0.unlocked_at from player_unlocks pu1_0 where pu1_0.player_id=?
Hibernate: select pu1_0.id,pu1_0.card_id,pu1_0.player_id,pu1_0.unlocked_at from player_unlocks pu1_0 where pu1_0.player_id=?
Hibernate: select pu1_0.id,pu1_0.card_id,pu1_0.player_id,pu1_0.unlocked_at from player_unlocks pu1_0 where pu1_0.player_id=?
Hibernate: select p1_0.id,p1_0.avatar,p1_0.banned,p1_0.banned_at,p1_0.created,p1_0.degree_level,p1_0.display_name,p1_0.email,p1_0.experience,p1_0.last_login,p1_0.level,p1_0.password_hash,p1_0.role,p1_0.specialization,p1_0.student_id from players p1_0 where p1_0.email=?
Hibernate: select m1_0.id,m1_0.battle_code,m1_0.created_at,m1_0.deck1_id,m1_0.deck2_id,m1_0.ended_at,m1_0.event_id,m1_0.player1_id,m1_0.player2_id,m1_0.status,m1_0.win_condition,m1_0.winner_id from matches m1_0 where m1_0.id=?
Hibernate: select p1_0.id,p1_0.avatar,p1_0.banned,p1_0.banned_at,p1_0.created,p1_0.degree_level,p1_0.display_name,p1_0.email,p1_0.experience,p1_0.last_login,p1_0.level,p1_0.password_hash,p1_0.role,p1_0.specialization,p1_0.student_id from players p1_0 where p1_0.email=?
Hibernate: select m1_0.id,m1_0.battle_code,m1_0.created_at,m1_0.deck1_id,m1_0.deck2_id,m1_0.ended_at,m1_0.event_id,m1_0.player1_id,m1_0.player2_id,m1_0.status,m1_0.win_condition,m1_0.winner_id from matches m1_0 where m1_0.id=?
Hibernate: select p1_0.id,p1_0.avatar,p1_0.banned,p1_0.banned_at,p1_0.created,p1_0.degree_level,p1_0.display_name,p1_0.email,p1_0.experience,p1_0.last_login,p1_0.level,p1_0.password_hash,p1_0.role,p1_0.specialization,p1_0.student_id from players p1_0 where p1_0.email=?
Hibernate: select d1_0.id,d1_0.commander_card_id,d1_0.created_at,d1_0.format_code,d1_0.name,d1_0.player_id,d1_0.updated_at from decks d1_0 where d1_0.id=? and d1_0.player_id=?
Hibernate: select c1_0.deck_id,c1_0.id,c1_0.card_id,c1_0.quantity from deck_cards c1_0 where c1_0.deck_id=?
Hibernate: select c1_0.id,c1_0.colors,c1_0.commander_eligible,c1_0.discoverable,c1_0.forge_name,c1_0.image_url,c1_0.mana_value,c1_0.oracle_id,c1_0.ownership_type,c1_0.rarity,c1_0.set_code,c1_0.spawn_region,c1_0.types,c1_0.weight from cards c1_0 where c1_0.id=?
Hibernate: select c1_0.id,c1_0.colors,c1_0.commander_eligible,c1_0.discoverable,c1_0.forge_name,c1_0.image_url,c1_0.mana_value,c1_0.oracle_id,c1_0.ownership_type,c1_0.rarity,c1_0.set_code,c1_0.spawn_region,c1_0.types,c1_0.weight from cards c1_0 where c1_0.id=?
Hibernate: select c1_0.id,c1_0.colors,c1_0.commander_eligible,c1_0.discoverable,c1_0.forge_name,c1_0.image_url,c1_0.mana_value,c1_0.oracle_id,c1_0.ownership_type,c1_0.rarity,c1_0.set_code,c1_0.spawn_region,c1_0.types,c1_0.weight from cards c1_0 where c1_0.id=?
Hibernate: select c1_0.id,c1_0.colors,c1_0.commander_eligible,c1_0.discoverable,c1_0.forge_name,c1_0.image_url,c1_0.mana_value,c1_0.oracle_id,c1_0.ownership_type,c1_0.rarity,c1_0.set_code,c1_0.spawn_region,c1_0.types,c1_0.weight from cards c1_0 where c1_0.id=?
Hibernate: select c1_0.id,c1_0.colors,c1_0.commander_eligible,c1_0.discoverable,c1_0.forge_name,c1_0.image_url,c1_0.mana_value,c1_0.oracle_id,c1_0.ownership_type,c1_0.rarity,c1_0.set_code,c1_0.spawn_region,c1_0.types,c1_0.weight from cards c1_0 where c1_0.id=?
Hibernate: select c1_0.id,c1_0.colors,c1_0.commander_eligible,c1_0.discoverable,c1_0.forge_name,c1_0.image_url,c1_0.mana_value,c1_0.oracle_id,c1_0.ownership_type,c1_0.rarity,c1_0.set_code,c1_0.spawn_region,c1_0.types,c1_0.weight from cards c1_0 where c1_0.id=?
Hibernate: select c1_0.id,c1_0.colors,c1_0.commander_eligible,c1_0.discoverable,c1_0.forge_name,c1_0.image_url,c1_0.mana_value,c1_0.oracle_id,c1_0.ownership_type,c1_0.rarity,c1_0.set_code,c1_0.spawn_region,c1_0.types,c1_0.weight from cards c1_0 where c1_0.id=?
Hibernate: select c1_0.id,c1_0.colors,c1_0.commander_eligible,c1_0.discoverable,c1_0.forge_name,c1_0.image_url,c1_0.mana_value,c1_0.oracle_id,c1_0.ownership_type,c1_0.rarity,c1_0.set_code,c1_0.spawn_region,c1_0.types,c1_0.weight from cards c1_0 where c1_0.id=?
Hibernate: select c1_0.id,c1_0.colors,c1_0.commander_eligible,c1_0.discoverable,c1_0.forge_name,c1_0.image_url,c1_0.mana_value,c1_0.oracle_id,c1_0.ownership_type,c1_0.rarity,c1_0.set_code,c1_0.spawn_region,c1_0.types,c1_0.weight from cards c1_0 where c1_0.id=?
Hibernate: select c1_0.id,c1_0.colors,c1_0.commander_eligible,c1_0.discoverable,c1_0.forge_name,c1_0.image_url,c1_0.mana_value,c1_0.oracle_id,c1_0.ownership_type,c1_0.rarity,c1_0.set_code,c1_0.spawn_region,c1_0.types,c1_0.weight from cards c1_0 where c1_0.id=?
Hibernate: select c1_0.id,c1_0.colors,c1_0.commander_eligible,c1_0.discoverable,c1_0.forge_name,c1_0.image_url,c1_0.mana_value,c1_0.oracle_id,c1_0.ownership_type,c1_0.rarity,c1_0.set_code,c1_0.spawn_region,c1_0.types,c1_0.weight from cards c1_0 where c1_0.id=?
Hibernate: select c1_0.id,c1_0.colors,c1_0.commander_eligible,c1_0.discoverable,c1_0.forge_name,c1_0.image_url,c1_0.mana_value,c1_0.oracle_id,c1_0.ownership_type,c1_0.rarity,c1_0.set_code,c1_0.spawn_region,c1_0.types,c1_0.weight from cards c1_0 where c1_0.id=?
Hibernate: select c1_0.id,c1_0.colors,c1_0.commander_eligible,c1_0.discoverable,c1_0.forge_name,c1_0.image_url,c1_0.mana_value,c1_0.oracle_id,c1_0.ownership_type,c1_0.rarity,c1_0.set_code,c1_0.spawn_region,c1_0.types,c1_0.weight from cards c1_0 where c1_0.id=?
Hibernate: select c1_0.id,c1_0.colors,c1_0.commander_eligible,c1_0.discoverable,c1_0.forge_name,c1_0.image_url,c1_0.mana_value,c1_0.oracle_id,c1_0.ownership_type,c1_0.rarity,c1_0.set_code,c1_0.spawn_region,c1_0.types,c1_0.weight from cards c1_0 where c1_0.id=?
Hibernate: select p1_0.id,p1_0.avatar,p1_0.banned,p1_0.banned_at,p1_0.created,p1_0.degree_level,p1_0.display_name,p1_0.email,p1_0.experience,p1_0.last_login,p1_0.level,p1_0.password_hash,p1_0.role,p1_0.specialization,p1_0.student_id from players p1_0 where p1_0.email=?
Hibernate: select m1_0.id,m1_0.battle_code,m1_0.created_at,m1_0.deck1_id,m1_0.deck2_id,m1_0.ended_at,m1_0.event_id,m1_0.player1_id,m1_0.player2_id,m1_0.status,m1_0.win_condition,m1_0.winner_id from matches m1_0 where m1_0.id=?
Hibernate: select p1_0.id,p1_0.avatar,p1_0.banned,p1_0.banned_at,p1_0.created,p1_0.degree_level,p1_0.display_name,p1_0.email,p1_0.experience,p1_0.last_login,p1_0.level,p1_0.password_hash,p1_0.role,p1_0.specialization,p1_0.student_id from players p1_0 where p1_0.email=?
Hibernate: select m1_0.id,m1_0.battle_code,m1_0.created_at,m1_0.deck1_id,m1_0.deck2_id,m1_0.ended_at,m1_0.event_id,m1_0.player1_id,m1_0.player2_id,m1_0.status,m1_0.win_condition,m1_0.winner_id from matches m1_0 where m1_0.id=?
Hibernate: select p1_0.id,p1_0.avatar,p1_0.banned,p1_0.banned_at,p1_0.created,p1_0.degree_level,p1_0.display_name,p1_0.email,p1_0.experience,p1_0.last_login,p1_0.level,p1_0.password_hash,p1_0.role,p1_0.specialization,p1_0.student_id from players p1_0 where p1_0.email=?
Hibernate: select m1_0.id,m1_0.battle_code,m1_0.created_at,m1_0.deck1_id,m1_0.deck2_id,m1_0.ended_at,m1_0.event_id,m1_0.player1_id,m1_0.player2_id,m1_0.status,m1_0.win_condition,m1_0.winner_id from matches m1_0 where m1_0.id=?
Hibernate: select p1_0.id,p1_0.avatar,p1_0.banned,p1_0.banned_at,p1_0.created,p1_0.degree_level,p1_0.display_name,p1_0.email,p1_0.experience,p1_0.last_login,p1_0.level,p1_0.password_hash,p1_0.role,p1_0.specialization,p1_0.student_id from players p1_0 where p1_0.email=?
Hibernate: select m1_0.id,m1_0.battle_code,m1_0.created_at,m1_0.deck1_id,m1_0.deck2_id,m1_0.ended_at,m1_0.event_id,m1_0.player1_id,m1_0.player2_id,m1_0.status,m1_0.win_condition,m1_0.winner_id from matches m1_0 where m1_0.id=?
Hibernate: select p1_0.id,p1_0.avatar,p1_0.banned,p1_0.banned_at,p1_0.created,p1_0.degree_level,p1_0.display_name,p1_0.email,p1_0.experience,p1_0.last_login,p1_0.level,p1_0.password_hash,p1_0.role,p1_0.specialization,p1_0.student_id from players p1_0 where p1_0.email=?
Hibernate: select p1_0.id,p1_0.avatar,p1_0.banned,p1_0.banned_at,p1_0.created,p1_0.degree_level,p1_0.display_name,p1_0.email,p1_0.experience,p1_0.last_login,p1_0.level,p1_0.password_hash,p1_0.role,p1_0.specialization,p1_0.student_id from players p1_0 where p1_0.email=?
Hibernate: select p1_0.id,p1_0.avatar,p1_0.banned,p1_0.banned_at,p1_0.created,p1_0.degree_level,p1_0.display_name,p1_0.email,p1_0.experience,p1_0.last_login,p1_0.level,p1_0.password_hash,p1_0.role,p1_0.specialization,p1_0.student_id from players p1_0 where p1_0.email=?
Hibernate: select p1_0.id,p1_0.avatar,p1_0.banned,p1_0.banned_at,p1_0.created,p1_0.degree_level,p1_0.display_name,p1_0.email,p1_0.experience,p1_0.last_login,p1_0.level,p1_0.password_hash,p1_0.role,p1_0.specialization,p1_0.student_id from players p1_0 where p1_0.id=?
Hibernate: select d1_0.id,d1_0.commander_card_id,d1_0.created_at,d1_0.format_code,d1_0.name,d1_0.player_id,d1_0.updated_at from decks d1_0 where d1_0.player_id=?
Hibernate: select m1_0.id,m1_0.battle_code,m1_0.created_at,m1_0.deck1_id,m1_0.deck2_id,m1_0.ended_at,m1_0.event_id,m1_0.player1_id,m1_0.player2_id,m1_0.status,m1_0.win_condition,m1_0.winner_id from matches m1_0 where m1_0.player1_id=? or m1_0.player2_id=?
Hibernate: select c1_0.deck_id,c1_0.id,c1_0.card_id,c1_0.quantity from deck_cards c1_0 where c1_0.deck_id=?
Hibernate: select c1_0.id,c1_0.colors,c1_0.commander_eligible,c1_0.discoverable,c1_0.forge_name,c1_0.image_url,c1_0.mana_value,c1_0.oracle_id,c1_0.ownership_type,c1_0.rarity,c1_0.set_code,c1_0.spawn_region,c1_0.types,c1_0.weight from cards c1_0 where c1_0.id=?
Hibernate: select c1_0.id,c1_0.colors,c1_0.commander_eligible,c1_0.discoverable,c1_0.forge_name,c1_0.image_url,c1_0.mana_value,c1_0.oracle_id,c1_0.ownership_type,c1_0.rarity,c1_0.set_code,c1_0.spawn_region,c1_0.types,c1_0.weight from cards c1_0 where c1_0.id=?
Hibernate: select c1_0.id,c1_0.colors,c1_0.commander_eligible,c1_0.discoverable,c1_0.forge_name,c1_0.image_url,c1_0.mana_value,c1_0.oracle_id,c1_0.ownership_type,c1_0.rarity,c1_0.set_code,c1_0.spawn_region,c1_0.types,c1_0.weight from cards c1_0 where c1_0.id=?
Hibernate: select c1_0.id,c1_0.colors,c1_0.commander_eligible,c1_0.discoverable,c1_0.forge_name,c1_0.image_url,c1_0.mana_value,c1_0.oracle_id,c1_0.ownership_type,c1_0.rarity,c1_0.set_code,c1_0.spawn_region,c1_0.types,c1_0.weight from cards c1_0 where c1_0.id=?
Hibernate: select c1_0.id,c1_0.colors,c1_0.commander_eligible,c1_0.discoverable,c1_0.forge_name,c1_0.image_url,c1_0.mana_value,c1_0.oracle_id,c1_0.ownership_type,c1_0.rarity,c1_0.set_code,c1_0.spawn_region,c1_0.types,c1_0.weight from cards c1_0 where c1_0.id=?
Hibernate: select c1_0.id,c1_0.colors,c1_0.commander_eligible,c1_0.discoverable,c1_0.forge_name,c1_0.image_url,c1_0.mana_value,c1_0.oracle_id,c1_0.ownership_type,c1_0.rarity,c1_0.set_code,c1_0.spawn_region,c1_0.types,c1_0.weight from cards c1_0 where c1_0.id=?
Hibernate: select c1_0.id,c1_0.colors,c1_0.commander_eligible,c1_0.discoverable,c1_0.forge_name,c1_0.image_url,c1_0.mana_value,c1_0.oracle_id,c1_0.ownership_type,c1_0.rarity,c1_0.set_code,c1_0.spawn_region,c1_0.types,c1_0.weight from cards c1_0 where c1_0.id=?
Hibernate: select c1_0.id,c1_0.colors,c1_0.commander_eligible,c1_0.discoverable,c1_0.forge_name,c1_0.image_url,c1_0.mana_value,c1_0.oracle_id,c1_0.ownership_type,c1_0.rarity,c1_0.set_code,c1_0.spawn_region,c1_0.types,c1_0.weight from cards c1_0 where c1_0.id=?
Hibernate: select c1_0.id,c1_0.colors,c1_0.commander_eligible,c1_0.discoverable,c1_0.forge_name,c1_0.image_url,c1_0.mana_value,c1_0.oracle_id,c1_0.ownership_type,c1_0.rarity,c1_0.set_code,c1_0.spawn_region,c1_0.types,c1_0.weight from cards c1_0 where c1_0.id=?
Hibernate: select c1_0.id,c1_0.colors,c1_0.commander_eligible,c1_0.discoverable,c1_0.forge_name,c1_0.image_url,c1_0.mana_value,c1_0.oracle_id,c1_0.ownership_type,c1_0.rarity,c1_0.set_code,c1_0.spawn_region,c1_0.types,c1_0.weight from cards c1_0 where c1_0.id=?
Hibernate: select c1_0.id,c1_0.colors,c1_0.commander_eligible,c1_0.discoverable,c1_0.forge_name,c1_0.image_url,c1_0.mana_value,c1_0.oracle_id,c1_0.ownership_type,c1_0.rarity,c1_0.set_code,c1_0.spawn_region,c1_0.types,c1_0.weight from cards c1_0 where c1_0.id=?
Hibernate: select c1_0.id,c1_0.colors,c1_0.commander_eligible,c1_0.discoverable,c1_0.forge_name,c1_0.image_url,c1_0.mana_value,c1_0.oracle_id,c1_0.ownership_type,c1_0.rarity,c1_0.set_code,c1_0.spawn_region,c1_0.types,c1_0.weight from cards c1_0 where c1_0.id=?
Hibernate: select c1_0.id,c1_0.colors,c1_0.commander_eligible,c1_0.discoverable,c1_0.forge_name,c1_0.image_url,c1_0.mana_value,c1_0.oracle_id,c1_0.ownership_type,c1_0.rarity,c1_0.set_code,c1_0.spawn_region,c1_0.types,c1_0.weight from cards c1_0 where c1_0.id=?
Hibernate: select c1_0.id,c1_0.colors,c1_0.commander_eligible,c1_0.discoverable,c1_0.forge_name,c1_0.image_url,c1_0.mana_value,c1_0.oracle_id,c1_0.ownership_type,c1_0.rarity,c1_0.set_code,c1_0.spawn_region,c1_0.types,c1_0.weight from cards c1_0 where c1_0.id=?
Hibernate: select c1_0.deck_id,c1_0.id,c1_0.card_id,c1_0.quantity from deck_cards c1_0 where c1_0.deck_id=?
Hibernate: select c1_0.id,c1_0.colors,c1_0.commander_eligible,c1_0.discoverable,c1_0.forge_name,c1_0.image_url,c1_0.mana_value,c1_0.oracle_id,c1_0.ownership_type,c1_0.rarity,c1_0.set_code,c1_0.spawn_region,c1_0.types,c1_0.weight from cards c1_0 where c1_0.id=?
Hibernate: select c1_0.id,c1_0.colors,c1_0.commander_eligible,c1_0.discoverable,c1_0.forge_name,c1_0.image_url,c1_0.mana_value,c1_0.oracle_id,c1_0.ownership_type,c1_0.rarity,c1_0.set_code,c1_0.spawn_region,c1_0.types,c1_0.weight from cards c1_0 where c1_0.id=?
Hibernate: select c1_0.id,c1_0.colors,c1_0.commander_eligible,c1_0.discoverable,c1_0.forge_name,c1_0.image_url,c1_0.mana_value,c1_0.oracle_id,c1_0.ownership_type,c1_0.rarity,c1_0.set_code,c1_0.spawn_region,c1_0.types,c1_0.weight from cards c1_0 where c1_0.id=?
Hibernate: select c1_0.id,c1_0.colors,c1_0.commander_eligible,c1_0.discoverable,c1_0.forge_name,c1_0.image_url,c1_0.mana_value,c1_0.oracle_id,c1_0.ownership_type,c1_0.rarity,c1_0.set_code,c1_0.spawn_region,c1_0.types,c1_0.weight from cards c1_0 where c1_0.id=?
Hibernate: select c1_0.id,c1_0.colors,c1_0.commander_eligible,c1_0.discoverable,c1_0.forge_name,c1_0.image_url,c1_0.mana_value,c1_0.oracle_id,c1_0.ownership_type,c1_0.rarity,c1_0.set_code,c1_0.spawn_region,c1_0.types,c1_0.weight from cards c1_0 where c1_0.id=?
Hibernate: select c1_0.id,c1_0.colors,c1_0.commander_eligible,c1_0.discoverable,c1_0.forge_name,c1_0.image_url,c1_0.mana_value,c1_0.oracle_id,c1_0.ownership_type,c1_0.rarity,c1_0.set_code,c1_0.spawn_region,c1_0.types,c1_0.weight from cards c1_0 where c1_0.id=?
Hibernate: select c1_0.id,c1_0.colors,c1_0.commander_eligible,c1_0.discoverable,c1_0.forge_name,c1_0.image_url,c1_0.mana_value,c1_0.oracle_id,c1_0.ownership_type,c1_0.rarity,c1_0.set_code,c1_0.spawn_region,c1_0.types,c1_0.weight from cards c1_0 where c1_0.id=?
Hibernate: select c1_0.id,c1_0.colors,c1_0.commander_eligible,c1_0.discoverable,c1_0.forge_name,c1_0.image_url,c1_0.mana_value,c1_0.oracle_id,c1_0.ownership_type,c1_0.rarity,c1_0.set_code,c1_0.spawn_region,c1_0.types,c1_0.weight from cards c1_0 where c1_0.id=?
Hibernate: select c1_0.id,c1_0.colors,c1_0.commander_eligible,c1_0.discoverable,c1_0.forge_name,c1_0.image_url,c1_0.mana_value,c1_0.oracle_id,c1_0.ownership_type,c1_0.rarity,c1_0.set_code,c1_0.spawn_region,c1_0.types,c1_0.weight from cards c1_0 where c1_0.id=?
Hibernate: select c1_0.id,c1_0.colors,c1_0.commander_eligible,c1_0.discoverable,c1_0.forge_name,c1_0.image_url,c1_0.mana_value,c1_0.oracle_id,c1_0.ownership_type,c1_0.rarity,c1_0.set_code,c1_0.spawn_region,c1_0.types,c1_0.weight from cards c1_0 where c1_0.id=?
Hibernate: select c1_0.id,c1_0.colors,c1_0.commander_eligible,c1_0.discoverable,c1_0.forge_name,c1_0.image_url,c1_0.mana_value,c1_0.oracle_id,c1_0.ownership_type,c1_0.rarity,c1_0.set_code,c1_0.spawn_region,c1_0.types,c1_0.weight from cards c1_0 where c1_0.id=?
Hibernate: select p1_0.id,p1_0.avatar,p1_0.banned,p1_0.banned_at,p1_0.created,p1_0.degree_level,p1_0.display_name,p1_0.email,p1_0.experience,p1_0.last_login,p1_0.level,p1_0.password_hash,p1_0.role,p1_0.specialization,p1_0.student_id from players p1_0 where p1_0.email=?
Hibernate: select m1_0.id,m1_0.battle_code,m1_0.created_at,m1_0.deck1_id,m1_0.deck2_id,m1_0.ended_at,m1_0.event_id,m1_0.player1_id,m1_0.player2_id,m1_0.status,m1_0.win_condition,m1_0.winner_id from matches m1_0 where m1_0.id=?
Hibernate: select p1_0.id,p1_0.avatar,p1_0.banned,p1_0.banned_at,p1_0.created,p1_0.degree_level,p1_0.display_name,p1_0.email,p1_0.experience,p1_0.last_login,p1_0.level,p1_0.password_hash,p1_0.role,p1_0.specialization,p1_0.student_id from players p1_0 where p1_0.email=?
Hibernate: select m1_0.id,m1_0.battle_code,m1_0.created_at,m1_0.deck1_id,m1_0.deck2_id,m1_0.ended_at,m1_0.event_id,m1_0.player1_id,m1_0.player2_id,m1_0.status,m1_0.win_condition,m1_0.winner_id from matches m1_0 where m1_0.id=?
Hibernate: select p1_0.id,p1_0.avatar,p1_0.banned,p1_0.banned_at,p1_0.created,p1_0.degree_level,p1_0.display_name,p1_0.email,p1_0.experience,p1_0.last_login,p1_0.level,p1_0.password_hash,p1_0.role,p1_0.specialization,p1_0.student_id from players p1_0 where p1_0.email=?
Hibernate: select m1_0.id,m1_0.battle_code,m1_0.created_at,m1_0.deck1_id,m1_0.deck2_id,m1_0.ended_at,m1_0.event_id,m1_0.player1_id,m1_0.player2_id,m1_0.status,m1_0.win_condition,m1_0.winner_id from matches m1_0 where m1_0.id=?
Hibernate: select p1_0.id,p1_0.avatar,p1_0.banned,p1_0.banned_at,p1_0.created,p1_0.degree_level,p1_0.display_name,p1_0.email,p1_0.experience,p1_0.last_login,p1_0.level,p1_0.password_hash,p1_0.role,p1_0.specialization,p1_0.student_id from players p1_0 where p1_0.email=?
Hibernate: select m1_0.id,m1_0.battle_code,m1_0.created_at,m1_0.deck1_id,m1_0.deck2_id,m1_0.ended_at,m1_0.event_id,m1_0.player1_id,m1_0.player2_id,m1_0.status,m1_0.win_condition,m1_0.winner_id from matches m1_0 where m1_0.id=?
Hibernate: select p1_0.id,p1_0.avatar,p1_0.banned,p1_0.banned_at,p1_0.created,p1_0.degree_level,p1_0.display_name,p1_0.email,p1_0.experience,p1_0.last_login,p1_0.level,p1_0.password_hash,p1_0.role,p1_0.specialization,p1_0.student_id from players p1_0 where p1_0.email=?
Hibernate: select m1_0.id,m1_0.battle_code,m1_0.created_at,m1_0.deck1_id,m1_0.deck2_id,m1_0.ended_at,m1_0.event_id,m1_0.player1_id,m1_0.player2_id,m1_0.status,m1_0.win_condition,m1_0.winner_id from matches m1_0 where m1_0.battle_code=?
Hibernate: select p1_0.id,p1_0.avatar,p1_0.banned,p1_0.banned_at,p1_0.created,p1_0.degree_level,p1_0.display_name,p1_0.email,p1_0.experience,p1_0.last_login,p1_0.level,p1_0.password_hash,p1_0.role,p1_0.specialization,p1_0.student_id from players p1_0 where p1_0.id=?
Hibernate: select d1_0.id,d1_0.commander_card_id,d1_0.created_at,d1_0.format_code,d1_0.name,d1_0.player_id,d1_0.updated_at from decks d1_0 where d1_0.id=?
Hibernate: select c1_0.deck_id,c1_0.id,c1_0.card_id,c1_0.quantity from deck_cards c1_0 where c1_0.deck_id=?
Hibernate: select f1_0.id,f1_0.basics_unlimited,f1_0.code,f1_0.commander_required,f1_0.max_copies,f1_0.max_deck_size,f1_0.min_deck_size,f1_0.name from formats f1_0 where f1_0.code=?
Hibernate: select c1_0.id,c1_0.colors,c1_0.commander_eligible,c1_0.discoverable,c1_0.forge_name,c1_0.image_url,c1_0.mana_value,c1_0.oracle_id,c1_0.ownership_type,c1_0.rarity,c1_0.set_code,c1_0.spawn_region,c1_0.types,c1_0.weight from cards c1_0 where c1_0.id=?
Hibernate: select c1_0.id,c1_0.colors,c1_0.commander_eligible,c1_0.discoverable,c1_0.forge_name,c1_0.image_url,c1_0.mana_value,c1_0.oracle_id,c1_0.ownership_type,c1_0.rarity,c1_0.set_code,c1_0.spawn_region,c1_0.types,c1_0.weight from cards c1_0 where c1_0.id=?
Hibernate: select c1_0.id,c1_0.colors,c1_0.commander_eligible,c1_0.discoverable,c1_0.forge_name,c1_0.image_url,c1_0.mana_value,c1_0.oracle_id,c1_0.ownership_type,c1_0.rarity,c1_0.set_code,c1_0.spawn_region,c1_0.types,c1_0.weight from cards c1_0 where c1_0.id=?
Hibernate: select c1_0.id,c1_0.colors,c1_0.commander_eligible,c1_0.discoverable,c1_0.forge_name,c1_0.image_url,c1_0.mana_value,c1_0.oracle_id,c1_0.ownership_type,c1_0.rarity,c1_0.set_code,c1_0.spawn_region,c1_0.types,c1_0.weight from cards c1_0 where c1_0.id=?
Hibernate: select c1_0.id,c1_0.colors,c1_0.commander_eligible,c1_0.discoverable,c1_0.forge_name,c1_0.image_url,c1_0.mana_value,c1_0.oracle_id,c1_0.ownership_type,c1_0.rarity,c1_0.set_code,c1_0.spawn_region,c1_0.types,c1_0.weight from cards c1_0 where c1_0.id=?
Hibernate: select c1_0.id,c1_0.colors,c1_0.commander_eligible,c1_0.discoverable,c1_0.forge_name,c1_0.image_url,c1_0.mana_value,c1_0.oracle_id,c1_0.ownership_type,c1_0.rarity,c1_0.set_code,c1_0.spawn_region,c1_0.types,c1_0.weight from cards c1_0 where c1_0.id=?
Hibernate: select c1_0.id,c1_0.colors,c1_0.commander_eligible,c1_0.discoverable,c1_0.forge_name,c1_0.image_url,c1_0.mana_value,c1_0.oracle_id,c1_0.ownership_type,c1_0.rarity,c1_0.set_code,c1_0.spawn_region,c1_0.types,c1_0.weight from cards c1_0 where c1_0.id=?
Hibernate: select c1_0.id,c1_0.colors,c1_0.commander_eligible,c1_0.discoverable,c1_0.forge_name,c1_0.image_url,c1_0.mana_value,c1_0.oracle_id,c1_0.ownership_type,c1_0.rarity,c1_0.set_code,c1_0.spawn_region,c1_0.types,c1_0.weight from cards c1_0 where c1_0.id=?
Hibernate: select c1_0.id,c1_0.colors,c1_0.commander_eligible,c1_0.discoverable,c1_0.forge_name,c1_0.image_url,c1_0.mana_value,c1_0.oracle_id,c1_0.ownership_type,c1_0.rarity,c1_0.set_code,c1_0.spawn_region,c1_0.types,c1_0.weight from cards c1_0 where c1_0.id=?
Hibernate: select c1_0.id,c1_0.colors,c1_0.commander_eligible,c1_0.discoverable,c1_0.forge_name,c1_0.image_url,c1_0.mana_value,c1_0.oracle_id,c1_0.ownership_type,c1_0.rarity,c1_0.set_code,c1_0.spawn_region,c1_0.types,c1_0.weight from cards c1_0 where c1_0.id=?
Hibernate: select c1_0.id,c1_0.colors,c1_0.commander_eligible,c1_0.discoverable,c1_0.forge_name,c1_0.image_url,c1_0.mana_value,c1_0.oracle_id,c1_0.ownership_type,c1_0.rarity,c1_0.set_code,c1_0.spawn_region,c1_0.types,c1_0.weight from cards c1_0 where c1_0.id=?
Hibernate: select c1_0.id,c1_0.colors,c1_0.commander_eligible,c1_0.discoverable,c1_0.forge_name,c1_0.image_url,c1_0.mana_value,c1_0.oracle_id,c1_0.ownership_type,c1_0.rarity,c1_0.set_code,c1_0.spawn_region,c1_0.types,c1_0.weight from cards c1_0 where c1_0.id=?
Hibernate: select c1_0.id,c1_0.colors,c1_0.commander_eligible,c1_0.discoverable,c1_0.forge_name,c1_0.image_url,c1_0.mana_value,c1_0.oracle_id,c1_0.ownership_type,c1_0.rarity,c1_0.set_code,c1_0.spawn_region,c1_0.types,c1_0.weight from cards c1_0 where c1_0.id=?
Hibernate: select c1_0.id,c1_0.colors,c1_0.commander_eligible,c1_0.discoverable,c1_0.forge_name,c1_0.image_url,c1_0.mana_value,c1_0.oracle_id,c1_0.ownership_type,c1_0.rarity,c1_0.set_code,c1_0.spawn_region,c1_0.types,c1_0.weight from cards c1_0 where c1_0.id=?
Hibernate: select cl1_0.id,cl1_0.card_id,cl1_0.format_id,cl1_0.legality from card_legalities cl1_0 where cl1_0.format_id=?
Hibernate: select pu1_0.id from player_unlocks pu1_0 where pu1_0.player_id=? and pu1_0.card_id=? fetch first ? rows only
Hibernate: select pu1_0.id,pu1_0.card_id,pu1_0.player_id,pu1_0.unlocked_at from player_unlocks pu1_0 where pu1_0.player_id=?
Hibernate: select pu1_0.id from player_unlocks pu1_0 where pu1_0.player_id=? and pu1_0.card_id=? fetch first ? rows only
Hibernate: select pu1_0.id,pu1_0.card_id,pu1_0.player_id,pu1_0.unlocked_at from player_unlocks pu1_0 where pu1_0.player_id=?
Hibernate: select pu1_0.id from player_unlocks pu1_0 where pu1_0.player_id=? and pu1_0.card_id=? fetch first ? rows only
Hibernate: select pu1_0.id,pu1_0.card_id,pu1_0.player_id,pu1_0.unlocked_at from player_unlocks pu1_0 where pu1_0.player_id=?
Hibernate: select pu1_0.id from player_unlocks pu1_0 where pu1_0.player_id=? and pu1_0.card_id=? fetch first ? rows only
Hibernate: select pu1_0.id,pu1_0.card_id,pu1_0.player_id,pu1_0.unlocked_at from player_unlocks pu1_0 where pu1_0.player_id=?
Hibernate: select pu1_0.id from player_unlocks pu1_0 where pu1_0.player_id=? and pu1_0.card_id=? fetch first ? rows only
Hibernate: select pu1_0.id,pu1_0.card_id,pu1_0.player_id,pu1_0.unlocked_at from player_unlocks pu1_0 where pu1_0.player_id=?
Hibernate: select pu1_0.id from player_unlocks pu1_0 where pu1_0.player_id=? and pu1_0.card_id=? fetch first ? rows only
Hibernate: select pu1_0.id,pu1_0.card_id,pu1_0.player_id,pu1_0.unlocked_at from player_unlocks pu1_0 where pu1_0.player_id=?
Hibernate: select pu1_0.id from player_unlocks pu1_0 where pu1_0.player_id=? and pu1_0.card_id=? fetch first ? rows only
Hibernate: select pu1_0.id,pu1_0.card_id,pu1_0.player_id,pu1_0.unlocked_at from player_unlocks pu1_0 where pu1_0.player_id=?
Hibernate: select pu1_0.id from player_unlocks pu1_0 where pu1_0.player_id=? and pu1_0.card_id=? fetch first ? rows only
Hibernate: select pu1_0.id,pu1_0.card_id,pu1_0.player_id,pu1_0.unlocked_at from player_unlocks pu1_0 where pu1_0.player_id=?
Hibernate: select pu1_0.id from player_unlocks pu1_0 where pu1_0.player_id=? and pu1_0.card_id=? fetch first ? rows only
Hibernate: select pu1_0.id,pu1_0.card_id,pu1_0.player_id,pu1_0.unlocked_at from player_unlocks pu1_0 where pu1_0.player_id=?
Hibernate: select p1_0.id,p1_0.avatar,p1_0.banned,p1_0.banned_at,p1_0.created,p1_0.degree_level,p1_0.display_name,p1_0.email,p1_0.experience,p1_0.last_login,p1_0.level,p1_0.password_hash,p1_0.role,p1_0.specialization,p1_0.student_id from players p1_0 where p1_0.id=?
Hibernate: select d1_0.id,d1_0.commander_card_id,d1_0.created_at,d1_0.format_code,d1_0.name,d1_0.player_id,d1_0.updated_at from decks d1_0 where d1_0.id=?
Hibernate: select c1_0.deck_id,c1_0.id,c1_0.card_id,c1_0.quantity from deck_cards c1_0 where c1_0.deck_id=?
2026-08-12T00:42:55.008+05:30  INFO 34204 --- [campusforge-backend] [io-17172-exec-8] c.c.backend.battle.ForgeDeckConverter    : Converted deck 'New Deck' for Forge: 61 cards added, 0 skipped
2026-08-12T00:42:55.027+05:30  INFO 34204 --- [campusforge-backend] [io-17172-exec-8] c.c.backend.battle.ForgeDeckConverter    : Converted deck 'New Deck' for Forge: 63 cards added, 0 skipped
2026-08-12T00:42:55.311+05:30  INFO 34204 --- [campusforge-backend] [io-17172-exec-8] c.c.backend.battle.MatchManager          : Started Forge match session 441b38c5-4397-431e-a753-58566095b193 (dfgh vs tttttttt)
Hibernate: update matches set battle_code=?,created_at=?,deck1_id=?,deck2_id=?,ended_at=?,event_id=?,player1_id=?,player2_id=?,status=?,win_condition=?,winner_id=? where id=?
Hibernate: select p1_0.id,p1_0.avatar,p1_0.banned,p1_0.banned_at,p1_0.created,p1_0.degree_level,p1_0.display_name,p1_0.email,p1_0.experience,p1_0.last_login,p1_0.level,p1_0.password_hash,p1_0.role,p1_0.specialization,p1_0.student_id from players p1_0 where p1_0.email=?
Hibernate: select p1_0.id,p1_0.avatar,p1_0.banned,p1_0.banned_at,p1_0.created,p1_0.degree_level,p1_0.display_name,p1_0.email,p1_0.experience,p1_0.last_login,p1_0.level,p1_0.password_hash,p1_0.role,p1_0.specialization,p1_0.student_id from players p1_0 where p1_0.email=?
Hibernate: select m1_0.id,m1_0.battle_code,m1_0.created_at,m1_0.deck1_id,m1_0.deck2_id,m1_0.ended_at,m1_0.event_id,m1_0.player1_id,m1_0.player2_id,m1_0.status,m1_0.win_condition,m1_0.winner_id from matches m1_0 where m1_0.player1_id=? or m1_0.player2_id=?
Hibernate: select p1_0.id,p1_0.avatar,p1_0.banned,p1_0.banned_at,p1_0.created,p1_0.degree_level,p1_0.display_name,p1_0.email,p1_0.experience,p1_0.last_login,p1_0.level,p1_0.password_hash,p1_0.role,p1_0.specialization,p1_0.student_id from players p1_0 where p1_0.email=?
Hibernate: select p1_0.id,p1_0.avatar,p1_0.banned,p1_0.banned_at,p1_0.created,p1_0.degree_level,p1_0.display_name,p1_0.email,p1_0.experience,p1_0.last_login,p1_0.level,p1_0.password_hash,p1_0.role,p1_0.specialization,p1_0.student_id from players p1_0 where p1_0.email=?
Hibernate: select p1_0.id,p1_0.avatar,p1_0.banned,p1_0.banned_at,p1_0.created,p1_0.degree_level,p1_0.display_name,p1_0.email,p1_0.experience,p1_0.last_login,p1_0.level,p1_0.password_hash,p1_0.role,p1_0.specialization,p1_0.student_id from players p1_0 where p1_0.email=?
Hibernate: select p1_0.id,p1_0.avatar,p1_0.banned,p1_0.banned_at,p1_0.created,p1_0.degree_level,p1_0.display_name,p1_0.email,p1_0.experience,p1_0.last_login,p1_0.level,p1_0.password_hash,p1_0.role,p1_0.specialization,p1_0.student_id from players p1_0 where p1_0.email=?
Hibernate: select p1_0.id,p1_0.avatar,p1_0.banned,p1_0.banned_at,p1_0.created,p1_0.degree_level,p1_0.display_name,p1_0.email,p1_0.experience,p1_0.last_login,p1_0.level,p1_0.password_hash,p1_0.role,p1_0.specialization,p1_0.student_id from players p1_0 where p1_0.email=?
Hibernate: select p1_0.id,p1_0.avatar,p1_0.banned,p1_0.banned_at,p1_0.created,p1_0.degree_level,p1_0.display_name,p1_0.email,p1_0.experience,p1_0.last_login,p1_0.level,p1_0.password_hash,p1_0.role,p1_0.specialization,p1_0.student_id from players p1_0 where p1_0.email=?
Hibernate: select p1_0.id,p1_0.avatar,p1_0.banned,p1_0.banned_at,p1_0.created,p1_0.degree_level,p1_0.display_name,p1_0.email,p1_0.experience,p1_0.last_login,p1_0.level,p1_0.password_hash,p1_0.role,p1_0.specialization,p1_0.student_id from players p1_0 where p1_0.email=?
Hibernate: select p1_0.id,p1_0.avatar,p1_0.banned,p1_0.banned_at,p1_0.created,p1_0.degree_level,p1_0.display_name,p1_0.email,p1_0.experience,p1_0.last_login,p1_0.level,p1_0.password_hash,p1_0.role,p1_0.specialization,p1_0.student_id from players p1_0 where p1_0.email=?
Hibernate: select p1_0.id,p1_0.avatar,p1_0.banned,p1_0.banned_at,p1_0.created,p1_0.degree_level,p1_0.display_name,p1_0.email,p1_0.experience,p1_0.last_login,p1_0.level,p1_0.password_hash,p1_0.role,p1_0.specialization,p1_0.student_id from players p1_0 where p1_0.email=?
Hibernate: select p1_0.id,p1_0.avatar,p1_0.banned,p1_0.banned_at,p1_0.created,p1_0.degree_level,p1_0.display_name,p1_0.email,p1_0.experience,p1_0.last_login,p1_0.level,p1_0.password_hash,p1_0.role,p1_0.specialization,p1_0.student_id from players p1_0 where p1_0.email=?
Hibernate: select p1_0.id,p1_0.avatar,p1_0.banned,p1_0.banned_at,p1_0.created,p1_0.degree_level,p1_0.display_name,p1_0.email,p1_0.experience,p1_0.last_login,p1_0.level,p1_0.password_hash,p1_0.role,p1_0.specialization,p1_0.student_id from players p1_0 where p1_0.email=?
Hibernate: select p1_0.id,p1_0.avatar,p1_0.banned,p1_0.banned_at,p1_0.created,p1_0.degree_level,p1_0.display_name,p1_0.email,p1_0.experience,p1_0.last_login,p1_0.level,p1_0.password_hash,p1_0.role,p1_0.specialization,p1_0.student_id from players p1_0 where p1_0.email=?
Hibernate: select p1_0.id,p1_0.avatar,p1_0.banned,p1_0.banned_at,p1_0.created,p1_0.degree_level,p1_0.display_name,p1_0.email,p1_0.experience,p1_0.last_login,p1_0.level,p1_0.password_hash,p1_0.role,p1_0.specialization,p1_0.student_id from players p1_0 where p1_0.email=?
Hibernate: select p1_0.id,p1_0.avatar,p1_0.banned,p1_0.banned_at,p1_0.created,p1_0.degree_level,p1_0.display_name,p1_0.email,p1_0.experience,p1_0.last_login,p1_0.level,p1_0.password_hash,p1_0.role,p1_0.specialization,p1_0.student_id from players p1_0 where p1_0.email=?
Hibernate: select p1_0.id,p1_0.avatar,p1_0.banned,p1_0.banned_at,p1_0.created,p1_0.degree_level,p1_0.display_name,p1_0.email,p1_0.experience,p1_0.last_login,p1_0.level,p1_0.password_hash,p1_0.role,p1_0.specialization,p1_0.student_id from players p1_0 where p1_0.email=?
Hibernate: select p1_0.id,p1_0.avatar,p1_0.banned,p1_0.banned_at,p1_0.created,p1_0.degree_level,p1_0.display_name,p1_0.email,p1_0.experience,p1_0.last_login,p1_0.level,p1_0.password_hash,p1_0.role,p1_0.specialization,p1_0.student_id from players p1_0 where p1_0.email=?
Hibernate: select p1_0.id,p1_0.avatar,p1_0.banned,p1_0.banned_at,p1_0.created,p1_0.degree_level,p1_0.display_name,p1_0.email,p1_0.experience,p1_0.last_login,p1_0.level,p1_0.password_hash,p1_0.role,p1_0.specialization,p1_0.student_id from players p1_0 where p1_0.email=?
Hibernate: select p1_0.id,p1_0.avatar,p1_0.banned,p1_0.banned_at,p1_0.created,p1_0.degree_level,p1_0.display_name,p1_0.email,p1_0.experience,p1_0.last_login,p1_0.level,p1_0.password_hash,p1_0.role,p1_0.specialization,p1_0.student_id from players p1_0 where p1_0.email=?
Hibernate: select p1_0.id,p1_0.avatar,p1_0.banned,p1_0.banned_at,p1_0.created,p1_0.degree_level,p1_0.display_name,p1_0.email,p1_0.experience,p1_0.last_login,p1_0.level,p1_0.password_hash,p1_0.role,p1_0.specialization,p1_0.student_id from players p1_0 where p1_0.email=?
Hibernate: select p1_0.id,p1_0.avatar,p1_0.banned,p1_0.banned_at,p1_0.created,p1_0.degree_level,p1_0.display_name,p1_0.email,p1_0.experience,p1_0.last_login,p1_0.level,p1_0.password_hash,p1_0.role,p1_0.specialization,p1_0.student_id from players p1_0 where p1_0.email=?
Hibernate: select p1_0.id,p1_0.avatar,p1_0.banned,p1_0.banned_at,p1_0.created,p1_0.degree_level,p1_0.display_name,p1_0.email,p1_0.experience,p1_0.last_login,p1_0.level,p1_0.password_hash,p1_0.role,p1_0.specialization,p1_0.student_id from players p1_0 where p1_0.email=?
Hibernate: select p1_0.id,p1_0.avatar,p1_0.banned,p1_0.banned_at,p1_0.created,p1_0.degree_level,p1_0.display_name,p1_0.email,p1_0.experience,p1_0.last_login,p1_0.level,p1_0.password_hash,p1_0.role,p1_0.specialization,p1_0.student_id from players p1_0 where p1_0.email=?
Hibernate: select p1_0.id,p1_0.avatar,p1_0.banned,p1_0.banned_at,p1_0.created,p1_0.degree_level,p1_0.display_name,p1_0.email,p1_0.experience,p1_0.last_login,p1_0.level,p1_0.password_hash,p1_0.role,p1_0.specialization,p1_0.student_id from players p1_0 where p1_0.email=?
Hibernate: select p1_0.id,p1_0.avatar,p1_0.banned,p1_0.banned_at,p1_0.created,p1_0.degree_level,p1_0.display_name,p1_0.email,p1_0.experience,p1_0.last_login,p1_0.level,p1_0.password_hash,p1_0.role,p1_0.specialization,p1_0.student_id from players p1_0 where p1_0.email=?
Hibernate: select p1_0.id,p1_0.avatar,p1_0.banned,p1_0.banned_at,p1_0.created,p1_0.degree_level,p1_0.display_name,p1_0.email,p1_0.experience,p1_0.last_login,p1_0.level,p1_0.password_hash,p1_0.role,p1_0.specialization,p1_0.student_id from players p1_0 where p1_0.email=?
Hibernate: select p1_0.id,p1_0.avatar,p1_0.banned,p1_0.banned_at,p1_0.created,p1_0.degree_level,p1_0.display_name,p1_0.email,p1_0.experience,p1_0.last_login,p1_0.level,p1_0.password_hash,p1_0.role,p1_0.specialization,p1_0.student_id from players p1_0 where p1_0.email=?
Hibernate: select p1_0.id,p1_0.avatar,p1_0.banned,p1_0.banned_at,p1_0.created,p1_0.degree_level,p1_0.display_name,p1_0.email,p1_0.experience,p1_0.last_login,p1_0.level,p1_0.password_hash,p1_0.role,p1_0.specialization,p1_0.student_id from players p1_0 where p1_0.email=?
Hibernate: select p1_0.id,p1_0.avatar,p1_0.banned,p1_0.banned_at,p1_0.created,p1_0.degree_level,p1_0.display_name,p1_0.email,p1_0.experience,p1_0.last_login,p1_0.level,p1_0.password_hash,p1_0.role,p1_0.specialization,p1_0.student_id from players p1_0 where p1_0.email=?
Hibernate: select p1_0.id,p1_0.avatar,p1_0.banned,p1_0.banned_at,p1_0.created,p1_0.degree_level,p1_0.display_name,p1_0.email,p1_0.experience,p1_0.last_login,p1_0.level,p1_0.password_hash,p1_0.role,p1_0.specialization,p1_0.student_id from players p1_0 where p1_0.email=?
Hibernate: select p1_0.id,p1_0.avatar,p1_0.banned,p1_0.banned_at,p1_0.created,p1_0.degree_level,p1_0.display_name,p1_0.email,p1_0.experience,p1_0.last_login,p1_0.level,p1_0.password_hash,p1_0.role,p1_0.specialization,p1_0.student_id from players p1_0 where p1_0.email=?
2026-08-12T00:44:21.007+05:30  INFO 34204 --- [campusforge-backend] [io-17172-exec-6] c.c.backend.battle.ForgeMatchSession     : Player 324df05a-88a8-4496-b461-8d01ee20fdbb marked disconnected in match 441b38c5-4397-431e-a753-58566095b193
2026-08-12T00:44:21.007+05:30  WARN 34204 --- [campusforge-backend] [io-17172-exec-6] c.c.backend.battle.MatchManager          : Player 324df05a-88a8-4496-b461-8d01ee20fdbb disconnected from match 441b38c5-4397-431e-a753-58566095b193, starting 60s grace period
Hibernate: select p1_0.id,p1_0.avatar,p1_0.banned,p1_0.banned_at,p1_0.created,p1_0.degree_level,p1_0.display_name,p1_0.email,p1_0.experience,p1_0.last_login,p1_0.level,p1_0.password_hash,p1_0.role,p1_0.specialization,p1_0.student_id from players p1_0 where p1_0.email=?
Hibernate: select p1_0.id,p1_0.avatar,p1_0.banned,p1_0.banned_at,p1_0.created,p1_0.degree_level,p1_0.display_name,p1_0.email,p1_0.experience,p1_0.last_login,p1_0.level,p1_0.password_hash,p1_0.role,p1_0.specialization,p1_0.student_id from players p1_0 where p1_0.email=?
Hibernate: select p1_0.id,p1_0.avatar,p1_0.banned,p1_0.banned_at,p1_0.created,p1_0.degree_level,p1_0.display_name,p1_0.email,p1_0.experience,p1_0.last_login,p1_0.level,p1_0.password_hash,p1_0.role,p1_0.specialization,p1_0.student_id from players p1_0 where p1_0.email=?
Hibernate: select p1_0.id,p1_0.avatar,p1_0.banned,p1_0.banned_at,p1_0.created,p1_0.degree_level,p1_0.display_name,p1_0.email,p1_0.experience,p1_0.last_login,p1_0.level,p1_0.password_hash,p1_0.role,p1_0.specialization,p1_0.student_id from players p1_0 where p1_0.id=?
Hibernate: select p1_0.id,p1_0.avatar,p1_0.banned,p1_0.banned_at,p1_0.created,p1_0.degree_level,p1_0.display_name,p1_0.email,p1_0.experience,p1_0.last_login,p1_0.level,p1_0.password_hash,p1_0.role,p1_0.specialization,p1_0.student_id from players p1_0 where p1_0.id=?
Hibernate: select c1_0.id,c1_0.colors,c1_0.commander_eligible,c1_0.discoverable,c1_0.forge_name,c1_0.image_url,c1_0.mana_value,c1_0.oracle_id,c1_0.ownership_type,c1_0.rarity,c1_0.set_code,c1_0.spawn_region,c1_0.types,c1_0.weight from cards c1_0
Hibernate: select c1_0.id,c1_0.colors,c1_0.commander_eligible,c1_0.discoverable,c1_0.forge_name,c1_0.image_url,c1_0.mana_value,c1_0.oracle_id,c1_0.ownership_type,c1_0.rarity,c1_0.set_code,c1_0.spawn_region,c1_0.types,c1_0.weight from cards c1_0
Hibernate: select d1_0.id,d1_0.commander_card_id,d1_0.created_at,d1_0.format_code,d1_0.name,d1_0.player_id,d1_0.updated_at from decks d1_0 where d1_0.player_id=?
Hibernate: select c1_0.deck_id,c1_0.id,c1_0.card_id,c1_0.quantity from deck_cards c1_0 where c1_0.deck_id=?
Hibernate: select d1_0.id,d1_0.card_id,d1_0.count,d1_0.last_discovered,d1_0.player_id from discoveries d1_0 where d1_0.player_id=?
Hibernate: select c1_0.id,c1_0.colors,c1_0.commander_eligible,c1_0.discoverable,c1_0.forge_name,c1_0.image_url,c1_0.mana_value,c1_0.oracle_id,c1_0.ownership_type,c1_0.rarity,c1_0.set_code,c1_0.spawn_region,c1_0.types,c1_0.weight from cards c1_0 where c1_0.id=?
Hibernate: select c1_0.id,c1_0.colors,c1_0.commander_eligible,c1_0.discoverable,c1_0.forge_name,c1_0.image_url,c1_0.mana_value,c1_0.oracle_id,c1_0.ownership_type,c1_0.rarity,c1_0.set_code,c1_0.spawn_region,c1_0.types,c1_0.weight from cards c1_0 where c1_0.id=?
Hibernate: select c1_0.id,c1_0.colors,c1_0.commander_eligible,c1_0.discoverable,c1_0.forge_name,c1_0.image_url,c1_0.mana_value,c1_0.oracle_id,c1_0.ownership_type,c1_0.rarity,c1_0.set_code,c1_0.spawn_region,c1_0.types,c1_0.weight from cards c1_0 where c1_0.id=?
Hibernate: select c1_0.id,c1_0.colors,c1_0.commander_eligible,c1_0.discoverable,c1_0.forge_name,c1_0.image_url,c1_0.mana_value,c1_0.oracle_id,c1_0.ownership_type,c1_0.rarity,c1_0.set_code,c1_0.spawn_region,c1_0.types,c1_0.weight from cards c1_0 where c1_0.id=?
Hibernate: select c1_0.id,c1_0.colors,c1_0.commander_eligible,c1_0.discoverable,c1_0.forge_name,c1_0.image_url,c1_0.mana_value,c1_0.oracle_id,c1_0.ownership_type,c1_0.rarity,c1_0.set_code,c1_0.spawn_region,c1_0.types,c1_0.weight from cards c1_0 where c1_0.id=?
Hibernate: select f1_0.id,f1_0.card_id,f1_0.created_at,f1_0.player_id from favorites f1_0 where f1_0.player_id=?
Hibernate: select c1_0.id,c1_0.colors,c1_0.commander_eligible,c1_0.discoverable,c1_0.forge_name,c1_0.image_url,c1_0.mana_value,c1_0.oracle_id,c1_0.ownership_type,c1_0.rarity,c1_0.set_code,c1_0.spawn_region,c1_0.types,c1_0.weight from cards c1_0 where c1_0.id=?
Hibernate: select c1_0.id,c1_0.colors,c1_0.commander_eligible,c1_0.discoverable,c1_0.forge_name,c1_0.image_url,c1_0.mana_value,c1_0.oracle_id,c1_0.ownership_type,c1_0.rarity,c1_0.set_code,c1_0.spawn_region,c1_0.types,c1_0.weight from cards c1_0 where c1_0.id=?
Hibernate: select c1_0.id,c1_0.colors,c1_0.commander_eligible,c1_0.discoverable,c1_0.forge_name,c1_0.image_url,c1_0.mana_value,c1_0.oracle_id,c1_0.ownership_type,c1_0.rarity,c1_0.set_code,c1_0.spawn_region,c1_0.types,c1_0.weight from cards c1_0 where c1_0.id=?
Hibernate: select c1_0.id,c1_0.colors,c1_0.commander_eligible,c1_0.discoverable,c1_0.forge_name,c1_0.image_url,c1_0.mana_value,c1_0.oracle_id,c1_0.ownership_type,c1_0.rarity,c1_0.set_code,c1_0.spawn_region,c1_0.types,c1_0.weight from cards c1_0 where c1_0.id=?
Hibernate: select pu1_0.id,pu1_0.card_id,pu1_0.player_id,pu1_0.unlocked_at from player_unlocks pu1_0 where pu1_0.player_id=?
Hibernate: select c1_0.id,c1_0.colors,c1_0.commander_eligible,c1_0.discoverable,c1_0.forge_name,c1_0.image_url,c1_0.mana_value,c1_0.oracle_id,c1_0.ownership_type,c1_0.rarity,c1_0.set_code,c1_0.spawn_region,c1_0.types,c1_0.weight from cards c1_0 where c1_0.id=?
Hibernate: select c1_0.id,c1_0.colors,c1_0.commander_eligible,c1_0.discoverable,c1_0.forge_name,c1_0.image_url,c1_0.mana_value,c1_0.oracle_id,c1_0.ownership_type,c1_0.rarity,c1_0.set_code,c1_0.spawn_region,c1_0.types,c1_0.weight from cards c1_0 where c1_0.id=?
Hibernate: select c1_0.id,c1_0.colors,c1_0.commander_eligible,c1_0.discoverable,c1_0.forge_name,c1_0.image_url,c1_0.mana_value,c1_0.oracle_id,c1_0.ownership_type,c1_0.rarity,c1_0.set_code,c1_0.spawn_region,c1_0.types,c1_0.weight from cards c1_0 where c1_0.id=?
Hibernate: select c1_0.id,c1_0.colors,c1_0.commander_eligible,c1_0.discoverable,c1_0.forge_name,c1_0.image_url,c1_0.mana_value,c1_0.oracle_id,c1_0.ownership_type,c1_0.rarity,c1_0.set_code,c1_0.spawn_region,c1_0.types,c1_0.weight from cards c1_0 where c1_0.id=?
Hibernate: select pu1_0.id,pu1_0.card_id,pu1_0.player_id,pu1_0.unlocked_at from player_unlocks pu1_0 where pu1_0.player_id=?
Hibernate: select c1_0.id,c1_0.colors,c1_0.commander_eligible,c1_0.discoverable,c1_0.forge_name,c1_0.image_url,c1_0.mana_value,c1_0.oracle_id,c1_0.ownership_type,c1_0.rarity,c1_0.set_code,c1_0.spawn_region,c1_0.types,c1_0.weight from cards c1_0 where c1_0.id=?
Hibernate: select c1_0.deck_id,c1_0.id,c1_0.card_id,c1_0.quantity from deck_cards c1_0 where c1_0.deck_id=?
Hibernate: select pu1_0.id,pu1_0.card_id,pu1_0.player_id,pu1_0.unlocked_at from player_unlocks pu1_0 where pu1_0.player_id=?
Hibernate: select c1_0.id,c1_0.colors,c1_0.commander_eligible,c1_0.discoverable,c1_0.forge_name,c1_0.image_url,c1_0.mana_value,c1_0.oracle_id,c1_0.ownership_type,c1_0.rarity,c1_0.set_code,c1_0.spawn_region,c1_0.types,c1_0.weight from cards c1_0 where c1_0.id=?
Hibernate: select c1_0.id,c1_0.colors,c1_0.commander_eligible,c1_0.discoverable,c1_0.forge_name,c1_0.image_url,c1_0.mana_value,c1_0.oracle_id,c1_0.ownership_type,c1_0.rarity,c1_0.set_code,c1_0.spawn_region,c1_0.types,c1_0.weight from cards c1_0 where c1_0.id=?
Hibernate: select pu1_0.id,pu1_0.card_id,pu1_0.player_id,pu1_0.unlocked_at from player_unlocks pu1_0 where pu1_0.player_id=?
Hibernate: select c1_0.id,c1_0.colors,c1_0.commander_eligible,c1_0.discoverable,c1_0.forge_name,c1_0.image_url,c1_0.mana_value,c1_0.oracle_id,c1_0.ownership_type,c1_0.rarity,c1_0.set_code,c1_0.spawn_region,c1_0.types,c1_0.weight from cards c1_0 where c1_0.id=?
Hibernate: select c1_0.id,c1_0.colors,c1_0.commander_eligible,c1_0.discoverable,c1_0.forge_name,c1_0.image_url,c1_0.mana_value,c1_0.oracle_id,c1_0.ownership_type,c1_0.rarity,c1_0.set_code,c1_0.spawn_region,c1_0.types,c1_0.weight from cards c1_0 where c1_0.id=?
Hibernate: select pu1_0.id,pu1_0.card_id,pu1_0.player_id,pu1_0.unlocked_at from player_unlocks pu1_0 where pu1_0.player_id=?
Hibernate: select c1_0.id,c1_0.colors,c1_0.commander_eligible,c1_0.discoverable,c1_0.forge_name,c1_0.image_url,c1_0.mana_value,c1_0.oracle_id,c1_0.ownership_type,c1_0.rarity,c1_0.set_code,c1_0.spawn_region,c1_0.types,c1_0.weight from cards c1_0 where c1_0.id=?
Hibernate: select pu1_0.id,pu1_0.card_id,pu1_0.player_id,pu1_0.unlocked_at from player_unlocks pu1_0 where pu1_0.player_id=?
Hibernate: select c1_0.id,c1_0.colors,c1_0.commander_eligible,c1_0.discoverable,c1_0.forge_name,c1_0.image_url,c1_0.mana_value,c1_0.oracle_id,c1_0.ownership_type,c1_0.rarity,c1_0.set_code,c1_0.spawn_region,c1_0.types,c1_0.weight from cards c1_0 where c1_0.id=?
Hibernate: select c1_0.id,c1_0.colors,c1_0.commander_eligible,c1_0.discoverable,c1_0.forge_name,c1_0.image_url,c1_0.mana_value,c1_0.oracle_id,c1_0.ownership_type,c1_0.rarity,c1_0.set_code,c1_0.spawn_region,c1_0.types,c1_0.weight from cards c1_0 where c1_0.id=?
Hibernate: select pu1_0.id,pu1_0.card_id,pu1_0.player_id,pu1_0.unlocked_at from player_unlocks pu1_0 where pu1_0.player_id=?
Hibernate: select c1_0.id,c1_0.colors,c1_0.commander_eligible,c1_0.discoverable,c1_0.forge_name,c1_0.image_url,c1_0.mana_value,c1_0.oracle_id,c1_0.ownership_type,c1_0.rarity,c1_0.set_code,c1_0.spawn_region,c1_0.types,c1_0.weight from cards c1_0 where c1_0.id=?
Hibernate: select uc1_0.physical_uuid,uc1_0.card_id,uc1_0.claimed_at,uc1_0.history,uc1_0.owner_id,uc1_0.serial_number from unique_cards uc1_0 where uc1_0.owner_id=?
Hibernate: select c1_0.id,c1_0.colors,c1_0.commander_eligible,c1_0.discoverable,c1_0.forge_name,c1_0.image_url,c1_0.mana_value,c1_0.oracle_id,c1_0.ownership_type,c1_0.rarity,c1_0.set_code,c1_0.spawn_region,c1_0.types,c1_0.weight from cards c1_0 where c1_0.id=?
Hibernate: select uc1_0.physical_uuid,uc1_0.card_id,uc1_0.claimed_at,uc1_0.history,uc1_0.owner_id,uc1_0.serial_number from unique_cards uc1_0 where uc1_0.owner_id=?
Hibernate: select c1_0.id,c1_0.colors,c1_0.commander_eligible,c1_0.discoverable,c1_0.forge_name,c1_0.image_url,c1_0.mana_value,c1_0.oracle_id,c1_0.ownership_type,c1_0.rarity,c1_0.set_code,c1_0.spawn_region,c1_0.types,c1_0.weight from cards c1_0 where c1_0.id=?
Hibernate: select c1_0.id,c1_0.colors,c1_0.commander_eligible,c1_0.discoverable,c1_0.forge_name,c1_0.image_url,c1_0.mana_value,c1_0.oracle_id,c1_0.ownership_type,c1_0.rarity,c1_0.set_code,c1_0.spawn_region,c1_0.types,c1_0.weight from cards c1_0 where c1_0.id=?
Hibernate: select pu1_0.id,pu1_0.card_id,pu1_0.player_id,pu1_0.unlocked_at from player_unlocks pu1_0 where pu1_0.player_id=?
Hibernate: select uc1_0.physical_uuid,uc1_0.card_id,uc1_0.claimed_at,uc1_0.history,uc1_0.owner_id,uc1_0.serial_number from unique_cards uc1_0 where uc1_0.owner_id=?
Hibernate: select pu1_0.id,pu1_0.card_id,pu1_0.player_id,pu1_0.unlocked_at from player_unlocks pu1_0 where pu1_0.player_id=?
Hibernate: select pu1_0.id,pu1_0.card_id,pu1_0.player_id,pu1_0.unlocked_at from player_unlocks pu1_0 where pu1_0.player_id=?
Hibernate: select pu1_0.id,pu1_0.card_id,pu1_0.player_id,pu1_0.unlocked_at from player_unlocks pu1_0 where pu1_0.player_id=?
Hibernate: select pu1_0.id,pu1_0.card_id,pu1_0.player_id,pu1_0.unlocked_at from player_unlocks pu1_0 where pu1_0.player_id=?
Hibernate: select pu1_0.id,pu1_0.card_id,pu1_0.player_id,pu1_0.unlocked_at from player_unlocks pu1_0 where pu1_0.player_id=?
Hibernate: select pu1_0.id,pu1_0.card_id,pu1_0.player_id,pu1_0.unlocked_at from player_unlocks pu1_0 where pu1_0.player_id=?
Hibernate: select pu1_0.id,pu1_0.card_id,pu1_0.player_id,pu1_0.unlocked_at from player_unlocks pu1_0 where pu1_0.player_id=?
Hibernate: select pu1_0.id,pu1_0.card_id,pu1_0.player_id,pu1_0.unlocked_at from player_unlocks pu1_0 where pu1_0.player_id=?
Hibernate: select pu1_0.id,pu1_0.card_id,pu1_0.player_id,pu1_0.unlocked_at from player_unlocks pu1_0 where pu1_0.player_id=?
Hibernate: select pu1_0.id,pu1_0.card_id,pu1_0.player_id,pu1_0.unlocked_at from player_unlocks pu1_0 where pu1_0.player_id=?
Hibernate: select pu1_0.id,pu1_0.card_id,pu1_0.player_id,pu1_0.unlocked_at from player_unlocks pu1_0 where pu1_0.player_id=?
Hibernate: select pu1_0.id,pu1_0.card_id,pu1_0.player_id,pu1_0.unlocked_at from player_unlocks pu1_0 where pu1_0.player_id=?
Hibernate: select pu1_0.id,pu1_0.card_id,pu1_0.player_id,pu1_0.unlocked_at from player_unlocks pu1_0 where pu1_0.player_id=?
Hibernate: select pu1_0.id,pu1_0.card_id,pu1_0.player_id,pu1_0.unlocked_at from player_unlocks pu1_0 where pu1_0.player_id=?
Hibernate: select pu1_0.id,pu1_0.card_id,pu1_0.player_id,pu1_0.unlocked_at from player_unlocks pu1_0 where pu1_0.player_id=?
Hibernate: select p1_0.id,p1_0.avatar,p1_0.banned,p1_0.banned_at,p1_0.created,p1_0.degree_level,p1_0.display_name,p1_0.email,p1_0.experience,p1_0.last_login,p1_0.level,p1_0.password_hash,p1_0.role,p1_0.specialization,p1_0.student_id from players p1_0 where p1_0.email=?
Hibernate: select p1_0.id,p1_0.avatar,p1_0.banned,p1_0.banned_at,p1_0.created,p1_0.degree_level,p1_0.display_name,p1_0.email,p1_0.experience,p1_0.last_login,p1_0.level,p1_0.password_hash,p1_0.role,p1_0.specialization,p1_0.student_id from players p1_0 where p1_0.email=?
Hibernate: select p1_0.id,p1_0.avatar,p1_0.banned,p1_0.banned_at,p1_0.created,p1_0.degree_level,p1_0.display_name,p1_0.email,p1_0.experience,p1_0.last_login,p1_0.level,p1_0.password_hash,p1_0.role,p1_0.specialization,p1_0.student_id from players p1_0 where p1_0.email=?
Hibernate: select p1_0.id,p1_0.avatar,p1_0.banned,p1_0.banned_at,p1_0.created,p1_0.degree_level,p1_0.display_name,p1_0.email,p1_0.experience,p1_0.last_login,p1_0.level,p1_0.password_hash,p1_0.role,p1_0.specialization,p1_0.student_id from players p1_0 where p1_0.id=?
Hibernate: select m1_0.id,m1_0.battle_code,m1_0.created_at,m1_0.deck1_id,m1_0.deck2_id,m1_0.ended_at,m1_0.event_id,m1_0.player1_id,m1_0.player2_id,m1_0.status,m1_0.win_condition,m1_0.winner_id from matches m1_0 where m1_0.player1_id=? or m1_0.player2_id=?
Hibernate: select d1_0.id,d1_0.commander_card_id,d1_0.created_at,d1_0.format_code,d1_0.name,d1_0.player_id,d1_0.updated_at from decks d1_0 where d1_0.player_id=?
Hibernate: select c1_0.deck_id,c1_0.id,c1_0.card_id,c1_0.quantity from deck_cards c1_0 where c1_0.deck_id=?
Hibernate: select c1_0.id,c1_0.colors,c1_0.commander_eligible,c1_0.discoverable,c1_0.forge_name,c1_0.image_url,c1_0.mana_value,c1_0.oracle_id,c1_0.ownership_type,c1_0.rarity,c1_0.set_code,c1_0.spawn_region,c1_0.types,c1_0.weight from cards c1_0 where c1_0.id=?
Hibernate: select c1_0.id,c1_0.colors,c1_0.commander_eligible,c1_0.discoverable,c1_0.forge_name,c1_0.image_url,c1_0.mana_value,c1_0.oracle_id,c1_0.ownership_type,c1_0.rarity,c1_0.set_code,c1_0.spawn_region,c1_0.types,c1_0.weight from cards c1_0 where c1_0.id=?
Hibernate: select c1_0.id,c1_0.colors,c1_0.commander_eligible,c1_0.discoverable,c1_0.forge_name,c1_0.image_url,c1_0.mana_value,c1_0.oracle_id,c1_0.ownership_type,c1_0.rarity,c1_0.set_code,c1_0.spawn_region,c1_0.types,c1_0.weight from cards c1_0 where c1_0.id=?
Hibernate: select c1_0.id,c1_0.colors,c1_0.commander_eligible,c1_0.discoverable,c1_0.forge_name,c1_0.image_url,c1_0.mana_value,c1_0.oracle_id,c1_0.ownership_type,c1_0.rarity,c1_0.set_code,c1_0.spawn_region,c1_0.types,c1_0.weight from cards c1_0 where c1_0.id=?
Hibernate: select c1_0.id,c1_0.colors,c1_0.commander_eligible,c1_0.discoverable,c1_0.forge_name,c1_0.image_url,c1_0.mana_value,c1_0.oracle_id,c1_0.ownership_type,c1_0.rarity,c1_0.set_code,c1_0.spawn_region,c1_0.types,c1_0.weight from cards c1_0 where c1_0.id=?
Hibernate: select c1_0.id,c1_0.colors,c1_0.commander_eligible,c1_0.discoverable,c1_0.forge_name,c1_0.image_url,c1_0.mana_value,c1_0.oracle_id,c1_0.ownership_type,c1_0.rarity,c1_0.set_code,c1_0.spawn_region,c1_0.types,c1_0.weight from cards c1_0 where c1_0.id=?
Hibernate: select c1_0.id,c1_0.colors,c1_0.commander_eligible,c1_0.discoverable,c1_0.forge_name,c1_0.image_url,c1_0.mana_value,c1_0.oracle_id,c1_0.ownership_type,c1_0.rarity,c1_0.set_code,c1_0.spawn_region,c1_0.types,c1_0.weight from cards c1_0 where c1_0.id=?
Hibernate: select c1_0.id,c1_0.colors,c1_0.commander_eligible,c1_0.discoverable,c1_0.forge_name,c1_0.image_url,c1_0.mana_value,c1_0.oracle_id,c1_0.ownership_type,c1_0.rarity,c1_0.set_code,c1_0.spawn_region,c1_0.types,c1_0.weight from cards c1_0 where c1_0.id=?
Hibernate: select c1_0.id,c1_0.colors,c1_0.commander_eligible,c1_0.discoverable,c1_0.forge_name,c1_0.image_url,c1_0.mana_value,c1_0.oracle_id,c1_0.ownership_type,c1_0.rarity,c1_0.set_code,c1_0.spawn_region,c1_0.types,c1_0.weight from cards c1_0 where c1_0.id=?
Hibernate: select c1_0.id,c1_0.colors,c1_0.commander_eligible,c1_0.discoverable,c1_0.forge_name,c1_0.image_url,c1_0.mana_value,c1_0.oracle_id,c1_0.ownership_type,c1_0.rarity,c1_0.set_code,c1_0.spawn_region,c1_0.types,c1_0.weight from cards c1_0 where c1_0.id=?
Hibernate: select c1_0.id,c1_0.colors,c1_0.commander_eligible,c1_0.discoverable,c1_0.forge_name,c1_0.image_url,c1_0.mana_value,c1_0.oracle_id,c1_0.ownership_type,c1_0.rarity,c1_0.set_code,c1_0.spawn_region,c1_0.types,c1_0.weight from cards c1_0 where c1_0.id=?
Hibernate: select c1_0.id,c1_0.colors,c1_0.commander_eligible,c1_0.discoverable,c1_0.forge_name,c1_0.image_url,c1_0.mana_value,c1_0.oracle_id,c1_0.ownership_type,c1_0.rarity,c1_0.set_code,c1_0.spawn_region,c1_0.types,c1_0.weight from cards c1_0 where c1_0.id=?
Hibernate: select c1_0.id,c1_0.colors,c1_0.commander_eligible,c1_0.discoverable,c1_0.forge_name,c1_0.image_url,c1_0.mana_value,c1_0.oracle_id,c1_0.ownership_type,c1_0.rarity,c1_0.set_code,c1_0.spawn_region,c1_0.types,c1_0.weight from cards c1_0 where c1_0.id=?
Hibernate: select c1_0.id,c1_0.colors,c1_0.commander_eligible,c1_0.discoverable,c1_0.forge_name,c1_0.image_url,c1_0.mana_value,c1_0.oracle_id,c1_0.ownership_type,c1_0.rarity,c1_0.set_code,c1_0.spawn_region,c1_0.types,c1_0.weight from cards c1_0 where c1_0.id=?
Hibernate: select c1_0.deck_id,c1_0.id,c1_0.card_id,c1_0.quantity from deck_cards c1_0 where c1_0.deck_id=?
Hibernate: select c1_0.id,c1_0.colors,c1_0.commander_eligible,c1_0.discoverable,c1_0.forge_name,c1_0.image_url,c1_0.mana_value,c1_0.oracle_id,c1_0.ownership_type,c1_0.rarity,c1_0.set_code,c1_0.spawn_region,c1_0.types,c1_0.weight from cards c1_0 where c1_0.id=?
Hibernate: select c1_0.id,c1_0.colors,c1_0.commander_eligible,c1_0.discoverable,c1_0.forge_name,c1_0.image_url,c1_0.mana_value,c1_0.oracle_id,c1_0.ownership_type,c1_0.rarity,c1_0.set_code,c1_0.spawn_region,c1_0.types,c1_0.weight from cards c1_0 where c1_0.id=?
Hibernate: select c1_0.id,c1_0.colors,c1_0.commander_eligible,c1_0.discoverable,c1_0.forge_name,c1_0.image_url,c1_0.mana_value,c1_0.oracle_id,c1_0.ownership_type,c1_0.rarity,c1_0.set_code,c1_0.spawn_region,c1_0.types,c1_0.weight from cards c1_0 where c1_0.id=?
Hibernate: select c1_0.id,c1_0.colors,c1_0.commander_eligible,c1_0.discoverable,c1_0.forge_name,c1_0.image_url,c1_0.mana_value,c1_0.oracle_id,c1_0.ownership_type,c1_0.rarity,c1_0.set_code,c1_0.spawn_region,c1_0.types,c1_0.weight from cards c1_0 where c1_0.id=?
Hibernate: select c1_0.id,c1_0.colors,c1_0.commander_eligible,c1_0.discoverable,c1_0.forge_name,c1_0.image_url,c1_0.mana_value,c1_0.oracle_id,c1_0.ownership_type,c1_0.rarity,c1_0.set_code,c1_0.spawn_region,c1_0.types,c1_0.weight from cards c1_0 where c1_0.id=?
Hibernate: select c1_0.id,c1_0.colors,c1_0.commander_eligible,c1_0.discoverable,c1_0.forge_name,c1_0.image_url,c1_0.mana_value,c1_0.oracle_id,c1_0.ownership_type,c1_0.rarity,c1_0.set_code,c1_0.spawn_region,c1_0.types,c1_0.weight from cards c1_0 where c1_0.id=?
Hibernate: select c1_0.id,c1_0.colors,c1_0.commander_eligible,c1_0.discoverable,c1_0.forge_name,c1_0.image_url,c1_0.mana_value,c1_0.oracle_id,c1_0.ownership_type,c1_0.rarity,c1_0.set_code,c1_0.spawn_region,c1_0.types,c1_0.weight from cards c1_0 where c1_0.id=?
Hibernate: select c1_0.id,c1_0.colors,c1_0.commander_eligible,c1_0.discoverable,c1_0.forge_name,c1_0.image_url,c1_0.mana_value,c1_0.oracle_id,c1_0.ownership_type,c1_0.rarity,c1_0.set_code,c1_0.spawn_region,c1_0.types,c1_0.weight from cards c1_0 where c1_0.id=?
Hibernate: select c1_0.id,c1_0.colors,c1_0.commander_eligible,c1_0.discoverable,c1_0.forge_name,c1_0.image_url,c1_0.mana_value,c1_0.oracle_id,c1_0.ownership_type,c1_0.rarity,c1_0.set_code,c1_0.spawn_region,c1_0.types,c1_0.weight from cards c1_0 where c1_0.id=?
Hibernate: select c1_0.id,c1_0.colors,c1_0.commander_eligible,c1_0.discoverable,c1_0.forge_name,c1_0.image_url,c1_0.mana_value,c1_0.oracle_id,c1_0.ownership_type,c1_0.rarity,c1_0.set_code,c1_0.spawn_region,c1_0.types,c1_0.weight from cards c1_0 where c1_0.id=?
Hibernate: select c1_0.id,c1_0.colors,c1_0.commander_eligible,c1_0.discoverable,c1_0.forge_name,c1_0.image_url,c1_0.mana_value,c1_0.oracle_id,c1_0.ownership_type,c1_0.rarity,c1_0.set_code,c1_0.spawn_region,c1_0.types,c1_0.weight from cards c1_0 where c1_0.id=?
Hibernate: select p1_0.id,p1_0.avatar,p1_0.banned,p1_0.banned_at,p1_0.created,p1_0.degree_level,p1_0.display_name,p1_0.email,p1_0.experience,p1_0.last_login,p1_0.level,p1_0.password_hash,p1_0.role,p1_0.specialization,p1_0.student_id from players p1_0 where p1_0.email=?
Hibernate: select p1_0.id,p1_0.avatar,p1_0.banned,p1_0.banned_at,p1_0.created,p1_0.degree_level,p1_0.display_name,p1_0.email,p1_0.experience,p1_0.last_login,p1_0.level,p1_0.password_hash,p1_0.role,p1_0.specialization,p1_0.student_id from players p1_0 where p1_0.email=?
Hibernate: select p1_0.id,p1_0.avatar,p1_0.banned,p1_0.banned_at,p1_0.created,p1_0.degree_level,p1_0.display_name,p1_0.email,p1_0.experience,p1_0.last_login,p1_0.level,p1_0.password_hash,p1_0.role,p1_0.specialization,p1_0.student_id from players p1_0 where p1_0.email=?
Hibernate: select p1_0.id,p1_0.avatar,p1_0.banned,p1_0.banned_at,p1_0.created,p1_0.degree_level,p1_0.display_name,p1_0.email,p1_0.experience,p1_0.last_login,p1_0.level,p1_0.password_hash,p1_0.role,p1_0.specialization,p1_0.student_id from players p1_0 where p1_0.email=?
Hibernate: select p1_0.id,p1_0.avatar,p1_0.banned,p1_0.banned_at,p1_0.created,p1_0.degree_level,p1_0.display_name,p1_0.email,p1_0.experience,p1_0.last_login,p1_0.level,p1_0.password_hash,p1_0.role,p1_0.specialization,p1_0.student_id from players p1_0 where p1_0.email=?
Hibernate: select p1_0.id,p1_0.avatar,p1_0.banned,p1_0.banned_at,p1_0.created,p1_0.degree_level,p1_0.display_name,p1_0.email,p1_0.experience,p1_0.last_login,p1_0.level,p1_0.password_hash,p1_0.role,p1_0.specialization,p1_0.student_id from players p1_0 where p1_0.email=?
2026-08-12T00:44:32.936+05:30  INFO 34204 --- [campusforge-backend] [boundChannel-78] c.c.backend.battle.ForgeMatchSession     : Player 324df05a-88a8-4496-b461-8d01ee20fdbb reconnected in match 441b38c5-4397-431e-a753-58566095b193
Hibernate: select p1_0.id,p1_0.avatar,p1_0.banned,p1_0.banned_at,p1_0.created,p1_0.degree_level,p1_0.display_name,p1_0.email,p1_0.experience,p1_0.last_login,p1_0.level,p1_0.password_hash,p1_0.role,p1_0.specialization,p1_0.student_id from players p1_0 where p1_0.email=?
Hibernate: select p1_0.id,p1_0.avatar,p1_0.banned,p1_0.banned_at,p1_0.created,p1_0.degree_level,p1_0.display_name,p1_0.email,p1_0.experience,p1_0.last_login,p1_0.level,p1_0.password_hash,p1_0.role,p1_0.specialization,p1_0.student_id from players p1_0 where p1_0.email=?
Hibernate: select p1_0.id,p1_0.avatar,p1_0.banned,p1_0.banned_at,p1_0.created,p1_0.degree_level,p1_0.display_name,p1_0.email,p1_0.experience,p1_0.last_login,p1_0.level,p1_0.password_hash,p1_0.role,p1_0.specialization,p1_0.student_id from players p1_0 where p1_0.email=?
Hibernate: select p1_0.id,p1_0.avatar,p1_0.banned,p1_0.banned_at,p1_0.created,p1_0.degree_level,p1_0.display_name,p1_0.email,p1_0.experience,p1_0.last_login,p1_0.level,p1_0.password_hash,p1_0.role,p1_0.specialization,p1_0.student_id from players p1_0 where p1_0.email=?
Hibernate: select p1_0.id,p1_0.avatar,p1_0.banned,p1_0.banned_at,p1_0.created,p1_0.degree_level,p1_0.display_name,p1_0.email,p1_0.experience,p1_0.last_login,p1_0.level,p1_0.password_hash,p1_0.role,p1_0.specialization,p1_0.student_id from players p1_0 where p1_0.email=?
Hibernate: select p1_0.id,p1_0.avatar,p1_0.banned,p1_0.banned_at,p1_0.created,p1_0.degree_level,p1_0.display_name,p1_0.email,p1_0.experience,p1_0.last_login,p1_0.level,p1_0.password_hash,p1_0.role,p1_0.specialization,p1_0.student_id from players p1_0 where p1_0.email=?
Hibernate: select p1_0.id,p1_0.avatar,p1_0.banned,p1_0.banned_at,p1_0.created,p1_0.degree_level,p1_0.display_name,p1_0.email,p1_0.experience,p1_0.last_login,p1_0.level,p1_0.password_hash,p1_0.role,p1_0.specialization,p1_0.student_id from players p1_0 where p1_0.email=?
Hibernate: select p1_0.id,p1_0.avatar,p1_0.banned,p1_0.banned_at,p1_0.created,p1_0.degree_level,p1_0.display_name,p1_0.email,p1_0.experience,p1_0.last_login,p1_0.level,p1_0.password_hash,p1_0.role,p1_0.specialization,p1_0.student_id from players p1_0 where p1_0.email=?
Hibernate: select p1_0.id,p1_0.avatar,p1_0.banned,p1_0.banned_at,p1_0.created,p1_0.degree_level,p1_0.display_name,p1_0.email,p1_0.experience,p1_0.last_login,p1_0.level,p1_0.password_hash,p1_0.role,p1_0.specialization,p1_0.student_id from players p1_0 where p1_0.email=?
Hibernate: select p1_0.id,p1_0.avatar,p1_0.banned,p1_0.banned_at,p1_0.created,p1_0.degree_level,p1_0.display_name,p1_0.email,p1_0.experience,p1_0.last_login,p1_0.level,p1_0.password_hash,p1_0.role,p1_0.specialization,p1_0.student_id from players p1_0 where p1_0.email=?
Hibernate: select p1_0.id,p1_0.avatar,p1_0.banned,p1_0.banned_at,p1_0.created,p1_0.degree_level,p1_0.display_name,p1_0.email,p1_0.experience,p1_0.last_login,p1_0.level,p1_0.password_hash,p1_0.role,p1_0.specialization,p1_0.student_id from players p1_0 where p1_0.email=?
Hibernate: select p1_0.id,p1_0.avatar,p1_0.banned,p1_0.banned_at,p1_0.created,p1_0.degree_level,p1_0.display_name,p1_0.email,p1_0.experience,p1_0.last_login,p1_0.level,p1_0.password_hash,p1_0.role,p1_0.specialization,p1_0.student_id from players p1_0 where p1_0.email=?
Hibernate: select p1_0.id,p1_0.avatar,p1_0.banned,p1_0.banned_at,p1_0.created,p1_0.degree_level,p1_0.display_name,p1_0.email,p1_0.experience,p1_0.last_login,p1_0.level,p1_0.password_hash,p1_0.role,p1_0.specialization,p1_0.student_id from players p1_0 where p1_0.email=?
Hibernate: select p1_0.id,p1_0.avatar,p1_0.banned,p1_0.banned_at,p1_0.created,p1_0.degree_level,p1_0.display_name,p1_0.email,p1_0.experience,p1_0.last_login,p1_0.level,p1_0.password_hash,p1_0.role,p1_0.specialization,p1_0.student_id from players p1_0 where p1_0.email=?
Hibernate: select p1_0.id,p1_0.avatar,p1_0.banned,p1_0.banned_at,p1_0.created,p1_0.degree_level,p1_0.display_name,p1_0.email,p1_0.experience,p1_0.last_login,p1_0.level,p1_0.password_hash,p1_0.role,p1_0.specialization,p1_0.student_id from players p1_0 where p1_0.email=?
Hibernate: select p1_0.id,p1_0.avatar,p1_0.banned,p1_0.banned_at,p1_0.created,p1_0.degree_level,p1_0.display_name,p1_0.email,p1_0.experience,p1_0.last_login,p1_0.level,p1_0.password_hash,p1_0.role,p1_0.specialization,p1_0.student_id from players p1_0 where p1_0.email=?
Hibernate: select p1_0.id,p1_0.avatar,p1_0.banned,p1_0.banned_at,p1_0.created,p1_0.degree_level,p1_0.display_name,p1_0.email,p1_0.experience,p1_0.last_login,p1_0.level,p1_0.password_hash,p1_0.role,p1_0.specialization,p1_0.student_id from players p1_0 where p1_0.email=?
Hibernate: select p1_0.id,p1_0.avatar,p1_0.banned,p1_0.banned_at,p1_0.created,p1_0.degree_level,p1_0.display_name,p1_0.email,p1_0.experience,p1_0.last_login,p1_0.level,p1_0.password_hash,p1_0.role,p1_0.specialization,p1_0.student_id from players p1_0 where p1_0.email=?
Hibernate: select p1_0.id,p1_0.avatar,p1_0.banned,p1_0.banned_at,p1_0.created,p1_0.degree_level,p1_0.display_name,p1_0.email,p1_0.experience,p1_0.last_login,p1_0.level,p1_0.password_hash,p1_0.role,p1_0.specialization,p1_0.student_id from players p1_0 where p1_0.email=?
Hibernate: select p1_0.id,p1_0.avatar,p1_0.banned,p1_0.banned_at,p1_0.created,p1_0.degree_level,p1_0.display_name,p1_0.email,p1_0.experience,p1_0.last_login,p1_0.level,p1_0.password_hash,p1_0.role,p1_0.specialization,p1_0.student_id from players p1_0 where p1_0.email=?
Hibernate: select p1_0.id,p1_0.avatar,p1_0.banned,p1_0.banned_at,p1_0.created,p1_0.degree_level,p1_0.display_name,p1_0.email,p1_0.experience,p1_0.last_login,p1_0.level,p1_0.password_hash,p1_0.role,p1_0.specialization,p1_0.student_id from players p1_0 where p1_0.email=?
Hibernate: select p1_0.id,p1_0.avatar,p1_0.banned,p1_0.banned_at,p1_0.created,p1_0.degree_level,p1_0.display_name,p1_0.email,p1_0.experience,p1_0.last_login,p1_0.level,p1_0.password_hash,p1_0.role,p1_0.specialization,p1_0.student_id from players p1_0 where p1_0.email=?
Hibernate: select p1_0.id,p1_0.avatar,p1_0.banned,p1_0.banned_at,p1_0.created,p1_0.degree_level,p1_0.display_name,p1_0.email,p1_0.experience,p1_0.last_login,p1_0.level,p1_0.password_hash,p1_0.role,p1_0.specialization,p1_0.student_id from players p1_0 where p1_0.email=?
Hibernate: select p1_0.id,p1_0.avatar,p1_0.banned,p1_0.banned_at,p1_0.created,p1_0.degree_level,p1_0.display_name,p1_0.email,p1_0.experience,p1_0.last_login,p1_0.level,p1_0.password_hash,p1_0.role,p1_0.specialization,p1_0.student_id from players p1_0 where p1_0.email=?
Hibernate: select p1_0.id,p1_0.avatar,p1_0.banned,p1_0.banned_at,p1_0.created,p1_0.degree_level,p1_0.display_name,p1_0.email,p1_0.experience,p1_0.last_login,p1_0.level,p1_0.password_hash,p1_0.role,p1_0.specialization,p1_0.student_id from players p1_0 where p1_0.email=?
Hibernate: select p1_0.id,p1_0.avatar,p1_0.banned,p1_0.banned_at,p1_0.created,p1_0.degree_level,p1_0.display_name,p1_0.email,p1_0.experience,p1_0.last_login,p1_0.level,p1_0.password_hash,p1_0.role,p1_0.specialization,p1_0.student_id from players p1_0 where p1_0.email=?
Hibernate: select p1_0.id,p1_0.avatar,p1_0.banned,p1_0.banned_at,p1_0.created,p1_0.degree_level,p1_0.display_name,p1_0.email,p1_0.experience,p1_0.last_login,p1_0.level,p1_0.password_hash,p1_0.role,p1_0.specialization,p1_0.student_id from players p1_0 where p1_0.email=?
Hibernate: select p1_0.id,p1_0.avatar,p1_0.banned,p1_0.banned_at,p1_0.created,p1_0.degree_level,p1_0.display_name,p1_0.email,p1_0.experience,p1_0.last_login,p1_0.level,p1_0.password_hash,p1_0.role,p1_0.specialization,p1_0.student_id from players p1_0 where p1_0.email=?
Hibernate: select p1_0.id,p1_0.avatar,p1_0.banned,p1_0.banned_at,p1_0.created,p1_0.degree_level,p1_0.display_name,p1_0.email,p1_0.experience,p1_0.last_login,p1_0.level,p1_0.password_hash,p1_0.role,p1_0.specialization,p1_0.student_id from players p1_0 where p1_0.email=?
Hibernate: select p1_0.id,p1_0.avatar,p1_0.banned,p1_0.banned_at,p1_0.created,p1_0.degree_level,p1_0.display_name,p1_0.email,p1_0.experience,p1_0.last_login,p1_0.level,p1_0.password_hash,p1_0.role,p1_0.specialization,p1_0.student_id from players p1_0 where p1_0.email=?
Hibernate: select p1_0.id,p1_0.avatar,p1_0.banned,p1_0.banned_at,p1_0.created,p1_0.degree_level,p1_0.display_name,p1_0.email,p1_0.experience,p1_0.last_login,p1_0.level,p1_0.password_hash,p1_0.role,p1_0.specialization,p1_0.student_id from players p1_0 where p1_0.email=?
Hibernate: select p1_0.id,p1_0.avatar,p1_0.banned,p1_0.banned_at,p1_0.created,p1_0.degree_level,p1_0.display_name,p1_0.email,p1_0.experience,p1_0.last_login,p1_0.level,p1_0.password_hash,p1_0.role,p1_0.specialization,p1_0.student_id from players p1_0 where p1_0.email=?
Hibernate: select p1_0.id,p1_0.avatar,p1_0.banned,p1_0.banned_at,p1_0.created,p1_0.degree_level,p1_0.display_name,p1_0.email,p1_0.experience,p1_0.last_login,p1_0.level,p1_0.password_hash,p1_0.role,p1_0.specialization,p1_0.student_id from players p1_0 where p1_0.email=?
Hibernate: select p1_0.id,p1_0.avatar,p1_0.banned,p1_0.banned_at,p1_0.created,p1_0.degree_level,p1_0.display_name,p1_0.email,p1_0.experience,p1_0.last_login,p1_0.level,p1_0.password_hash,p1_0.role,p1_0.specialization,p1_0.student_id from players p1_0 where p1_0.email=?
Hibernate: select p1_0.id,p1_0.avatar,p1_0.banned,p1_0.banned_at,p1_0.created,p1_0.degree_level,p1_0.display_name,p1_0.email,p1_0.experience,p1_0.last_login,p1_0.level,p1_0.password_hash,p1_0.role,p1_0.specialization,p1_0.student_id from players p1_0 where p1_0.email=?
Hibernate: select p1_0.id,p1_0.avatar,p1_0.banned,p1_0.banned_at,p1_0.created,p1_0.degree_level,p1_0.display_name,p1_0.email,p1_0.experience,p1_0.last_login,p1_0.level,p1_0.password_hash,p1_0.role,p1_0.specialization,p1_0.student_id from players p1_0 where p1_0.email=?
Hibernate: select p1_0.id,p1_0.avatar,p1_0.banned,p1_0.banned_at,p1_0.created,p1_0.degree_level,p1_0.display_name,p1_0.email,p1_0.experience,p1_0.last_login,p1_0.level,p1_0.password_hash,p1_0.role,p1_0.specialization,p1_0.student_id from players p1_0 where p1_0.email=?
Hibernate: select p1_0.id,p1_0.avatar,p1_0.banned,p1_0.banned_at,p1_0.created,p1_0.degree_level,p1_0.display_name,p1_0.email,p1_0.experience,p1_0.last_login,p1_0.level,p1_0.password_hash,p1_0.role,p1_0.specialization,p1_0.student_id from players p1_0 where p1_0.email=?
Hibernate: select p1_0.id from players p1_0 where p1_0.email=? fetch first ? rows only
Hibernate: insert into players (avatar,banned,banned_at,created,degree_level,display_name,email,experience,last_login,level,password_hash,role,specialization,student_id,id) values (?,?,?,?,?,?,?,?,?,?,?,?,?,?,?)
Hibernate: select d1_0.id,d1_0.commander_card_id,d1_0.created_at,d1_0.format_code,d1_0.name,d1_0.player_id,d1_0.updated_at from decks d1_0 where d1_0.player_id=?
Hibernate: select c1_0.id,c1_0.colors,c1_0.commander_eligible,c1_0.discoverable,c1_0.forge_name,c1_0.image_url,c1_0.mana_value,c1_0.oracle_id,c1_0.ownership_type,c1_0.rarity,c1_0.set_code,c1_0.spawn_region,c1_0.types,c1_0.weight from cards c1_0 where c1_0.forge_name=?
Hibernate: select c1_0.id,c1_0.colors,c1_0.commander_eligible,c1_0.discoverable,c1_0.forge_name,c1_0.image_url,c1_0.mana_value,c1_0.oracle_id,c1_0.ownership_type,c1_0.rarity,c1_0.set_code,c1_0.spawn_region,c1_0.types,c1_0.weight from cards c1_0 where c1_0.forge_name=?
Hibernate: select c1_0.id,c1_0.colors,c1_0.commander_eligible,c1_0.discoverable,c1_0.forge_name,c1_0.image_url,c1_0.mana_value,c1_0.oracle_id,c1_0.ownership_type,c1_0.rarity,c1_0.set_code,c1_0.spawn_region,c1_0.types,c1_0.weight from cards c1_0 where c1_0.forge_name=?
Hibernate: select c1_0.id,c1_0.colors,c1_0.commander_eligible,c1_0.discoverable,c1_0.forge_name,c1_0.image_url,c1_0.mana_value,c1_0.oracle_id,c1_0.ownership_type,c1_0.rarity,c1_0.set_code,c1_0.spawn_region,c1_0.types,c1_0.weight from cards c1_0 where c1_0.forge_name=?
Hibernate: select c1_0.id,c1_0.colors,c1_0.commander_eligible,c1_0.discoverable,c1_0.forge_name,c1_0.image_url,c1_0.mana_value,c1_0.oracle_id,c1_0.ownership_type,c1_0.rarity,c1_0.set_code,c1_0.spawn_region,c1_0.types,c1_0.weight from cards c1_0 where c1_0.forge_name=?
Hibernate: select c1_0.id,c1_0.colors,c1_0.commander_eligible,c1_0.discoverable,c1_0.forge_name,c1_0.image_url,c1_0.mana_value,c1_0.oracle_id,c1_0.ownership_type,c1_0.rarity,c1_0.set_code,c1_0.spawn_region,c1_0.types,c1_0.weight from cards c1_0 where c1_0.forge_name=?
Hibernate: select c1_0.id,c1_0.colors,c1_0.commander_eligible,c1_0.discoverable,c1_0.forge_name,c1_0.image_url,c1_0.mana_value,c1_0.oracle_id,c1_0.ownership_type,c1_0.rarity,c1_0.set_code,c1_0.spawn_region,c1_0.types,c1_0.weight from cards c1_0 where c1_0.forge_name=?
Hibernate: select c1_0.id,c1_0.colors,c1_0.commander_eligible,c1_0.discoverable,c1_0.forge_name,c1_0.image_url,c1_0.mana_value,c1_0.oracle_id,c1_0.ownership_type,c1_0.rarity,c1_0.set_code,c1_0.spawn_region,c1_0.types,c1_0.weight from cards c1_0 where c1_0.forge_name=?
Hibernate: select c1_0.id,c1_0.colors,c1_0.commander_eligible,c1_0.discoverable,c1_0.forge_name,c1_0.image_url,c1_0.mana_value,c1_0.oracle_id,c1_0.ownership_type,c1_0.rarity,c1_0.set_code,c1_0.spawn_region,c1_0.types,c1_0.weight from cards c1_0 where c1_0.forge_name=?
Hibernate: select c1_0.id,c1_0.colors,c1_0.commander_eligible,c1_0.discoverable,c1_0.forge_name,c1_0.image_url,c1_0.mana_value,c1_0.oracle_id,c1_0.ownership_type,c1_0.rarity,c1_0.set_code,c1_0.spawn_region,c1_0.types,c1_0.weight from cards c1_0 where c1_0.forge_name=?
Hibernate: select c1_0.id,c1_0.colors,c1_0.commander_eligible,c1_0.discoverable,c1_0.forge_name,c1_0.image_url,c1_0.mana_value,c1_0.oracle_id,c1_0.ownership_type,c1_0.rarity,c1_0.set_code,c1_0.spawn_region,c1_0.types,c1_0.weight from cards c1_0 where c1_0.forge_name=?
Hibernate: select c1_0.id,c1_0.colors,c1_0.commander_eligible,c1_0.discoverable,c1_0.forge_name,c1_0.image_url,c1_0.mana_value,c1_0.oracle_id,c1_0.ownership_type,c1_0.rarity,c1_0.set_code,c1_0.spawn_region,c1_0.types,c1_0.weight from cards c1_0 where c1_0.forge_name=?
Hibernate: select c1_0.id,c1_0.colors,c1_0.commander_eligible,c1_0.discoverable,c1_0.forge_name,c1_0.image_url,c1_0.mana_value,c1_0.oracle_id,c1_0.ownership_type,c1_0.rarity,c1_0.set_code,c1_0.spawn_region,c1_0.types,c1_0.weight from cards c1_0 where c1_0.forge_name=?
Hibernate: select c1_0.id,c1_0.colors,c1_0.commander_eligible,c1_0.discoverable,c1_0.forge_name,c1_0.image_url,c1_0.mana_value,c1_0.oracle_id,c1_0.ownership_type,c1_0.rarity,c1_0.set_code,c1_0.spawn_region,c1_0.types,c1_0.weight from cards c1_0 where c1_0.forge_name=?
Hibernate: select c1_0.id,c1_0.colors,c1_0.commander_eligible,c1_0.discoverable,c1_0.forge_name,c1_0.image_url,c1_0.mana_value,c1_0.oracle_id,c1_0.ownership_type,c1_0.rarity,c1_0.set_code,c1_0.spawn_region,c1_0.types,c1_0.weight from cards c1_0 where c1_0.forge_name=?
Hibernate: select c1_0.id,c1_0.colors,c1_0.commander_eligible,c1_0.discoverable,c1_0.forge_name,c1_0.image_url,c1_0.mana_value,c1_0.oracle_id,c1_0.ownership_type,c1_0.rarity,c1_0.set_code,c1_0.spawn_region,c1_0.types,c1_0.weight from cards c1_0 where c1_0.forge_name=?
Hibernate: select c1_0.id,c1_0.colors,c1_0.commander_eligible,c1_0.discoverable,c1_0.forge_name,c1_0.image_url,c1_0.mana_value,c1_0.oracle_id,c1_0.ownership_type,c1_0.rarity,c1_0.set_code,c1_0.spawn_region,c1_0.types,c1_0.weight from cards c1_0 where c1_0.forge_name=?
Hibernate: select c1_0.id,c1_0.colors,c1_0.commander_eligible,c1_0.discoverable,c1_0.forge_name,c1_0.image_url,c1_0.mana_value,c1_0.oracle_id,c1_0.ownership_type,c1_0.rarity,c1_0.set_code,c1_0.spawn_region,c1_0.types,c1_0.weight from cards c1_0 where c1_0.forge_name=?
Hibernate: select c1_0.id,c1_0.colors,c1_0.commander_eligible,c1_0.discoverable,c1_0.forge_name,c1_0.image_url,c1_0.mana_value,c1_0.oracle_id,c1_0.ownership_type,c1_0.rarity,c1_0.set_code,c1_0.spawn_region,c1_0.types,c1_0.weight from cards c1_0 where c1_0.forge_name=?
Hibernate: select c1_0.id,c1_0.colors,c1_0.commander_eligible,c1_0.discoverable,c1_0.forge_name,c1_0.image_url,c1_0.mana_value,c1_0.oracle_id,c1_0.ownership_type,c1_0.rarity,c1_0.set_code,c1_0.spawn_region,c1_0.types,c1_0.weight from cards c1_0 where c1_0.forge_name=?
Hibernate: select c1_0.id,c1_0.colors,c1_0.commander_eligible,c1_0.discoverable,c1_0.forge_name,c1_0.image_url,c1_0.mana_value,c1_0.oracle_id,c1_0.ownership_type,c1_0.rarity,c1_0.set_code,c1_0.spawn_region,c1_0.types,c1_0.weight from cards c1_0 where c1_0.forge_name=?
Hibernate: select c1_0.id,c1_0.colors,c1_0.commander_eligible,c1_0.discoverable,c1_0.forge_name,c1_0.image_url,c1_0.mana_value,c1_0.oracle_id,c1_0.ownership_type,c1_0.rarity,c1_0.set_code,c1_0.spawn_region,c1_0.types,c1_0.weight from cards c1_0 where c1_0.forge_name=?
Hibernate: select pu1_0.id from player_unlocks pu1_0 where pu1_0.player_id=? and pu1_0.card_id=? fetch first ? rows only
Hibernate: select d1_0.id,d1_0.card_id,d1_0.count,d1_0.last_discovered,d1_0.player_id from discoveries d1_0 where d1_0.player_id=? and d1_0.card_id=?
Hibernate: insert into player_unlocks (card_id,player_id,unlocked_at,id) values (?,?,?,?)
Hibernate: insert into discoveries (card_id,count,last_discovered,player_id,id) values (?,?,?,?,?)
Hibernate: select pu1_0.id from player_unlocks pu1_0 where pu1_0.player_id=? and pu1_0.card_id=? fetch first ? rows only
Hibernate: select d1_0.id,d1_0.card_id,d1_0.count,d1_0.last_discovered,d1_0.player_id from discoveries d1_0 where d1_0.player_id=? and d1_0.card_id=?
Hibernate: insert into player_unlocks (card_id,player_id,unlocked_at,id) values (?,?,?,?)
Hibernate: insert into discoveries (card_id,count,last_discovered,player_id,id) values (?,?,?,?,?)
Hibernate: select pu1_0.id from player_unlocks pu1_0 where pu1_0.player_id=? and pu1_0.card_id=? fetch first ? rows only
Hibernate: select d1_0.id,d1_0.card_id,d1_0.count,d1_0.last_discovered,d1_0.player_id from discoveries d1_0 where d1_0.player_id=? and d1_0.card_id=?
Hibernate: insert into player_unlocks (card_id,player_id,unlocked_at,id) values (?,?,?,?)
Hibernate: insert into discoveries (card_id,count,last_discovered,player_id,id) values (?,?,?,?,?)
Hibernate: select pu1_0.id from player_unlocks pu1_0 where pu1_0.player_id=? and pu1_0.card_id=? fetch first ? rows only
Hibernate: select d1_0.id,d1_0.card_id,d1_0.count,d1_0.last_discovered,d1_0.player_id from discoveries d1_0 where d1_0.player_id=? and d1_0.card_id=?
Hibernate: insert into player_unlocks (card_id,player_id,unlocked_at,id) values (?,?,?,?)
Hibernate: insert into discoveries (card_id,count,last_discovered,player_id,id) values (?,?,?,?,?)
Hibernate: select pu1_0.id from player_unlocks pu1_0 where pu1_0.player_id=? and pu1_0.card_id=? fetch first ? rows only
Hibernate: select d1_0.id,d1_0.card_id,d1_0.count,d1_0.last_discovered,d1_0.player_id from discoveries d1_0 where d1_0.player_id=? and d1_0.card_id=?
Hibernate: insert into player_unlocks (card_id,player_id,unlocked_at,id) values (?,?,?,?)
Hibernate: insert into discoveries (card_id,count,last_discovered,player_id,id) values (?,?,?,?,?)
Hibernate: select pu1_0.id from player_unlocks pu1_0 where pu1_0.player_id=? and pu1_0.card_id=? fetch first ? rows only
Hibernate: select d1_0.id,d1_0.card_id,d1_0.count,d1_0.last_discovered,d1_0.player_id from discoveries d1_0 where d1_0.player_id=? and d1_0.card_id=?
Hibernate: insert into player_unlocks (card_id,player_id,unlocked_at,id) values (?,?,?,?)
Hibernate: insert into discoveries (card_id,count,last_discovered,player_id,id) values (?,?,?,?,?)
Hibernate: select pu1_0.id from player_unlocks pu1_0 where pu1_0.player_id=? and pu1_0.card_id=? fetch first ? rows only
Hibernate: select d1_0.id,d1_0.card_id,d1_0.count,d1_0.last_discovered,d1_0.player_id from discoveries d1_0 where d1_0.player_id=? and d1_0.card_id=?
Hibernate: insert into player_unlocks (card_id,player_id,unlocked_at,id) values (?,?,?,?)
Hibernate: insert into discoveries (card_id,count,last_discovered,player_id,id) values (?,?,?,?,?)
Hibernate: select pu1_0.id from player_unlocks pu1_0 where pu1_0.player_id=? and pu1_0.card_id=? fetch first ? rows only
Hibernate: select d1_0.id,d1_0.card_id,d1_0.count,d1_0.last_discovered,d1_0.player_id from discoveries d1_0 where d1_0.player_id=? and d1_0.card_id=?
Hibernate: insert into player_unlocks (card_id,player_id,unlocked_at,id) values (?,?,?,?)
Hibernate: insert into discoveries (card_id,count,last_discovered,player_id,id) values (?,?,?,?,?)
Hibernate: select pu1_0.id from player_unlocks pu1_0 where pu1_0.player_id=? and pu1_0.card_id=? fetch first ? rows only
Hibernate: select d1_0.id,d1_0.card_id,d1_0.count,d1_0.last_discovered,d1_0.player_id from discoveries d1_0 where d1_0.player_id=? and d1_0.card_id=?
Hibernate: insert into player_unlocks (card_id,player_id,unlocked_at,id) values (?,?,?,?)
Hibernate: insert into discoveries (card_id,count,last_discovered,player_id,id) values (?,?,?,?,?)
Hibernate: select pu1_0.id from player_unlocks pu1_0 where pu1_0.player_id=? and pu1_0.card_id=? fetch first ? rows only
Hibernate: select d1_0.id,d1_0.card_id,d1_0.count,d1_0.last_discovered,d1_0.player_id from discoveries d1_0 where d1_0.player_id=? and d1_0.card_id=?
Hibernate: insert into player_unlocks (card_id,player_id,unlocked_at,id) values (?,?,?,?)
Hibernate: insert into discoveries (card_id,count,last_discovered,player_id,id) values (?,?,?,?,?)
Hibernate: select pu1_0.id from player_unlocks pu1_0 where pu1_0.player_id=? and pu1_0.card_id=? fetch first ? rows only
Hibernate: select d1_0.id,d1_0.card_id,d1_0.count,d1_0.last_discovered,d1_0.player_id from discoveries d1_0 where d1_0.player_id=? and d1_0.card_id=?
Hibernate: insert into player_unlocks (card_id,player_id,unlocked_at,id) values (?,?,?,?)
Hibernate: insert into discoveries (card_id,count,last_discovered,player_id,id) values (?,?,?,?,?)
Hibernate: select pu1_0.id from player_unlocks pu1_0 where pu1_0.player_id=? and pu1_0.card_id=? fetch first ? rows only
Hibernate: select d1_0.id,d1_0.card_id,d1_0.count,d1_0.last_discovered,d1_0.player_id from discoveries d1_0 where d1_0.player_id=? and d1_0.card_id=?
Hibernate: insert into player_unlocks (card_id,player_id,unlocked_at,id) values (?,?,?,?)
Hibernate: insert into discoveries (card_id,count,last_discovered,player_id,id) values (?,?,?,?,?)
Hibernate: select pu1_0.id from player_unlocks pu1_0 where pu1_0.player_id=? and pu1_0.card_id=? fetch first ? rows only
Hibernate: select d1_0.id,d1_0.card_id,d1_0.count,d1_0.last_discovered,d1_0.player_id from discoveries d1_0 where d1_0.player_id=? and d1_0.card_id=?
Hibernate: insert into player_unlocks (card_id,player_id,unlocked_at,id) values (?,?,?,?)
Hibernate: insert into discoveries (card_id,count,last_discovered,player_id,id) values (?,?,?,?,?)
Hibernate: select pu1_0.id from player_unlocks pu1_0 where pu1_0.player_id=? and pu1_0.card_id=? fetch first ? rows only
Hibernate: select d1_0.id,d1_0.card_id,d1_0.count,d1_0.last_discovered,d1_0.player_id from discoveries d1_0 where d1_0.player_id=? and d1_0.card_id=?
Hibernate: insert into player_unlocks (card_id,player_id,unlocked_at,id) values (?,?,?,?)
Hibernate: insert into discoveries (card_id,count,last_discovered,player_id,id) values (?,?,?,?,?)
Hibernate: select pu1_0.id from player_unlocks pu1_0 where pu1_0.player_id=? and pu1_0.card_id=? fetch first ? rows only
Hibernate: select d1_0.id,d1_0.card_id,d1_0.count,d1_0.last_discovered,d1_0.player_id from discoveries d1_0 where d1_0.player_id=? and d1_0.card_id=?
Hibernate: insert into player_unlocks (card_id,player_id,unlocked_at,id) values (?,?,?,?)
Hibernate: insert into discoveries (card_id,count,last_discovered,player_id,id) values (?,?,?,?,?)
Hibernate: select pu1_0.id from player_unlocks pu1_0 where pu1_0.player_id=? and pu1_0.card_id=? fetch first ? rows only
Hibernate: select d1_0.id,d1_0.card_id,d1_0.count,d1_0.last_discovered,d1_0.player_id from discoveries d1_0 where d1_0.player_id=? and d1_0.card_id=?
Hibernate: insert into player_unlocks (card_id,player_id,unlocked_at,id) values (?,?,?,?)
Hibernate: insert into discoveries (card_id,count,last_discovered,player_id,id) values (?,?,?,?,?)
Hibernate: select pu1_0.id from player_unlocks pu1_0 where pu1_0.player_id=? and pu1_0.card_id=? fetch first ? rows only
Hibernate: select d1_0.id,d1_0.card_id,d1_0.count,d1_0.last_discovered,d1_0.player_id from discoveries d1_0 where d1_0.player_id=? and d1_0.card_id=?
Hibernate: insert into player_unlocks (card_id,player_id,unlocked_at,id) values (?,?,?,?)
Hibernate: insert into discoveries (card_id,count,last_discovered,player_id,id) values (?,?,?,?,?)
Hibernate: select pu1_0.id from player_unlocks pu1_0 where pu1_0.player_id=? and pu1_0.card_id=? fetch first ? rows only
Hibernate: select d1_0.id,d1_0.card_id,d1_0.count,d1_0.last_discovered,d1_0.player_id from discoveries d1_0 where d1_0.player_id=? and d1_0.card_id=?
Hibernate: insert into player_unlocks (card_id,player_id,unlocked_at,id) values (?,?,?,?)
Hibernate: insert into discoveries (card_id,count,last_discovered,player_id,id) values (?,?,?,?,?)
Hibernate: select pu1_0.id from player_unlocks pu1_0 where pu1_0.player_id=? and pu1_0.card_id=? fetch first ? rows only
Hibernate: select d1_0.id,d1_0.card_id,d1_0.count,d1_0.last_discovered,d1_0.player_id from discoveries d1_0 where d1_0.player_id=? and d1_0.card_id=?
Hibernate: insert into player_unlocks (card_id,player_id,unlocked_at,id) values (?,?,?,?)
Hibernate: insert into discoveries (card_id,count,last_discovered,player_id,id) values (?,?,?,?,?)
Hibernate: select pu1_0.id from player_unlocks pu1_0 where pu1_0.player_id=? and pu1_0.card_id=? fetch first ? rows only
Hibernate: select d1_0.id,d1_0.card_id,d1_0.count,d1_0.last_discovered,d1_0.player_id from discoveries d1_0 where d1_0.player_id=? and d1_0.card_id=?
Hibernate: insert into player_unlocks (card_id,player_id,unlocked_at,id) values (?,?,?,?)
Hibernate: insert into discoveries (card_id,count,last_discovered,player_id,id) values (?,?,?,?,?)
Hibernate: insert into decks (commander_card_id,created_at,format_code,name,player_id,updated_at,id) values (?,?,?,?,?,?,?)
Hibernate: insert into deck_cards (card_id,deck_id,quantity,id) values (?,?,?,?)
Hibernate: insert into deck_cards (card_id,deck_id,quantity,id) values (?,?,?,?)
Hibernate: insert into deck_cards (card_id,deck_id,quantity,id) values (?,?,?,?)
Hibernate: insert into deck_cards (card_id,deck_id,quantity,id) values (?,?,?,?)
Hibernate: insert into deck_cards (card_id,deck_id,quantity,id) values (?,?,?,?)
Hibernate: insert into deck_cards (card_id,deck_id,quantity,id) values (?,?,?,?)
Hibernate: insert into deck_cards (card_id,deck_id,quantity,id) values (?,?,?,?)
Hibernate: insert into deck_cards (card_id,deck_id,quantity,id) values (?,?,?,?)
Hibernate: insert into deck_cards (card_id,deck_id,quantity,id) values (?,?,?,?)
Hibernate: insert into deck_cards (card_id,deck_id,quantity,id) values (?,?,?,?)
Hibernate: insert into deck_cards (card_id,deck_id,quantity,id) values (?,?,?,?)
Hibernate: insert into deck_cards (card_id,deck_id,quantity,id) values (?,?,?,?)
Hibernate: insert into deck_cards (card_id,deck_id,quantity,id) values (?,?,?,?)
Hibernate: insert into deck_cards (card_id,deck_id,quantity,id) values (?,?,?,?)
Hibernate: insert into deck_cards (card_id,deck_id,quantity,id) values (?,?,?,?)
Hibernate: insert into deck_cards (card_id,deck_id,quantity,id) values (?,?,?,?)
Hibernate: insert into deck_cards (card_id,deck_id,quantity,id) values (?,?,?,?)
Hibernate: insert into deck_cards (card_id,deck_id,quantity,id) values (?,?,?,?)
Hibernate: insert into deck_cards (card_id,deck_id,quantity,id) values (?,?,?,?)
Hibernate: insert into deck_cards (card_id,deck_id,quantity,id) values (?,?,?,?)
Hibernate: insert into deck_cards (card_id,deck_id,quantity,id) values (?,?,?,?)
Hibernate: insert into deck_cards (card_id,deck_id,quantity,id) values (?,?,?,?)
Hibernate: select p1_0.id,p1_0.avatar,p1_0.banned,p1_0.banned_at,p1_0.created,p1_0.degree_level,p1_0.display_name,p1_0.email,p1_0.experience,p1_0.last_login,p1_0.level,p1_0.password_hash,p1_0.role,p1_0.specialization,p1_0.student_id from players p1_0 where p1_0.email=?
Hibernate: select c1_0.id,c1_0.colors,c1_0.commander_eligible,c1_0.discoverable,c1_0.forge_name,c1_0.image_url,c1_0.mana_value,c1_0.oracle_id,c1_0.ownership_type,c1_0.rarity,c1_0.set_code,c1_0.spawn_region,c1_0.types,c1_0.weight from cards c1_0
Hibernate: select p1_0.id,p1_0.avatar,p1_0.banned,p1_0.banned_at,p1_0.created,p1_0.degree_level,p1_0.display_name,p1_0.email,p1_0.experience,p1_0.last_login,p1_0.level,p1_0.password_hash,p1_0.role,p1_0.specialization,p1_0.student_id from players p1_0 where p1_0.email=?
Hibernate: select p1_0.id,p1_0.avatar,p1_0.banned,p1_0.banned_at,p1_0.created,p1_0.degree_level,p1_0.display_name,p1_0.email,p1_0.experience,p1_0.last_login,p1_0.level,p1_0.password_hash,p1_0.role,p1_0.specialization,p1_0.student_id from players p1_0 where p1_0.id=?
Hibernate: select c1_0.id,c1_0.colors,c1_0.commander_eligible,c1_0.discoverable,c1_0.forge_name,c1_0.image_url,c1_0.mana_value,c1_0.oracle_id,c1_0.ownership_type,c1_0.rarity,c1_0.set_code,c1_0.spawn_region,c1_0.types,c1_0.weight from cards c1_0
Hibernate: select d1_0.id,d1_0.card_id,d1_0.count,d1_0.last_discovered,d1_0.player_id from discoveries d1_0 where d1_0.player_id=?
Hibernate: select f1_0.id,f1_0.card_id,f1_0.created_at,f1_0.player_id from favorites f1_0 where f1_0.player_id=?
Hibernate: select pu1_0.id,pu1_0.card_id,pu1_0.player_id,pu1_0.unlocked_at from player_unlocks pu1_0 where pu1_0.player_id=?
Hibernate: select pu1_0.id,pu1_0.card_id,pu1_0.player_id,pu1_0.unlocked_at from player_unlocks pu1_0 where pu1_0.player_id=?
Hibernate: select pu1_0.id,pu1_0.card_id,pu1_0.player_id,pu1_0.unlocked_at from player_unlocks pu1_0 where pu1_0.player_id=?
Hibernate: select pu1_0.id,pu1_0.card_id,pu1_0.player_id,pu1_0.unlocked_at from player_unlocks pu1_0 where pu1_0.player_id=?
Hibernate: select pu1_0.id,pu1_0.card_id,pu1_0.player_id,pu1_0.unlocked_at from player_unlocks pu1_0 where pu1_0.player_id=?
Hibernate: select pu1_0.id,pu1_0.card_id,pu1_0.player_id,pu1_0.unlocked_at from player_unlocks pu1_0 where pu1_0.player_id=?
Hibernate: select pu1_0.id,pu1_0.card_id,pu1_0.player_id,pu1_0.unlocked_at from player_unlocks pu1_0 where pu1_0.player_id=?
Hibernate: select uc1_0.physical_uuid,uc1_0.card_id,uc1_0.claimed_at,uc1_0.history,uc1_0.owner_id,uc1_0.serial_number from unique_cards uc1_0 where uc1_0.owner_id=?
Hibernate: select uc1_0.physical_uuid,uc1_0.card_id,uc1_0.claimed_at,uc1_0.history,uc1_0.owner_id,uc1_0.serial_number from unique_cards uc1_0 where uc1_0.owner_id=?
Hibernate: select pu1_0.id,pu1_0.card_id,pu1_0.player_id,pu1_0.unlocked_at from player_unlocks pu1_0 where pu1_0.player_id=?
Hibernate: select uc1_0.physical_uuid,uc1_0.card_id,uc1_0.claimed_at,uc1_0.history,uc1_0.owner_id,uc1_0.serial_number from unique_cards uc1_0 where uc1_0.owner_id=?
Hibernate: select pu1_0.id,pu1_0.card_id,pu1_0.player_id,pu1_0.unlocked_at from player_unlocks pu1_0 where pu1_0.player_id=?
Hibernate: select pu1_0.id,pu1_0.card_id,pu1_0.player_id,pu1_0.unlocked_at from player_unlocks pu1_0 where pu1_0.player_id=?
Hibernate: select pu1_0.id,pu1_0.card_id,pu1_0.player_id,pu1_0.unlocked_at from player_unlocks pu1_0 where pu1_0.player_id=?
Hibernate: select pu1_0.id,pu1_0.card_id,pu1_0.player_id,pu1_0.unlocked_at from player_unlocks pu1_0 where pu1_0.player_id=?
Hibernate: select pu1_0.id,pu1_0.card_id,pu1_0.player_id,pu1_0.unlocked_at from player_unlocks pu1_0 where pu1_0.player_id=?
Hibernate: select pu1_0.id,pu1_0.card_id,pu1_0.player_id,pu1_0.unlocked_at from player_unlocks pu1_0 where pu1_0.player_id=?
Hibernate: select pu1_0.id,pu1_0.card_id,pu1_0.player_id,pu1_0.unlocked_at from player_unlocks pu1_0 where pu1_0.player_id=?
Hibernate: select pu1_0.id,pu1_0.card_id,pu1_0.player_id,pu1_0.unlocked_at from player_unlocks pu1_0 where pu1_0.player_id=?
Hibernate: select pu1_0.id,pu1_0.card_id,pu1_0.player_id,pu1_0.unlocked_at from player_unlocks pu1_0 where pu1_0.player_id=?
Hibernate: select pu1_0.id,pu1_0.card_id,pu1_0.player_id,pu1_0.unlocked_at from player_unlocks pu1_0 where pu1_0.player_id=?
Hibernate: select pu1_0.id,pu1_0.card_id,pu1_0.player_id,pu1_0.unlocked_at from player_unlocks pu1_0 where pu1_0.player_id=?
Hibernate: select pu1_0.id,pu1_0.card_id,pu1_0.player_id,pu1_0.unlocked_at from player_unlocks pu1_0 where pu1_0.player_id=?
Hibernate: select pu1_0.id,pu1_0.card_id,pu1_0.player_id,pu1_0.unlocked_at from player_unlocks pu1_0 where pu1_0.player_id=?
Hibernate: select pu1_0.id,pu1_0.card_id,pu1_0.player_id,pu1_0.unlocked_at from player_unlocks pu1_0 where pu1_0.player_id=?
Hibernate: select pu1_0.id,pu1_0.card_id,pu1_0.player_id,pu1_0.unlocked_at from player_unlocks pu1_0 where pu1_0.player_id=?
Hibernate: select p1_0.id,p1_0.avatar,p1_0.banned,p1_0.banned_at,p1_0.created,p1_0.degree_level,p1_0.display_name,p1_0.email,p1_0.experience,p1_0.last_login,p1_0.level,p1_0.password_hash,p1_0.role,p1_0.specialization,p1_0.student_id from players p1_0 where p1_0.email=?
Hibernate: select p1_0.id,p1_0.avatar,p1_0.banned,p1_0.banned_at,p1_0.created,p1_0.degree_level,p1_0.display_name,p1_0.email,p1_0.experience,p1_0.last_login,p1_0.level,p1_0.password_hash,p1_0.role,p1_0.specialization,p1_0.student_id from players p1_0 where p1_0.email=?
Hibernate: select p1_0.id,p1_0.avatar,p1_0.banned,p1_0.banned_at,p1_0.created,p1_0.degree_level,p1_0.display_name,p1_0.email,p1_0.experience,p1_0.last_login,p1_0.level,p1_0.password_hash,p1_0.role,p1_0.specialization,p1_0.student_id from players p1_0 where p1_0.email=?
Hibernate: select p1_0.id,p1_0.avatar,p1_0.banned,p1_0.banned_at,p1_0.created,p1_0.degree_level,p1_0.display_name,p1_0.email,p1_0.experience,p1_0.last_login,p1_0.level,p1_0.password_hash,p1_0.role,p1_0.specialization,p1_0.student_id from players p1_0 where p1_0.email=?
Hibernate: select p1_0.id,p1_0.avatar,p1_0.banned,p1_0.banned_at,p1_0.created,p1_0.degree_level,p1_0.display_name,p1_0.email,p1_0.experience,p1_0.last_login,p1_0.level,p1_0.password_hash,p1_0.role,p1_0.specialization,p1_0.student_id from players p1_0 where p1_0.email=?
Hibernate: select p1_0.id,p1_0.avatar,p1_0.banned,p1_0.banned_at,p1_0.created,p1_0.degree_level,p1_0.display_name,p1_0.email,p1_0.experience,p1_0.last_login,p1_0.level,p1_0.password_hash,p1_0.role,p1_0.specialization,p1_0.student_id from players p1_0 where p1_0.email=?
Hibernate: select p1_0.id,p1_0.avatar,p1_0.banned,p1_0.banned_at,p1_0.created,p1_0.degree_level,p1_0.display_name,p1_0.email,p1_0.experience,p1_0.last_login,p1_0.level,p1_0.password_hash,p1_0.role,p1_0.specialization,p1_0.student_id from players p1_0 where p1_0.email=?
Hibernate: select p1_0.id,p1_0.avatar,p1_0.banned,p1_0.banned_at,p1_0.created,p1_0.degree_level,p1_0.display_name,p1_0.email,p1_0.experience,p1_0.last_login,p1_0.level,p1_0.password_hash,p1_0.role,p1_0.specialization,p1_0.student_id from players p1_0 where p1_0.email=?
Hibernate: select p1_0.id,p1_0.avatar,p1_0.banned,p1_0.banned_at,p1_0.created,p1_0.degree_level,p1_0.display_name,p1_0.email,p1_0.experience,p1_0.last_login,p1_0.level,p1_0.password_hash,p1_0.role,p1_0.specialization,p1_0.student_id from players p1_0 where p1_0.email=?
Hibernate: select p1_0.id,p1_0.avatar,p1_0.banned,p1_0.banned_at,p1_0.created,p1_0.degree_level,p1_0.display_name,p1_0.email,p1_0.experience,p1_0.last_login,p1_0.level,p1_0.password_hash,p1_0.role,p1_0.specialization,p1_0.student_id from players p1_0 where p1_0.email=?
Hibernate: select p1_0.id,p1_0.avatar,p1_0.banned,p1_0.banned_at,p1_0.created,p1_0.degree_level,p1_0.display_name,p1_0.email,p1_0.experience,p1_0.last_login,p1_0.level,p1_0.password_hash,p1_0.role,p1_0.specialization,p1_0.student_id from players p1_0 where p1_0.email=?
Hibernate: select p1_0.id,p1_0.avatar,p1_0.banned,p1_0.banned_at,p1_0.created,p1_0.degree_level,p1_0.display_name,p1_0.email,p1_0.experience,p1_0.last_login,p1_0.level,p1_0.password_hash,p1_0.role,p1_0.specialization,p1_0.student_id from players p1_0 where p1_0.email=?
Hibernate: select p1_0.id,p1_0.avatar,p1_0.banned,p1_0.banned_at,p1_0.created,p1_0.degree_level,p1_0.display_name,p1_0.email,p1_0.experience,p1_0.last_login,p1_0.level,p1_0.password_hash,p1_0.role,p1_0.specialization,p1_0.student_id from players p1_0 where p1_0.email=?
Hibernate: select p1_0.id,p1_0.avatar,p1_0.banned,p1_0.banned_at,p1_0.created,p1_0.degree_level,p1_0.display_name,p1_0.email,p1_0.experience,p1_0.last_login,p1_0.level,p1_0.password_hash,p1_0.role,p1_0.specialization,p1_0.student_id from players p1_0 where p1_0.email=?
Hibernate: select p1_0.id,p1_0.avatar,p1_0.banned,p1_0.banned_at,p1_0.created,p1_0.degree_level,p1_0.display_name,p1_0.email,p1_0.experience,p1_0.last_login,p1_0.level,p1_0.password_hash,p1_0.role,p1_0.specialization,p1_0.student_id from players p1_0 where p1_0.email=?
Hibernate: select p1_0.id,p1_0.avatar,p1_0.banned,p1_0.banned_at,p1_0.created,p1_0.degree_level,p1_0.display_name,p1_0.email,p1_0.experience,p1_0.last_login,p1_0.level,p1_0.password_hash,p1_0.role,p1_0.specialization,p1_0.student_id from players p1_0 where p1_0.email=?
Hibernate: select p1_0.id,p1_0.avatar,p1_0.banned,p1_0.banned_at,p1_0.created,p1_0.degree_level,p1_0.display_name,p1_0.email,p1_0.experience,p1_0.last_login,p1_0.level,p1_0.password_hash,p1_0.role,p1_0.specialization,p1_0.student_id from players p1_0 where p1_0.email=?
Hibernate: select p1_0.id,p1_0.avatar,p1_0.banned,p1_0.banned_at,p1_0.created,p1_0.degree_level,p1_0.display_name,p1_0.email,p1_0.experience,p1_0.last_login,p1_0.level,p1_0.password_hash,p1_0.role,p1_0.specialization,p1_0.student_id from players p1_0 where p1_0.email=?
Hibernate: select p1_0.id,p1_0.avatar,p1_0.banned,p1_0.banned_at,p1_0.created,p1_0.degree_level,p1_0.display_name,p1_0.email,p1_0.experience,p1_0.last_login,p1_0.level,p1_0.password_hash,p1_0.role,p1_0.specialization,p1_0.student_id from players p1_0 where p1_0.email=?
Hibernate: select p1_0.id,p1_0.avatar,p1_0.banned,p1_0.banned_at,p1_0.created,p1_0.degree_level,p1_0.display_name,p1_0.email,p1_0.experience,p1_0.last_login,p1_0.level,p1_0.password_hash,p1_0.role,p1_0.specialization,p1_0.student_id from players p1_0 where p1_0.email=?
Hibernate: select p1_0.id,p1_0.avatar,p1_0.banned,p1_0.banned_at,p1_0.created,p1_0.degree_level,p1_0.display_name,p1_0.email,p1_0.experience,p1_0.last_login,p1_0.level,p1_0.password_hash,p1_0.role,p1_0.specialization,p1_0.student_id from players p1_0 where p1_0.email=?
Hibernate: update players set avatar=?,banned=?,banned_at=?,created=?,degree_level=?,display_name=?,email=?,experience=?,last_login=?,level=?,password_hash=?,role=?,specialization=?,student_id=? where id=?
Hibernate: select p1_0.id,p1_0.avatar,p1_0.banned,p1_0.banned_at,p1_0.created,p1_0.degree_level,p1_0.display_name,p1_0.email,p1_0.experience,p1_0.last_login,p1_0.level,p1_0.password_hash,p1_0.role,p1_0.specialization,p1_0.student_id from players p1_0 where p1_0.email=?
Hibernate: select p1_0.id,p1_0.avatar,p1_0.banned,p1_0.banned_at,p1_0.created,p1_0.degree_level,p1_0.display_name,p1_0.email,p1_0.experience,p1_0.last_login,p1_0.level,p1_0.password_hash,p1_0.role,p1_0.specialization,p1_0.student_id from players p1_0 where p1_0.id=?
Hibernate: select c1_0.id,c1_0.colors,c1_0.commander_eligible,c1_0.discoverable,c1_0.forge_name,c1_0.image_url,c1_0.mana_value,c1_0.oracle_id,c1_0.ownership_type,c1_0.rarity,c1_0.set_code,c1_0.spawn_region,c1_0.types,c1_0.weight from cards c1_0
Hibernate: select d1_0.id,d1_0.card_id,d1_0.count,d1_0.last_discovered,d1_0.player_id from discoveries d1_0 where d1_0.player_id=?
Hibernate: select p1_0.id,p1_0.avatar,p1_0.banned,p1_0.banned_at,p1_0.created,p1_0.degree_level,p1_0.display_name,p1_0.email,p1_0.experience,p1_0.last_login,p1_0.level,p1_0.password_hash,p1_0.role,p1_0.specialization,p1_0.student_id from players p1_0 where p1_0.email=?
Hibernate: select f1_0.id,f1_0.card_id,f1_0.created_at,f1_0.player_id from favorites f1_0 where f1_0.player_id=?
Hibernate: select pu1_0.id,pu1_0.card_id,pu1_0.player_id,pu1_0.unlocked_at from player_unlocks pu1_0 where pu1_0.player_id=?
Hibernate: select c1_0.id,c1_0.colors,c1_0.commander_eligible,c1_0.discoverable,c1_0.forge_name,c1_0.image_url,c1_0.mana_value,c1_0.oracle_id,c1_0.ownership_type,c1_0.rarity,c1_0.set_code,c1_0.spawn_region,c1_0.types,c1_0.weight from cards c1_0
Hibernate: select pu1_0.id,pu1_0.card_id,pu1_0.player_id,pu1_0.unlocked_at from player_unlocks pu1_0 where pu1_0.player_id=?
Hibernate: select pu1_0.id,pu1_0.card_id,pu1_0.player_id,pu1_0.unlocked_at from player_unlocks pu1_0 where pu1_0.player_id=?
Hibernate: select pu1_0.id,pu1_0.card_id,pu1_0.player_id,pu1_0.unlocked_at from player_unlocks pu1_0 where pu1_0.player_id=?
Hibernate: select pu1_0.id,pu1_0.card_id,pu1_0.player_id,pu1_0.unlocked_at from player_unlocks pu1_0 where pu1_0.player_id=?
Hibernate: select pu1_0.id,pu1_0.card_id,pu1_0.player_id,pu1_0.unlocked_at from player_unlocks pu1_0 where pu1_0.player_id=?
Hibernate: select pu1_0.id,pu1_0.card_id,pu1_0.player_id,pu1_0.unlocked_at from player_unlocks pu1_0 where pu1_0.player_id=?
Hibernate: select uc1_0.physical_uuid,uc1_0.card_id,uc1_0.claimed_at,uc1_0.history,uc1_0.owner_id,uc1_0.serial_number from unique_cards uc1_0 where uc1_0.owner_id=?
Hibernate: select uc1_0.physical_uuid,uc1_0.card_id,uc1_0.claimed_at,uc1_0.history,uc1_0.owner_id,uc1_0.serial_number from unique_cards uc1_0 where uc1_0.owner_id=?
Hibernate: select pu1_0.id,pu1_0.card_id,pu1_0.player_id,pu1_0.unlocked_at from player_unlocks pu1_0 where pu1_0.player_id=?
Hibernate: select uc1_0.physical_uuid,uc1_0.card_id,uc1_0.claimed_at,uc1_0.history,uc1_0.owner_id,uc1_0.serial_number from unique_cards uc1_0 where uc1_0.owner_id=?
Hibernate: select pu1_0.id,pu1_0.card_id,pu1_0.player_id,pu1_0.unlocked_at from player_unlocks pu1_0 where pu1_0.player_id=?
Hibernate: select pu1_0.id,pu1_0.card_id,pu1_0.player_id,pu1_0.unlocked_at from player_unlocks pu1_0 where pu1_0.player_id=?
Hibernate: select pu1_0.id,pu1_0.card_id,pu1_0.player_id,pu1_0.unlocked_at from player_unlocks pu1_0 where pu1_0.player_id=?
Hibernate: select pu1_0.id,pu1_0.card_id,pu1_0.player_id,pu1_0.unlocked_at from player_unlocks pu1_0 where pu1_0.player_id=?
Hibernate: select pu1_0.id,pu1_0.card_id,pu1_0.player_id,pu1_0.unlocked_at from player_unlocks pu1_0 where pu1_0.player_id=?
Hibernate: select pu1_0.id,pu1_0.card_id,pu1_0.player_id,pu1_0.unlocked_at from player_unlocks pu1_0 where pu1_0.player_id=?
Hibernate: select pu1_0.id,pu1_0.card_id,pu1_0.player_id,pu1_0.unlocked_at from player_unlocks pu1_0 where pu1_0.player_id=?
Hibernate: select pu1_0.id,pu1_0.card_id,pu1_0.player_id,pu1_0.unlocked_at from player_unlocks pu1_0 where pu1_0.player_id=?
Hibernate: select pu1_0.id,pu1_0.card_id,pu1_0.player_id,pu1_0.unlocked_at from player_unlocks pu1_0 where pu1_0.player_id=?
Hibernate: select pu1_0.id,pu1_0.card_id,pu1_0.player_id,pu1_0.unlocked_at from player_unlocks pu1_0 where pu1_0.player_id=?
Hibernate: select pu1_0.id,pu1_0.card_id,pu1_0.player_id,pu1_0.unlocked_at from player_unlocks pu1_0 where pu1_0.player_id=?
Hibernate: select pu1_0.id,pu1_0.card_id,pu1_0.player_id,pu1_0.unlocked_at from player_unlocks pu1_0 where pu1_0.player_id=?
Hibernate: select pu1_0.id,pu1_0.card_id,pu1_0.player_id,pu1_0.unlocked_at from player_unlocks pu1_0 where pu1_0.player_id=?
Hibernate: select pu1_0.id,pu1_0.card_id,pu1_0.player_id,pu1_0.unlocked_at from player_unlocks pu1_0 where pu1_0.player_id=?
Hibernate: select pu1_0.id,pu1_0.card_id,pu1_0.player_id,pu1_0.unlocked_at from player_unlocks pu1_0 where pu1_0.player_id=?
Hibernate: select p1_0.id,p1_0.avatar,p1_0.banned,p1_0.banned_at,p1_0.created,p1_0.degree_level,p1_0.display_name,p1_0.email,p1_0.experience,p1_0.last_login,p1_0.level,p1_0.password_hash,p1_0.role,p1_0.specialization,p1_0.student_id from players p1_0 where p1_0.email=?
Hibernate: select p1_0.id,p1_0.avatar,p1_0.banned,p1_0.banned_at,p1_0.created,p1_0.degree_level,p1_0.display_name,p1_0.email,p1_0.experience,p1_0.last_login,p1_0.level,p1_0.password_hash,p1_0.role,p1_0.specialization,p1_0.student_id from players p1_0 where p1_0.email=?
Hibernate: select p1_0.id,p1_0.avatar,p1_0.banned,p1_0.banned_at,p1_0.created,p1_0.degree_level,p1_0.display_name,p1_0.email,p1_0.experience,p1_0.last_login,p1_0.level,p1_0.password_hash,p1_0.role,p1_0.specialization,p1_0.student_id from players p1_0 where p1_0.email=?
Hibernate: select p1_0.id,p1_0.avatar,p1_0.banned,p1_0.banned_at,p1_0.created,p1_0.degree_level,p1_0.display_name,p1_0.email,p1_0.experience,p1_0.last_login,p1_0.level,p1_0.password_hash,p1_0.role,p1_0.specialization,p1_0.student_id from players p1_0 where p1_0.email=?
Hibernate: select p1_0.id,p1_0.avatar,p1_0.banned,p1_0.banned_at,p1_0.created,p1_0.degree_level,p1_0.display_name,p1_0.email,p1_0.experience,p1_0.last_login,p1_0.level,p1_0.password_hash,p1_0.role,p1_0.specialization,p1_0.student_id from players p1_0 where p1_0.email=?
Hibernate: select p1_0.id,p1_0.avatar,p1_0.banned,p1_0.banned_at,p1_0.created,p1_0.degree_level,p1_0.display_name,p1_0.email,p1_0.experience,p1_0.last_login,p1_0.level,p1_0.password_hash,p1_0.role,p1_0.specialization,p1_0.student_id from players p1_0 where p1_0.email=?
Hibernate: select p1_0.id from players p1_0 where p1_0.email=? fetch first ? rows only
Hibernate: insert into players (avatar,banned,banned_at,created,degree_level,display_name,email,experience,last_login,level,password_hash,role,specialization,student_id,id) values (?,?,?,?,?,?,?,?,?,?,?,?,?,?,?)
Hibernate: select d1_0.id,d1_0.commander_card_id,d1_0.created_at,d1_0.format_code,d1_0.name,d1_0.player_id,d1_0.updated_at from decks d1_0 where d1_0.player_id=?
Hibernate: select c1_0.id,c1_0.colors,c1_0.commander_eligible,c1_0.discoverable,c1_0.forge_name,c1_0.image_url,c1_0.mana_value,c1_0.oracle_id,c1_0.ownership_type,c1_0.rarity,c1_0.set_code,c1_0.spawn_region,c1_0.types,c1_0.weight from cards c1_0 where c1_0.forge_name=?
Hibernate: select c1_0.id,c1_0.colors,c1_0.commander_eligible,c1_0.discoverable,c1_0.forge_name,c1_0.image_url,c1_0.mana_value,c1_0.oracle_id,c1_0.ownership_type,c1_0.rarity,c1_0.set_code,c1_0.spawn_region,c1_0.types,c1_0.weight from cards c1_0 where c1_0.forge_name=?
Hibernate: select c1_0.id,c1_0.colors,c1_0.commander_eligible,c1_0.discoverable,c1_0.forge_name,c1_0.image_url,c1_0.mana_value,c1_0.oracle_id,c1_0.ownership_type,c1_0.rarity,c1_0.set_code,c1_0.spawn_region,c1_0.types,c1_0.weight from cards c1_0 where c1_0.forge_name=?
Hibernate: select c1_0.id,c1_0.colors,c1_0.commander_eligible,c1_0.discoverable,c1_0.forge_name,c1_0.image_url,c1_0.mana_value,c1_0.oracle_id,c1_0.ownership_type,c1_0.rarity,c1_0.set_code,c1_0.spawn_region,c1_0.types,c1_0.weight from cards c1_0 where c1_0.forge_name=?
Hibernate: select c1_0.id,c1_0.colors,c1_0.commander_eligible,c1_0.discoverable,c1_0.forge_name,c1_0.image_url,c1_0.mana_value,c1_0.oracle_id,c1_0.ownership_type,c1_0.rarity,c1_0.set_code,c1_0.spawn_region,c1_0.types,c1_0.weight from cards c1_0 where c1_0.forge_name=?
Hibernate: select c1_0.id,c1_0.colors,c1_0.commander_eligible,c1_0.discoverable,c1_0.forge_name,c1_0.image_url,c1_0.mana_value,c1_0.oracle_id,c1_0.ownership_type,c1_0.rarity,c1_0.set_code,c1_0.spawn_region,c1_0.types,c1_0.weight from cards c1_0 where c1_0.forge_name=?
Hibernate: select c1_0.id,c1_0.colors,c1_0.commander_eligible,c1_0.discoverable,c1_0.forge_name,c1_0.image_url,c1_0.mana_value,c1_0.oracle_id,c1_0.ownership_type,c1_0.rarity,c1_0.set_code,c1_0.spawn_region,c1_0.types,c1_0.weight from cards c1_0 where c1_0.forge_name=?
Hibernate: select c1_0.id,c1_0.colors,c1_0.commander_eligible,c1_0.discoverable,c1_0.forge_name,c1_0.image_url,c1_0.mana_value,c1_0.oracle_id,c1_0.ownership_type,c1_0.rarity,c1_0.set_code,c1_0.spawn_region,c1_0.types,c1_0.weight from cards c1_0 where c1_0.forge_name=?
Hibernate: select c1_0.id,c1_0.colors,c1_0.commander_eligible,c1_0.discoverable,c1_0.forge_name,c1_0.image_url,c1_0.mana_value,c1_0.oracle_id,c1_0.ownership_type,c1_0.rarity,c1_0.set_code,c1_0.spawn_region,c1_0.types,c1_0.weight from cards c1_0 where c1_0.forge_name=?
Hibernate: select c1_0.id,c1_0.colors,c1_0.commander_eligible,c1_0.discoverable,c1_0.forge_name,c1_0.image_url,c1_0.mana_value,c1_0.oracle_id,c1_0.ownership_type,c1_0.rarity,c1_0.set_code,c1_0.spawn_region,c1_0.types,c1_0.weight from cards c1_0 where c1_0.forge_name=?
Hibernate: select c1_0.id,c1_0.colors,c1_0.commander_eligible,c1_0.discoverable,c1_0.forge_name,c1_0.image_url,c1_0.mana_value,c1_0.oracle_id,c1_0.ownership_type,c1_0.rarity,c1_0.set_code,c1_0.spawn_region,c1_0.types,c1_0.weight from cards c1_0 where c1_0.forge_name=?
Hibernate: select c1_0.id,c1_0.colors,c1_0.commander_eligible,c1_0.discoverable,c1_0.forge_name,c1_0.image_url,c1_0.mana_value,c1_0.oracle_id,c1_0.ownership_type,c1_0.rarity,c1_0.set_code,c1_0.spawn_region,c1_0.types,c1_0.weight from cards c1_0 where c1_0.forge_name=?
Hibernate: select c1_0.id,c1_0.colors,c1_0.commander_eligible,c1_0.discoverable,c1_0.forge_name,c1_0.image_url,c1_0.mana_value,c1_0.oracle_id,c1_0.ownership_type,c1_0.rarity,c1_0.set_code,c1_0.spawn_region,c1_0.types,c1_0.weight from cards c1_0 where c1_0.forge_name=?
Hibernate: select c1_0.id,c1_0.colors,c1_0.commander_eligible,c1_0.discoverable,c1_0.forge_name,c1_0.image_url,c1_0.mana_value,c1_0.oracle_id,c1_0.ownership_type,c1_0.rarity,c1_0.set_code,c1_0.spawn_region,c1_0.types,c1_0.weight from cards c1_0 where c1_0.forge_name=?
Hibernate: select c1_0.id,c1_0.colors,c1_0.commander_eligible,c1_0.discoverable,c1_0.forge_name,c1_0.image_url,c1_0.mana_value,c1_0.oracle_id,c1_0.ownership_type,c1_0.rarity,c1_0.set_code,c1_0.spawn_region,c1_0.types,c1_0.weight from cards c1_0 where c1_0.forge_name=?
Hibernate: select c1_0.id,c1_0.colors,c1_0.commander_eligible,c1_0.discoverable,c1_0.forge_name,c1_0.image_url,c1_0.mana_value,c1_0.oracle_id,c1_0.ownership_type,c1_0.rarity,c1_0.set_code,c1_0.spawn_region,c1_0.types,c1_0.weight from cards c1_0 where c1_0.forge_name=?
Hibernate: select c1_0.id,c1_0.colors,c1_0.commander_eligible,c1_0.discoverable,c1_0.forge_name,c1_0.image_url,c1_0.mana_value,c1_0.oracle_id,c1_0.ownership_type,c1_0.rarity,c1_0.set_code,c1_0.spawn_region,c1_0.types,c1_0.weight from cards c1_0 where c1_0.forge_name=?
Hibernate: select c1_0.id,c1_0.colors,c1_0.commander_eligible,c1_0.discoverable,c1_0.forge_name,c1_0.image_url,c1_0.mana_value,c1_0.oracle_id,c1_0.ownership_type,c1_0.rarity,c1_0.set_code,c1_0.spawn_region,c1_0.types,c1_0.weight from cards c1_0 where c1_0.forge_name=?
Hibernate: select c1_0.id,c1_0.colors,c1_0.commander_eligible,c1_0.discoverable,c1_0.forge_name,c1_0.image_url,c1_0.mana_value,c1_0.oracle_id,c1_0.ownership_type,c1_0.rarity,c1_0.set_code,c1_0.spawn_region,c1_0.types,c1_0.weight from cards c1_0 where c1_0.forge_name=?
Hibernate: select c1_0.id,c1_0.colors,c1_0.commander_eligible,c1_0.discoverable,c1_0.forge_name,c1_0.image_url,c1_0.mana_value,c1_0.oracle_id,c1_0.ownership_type,c1_0.rarity,c1_0.set_code,c1_0.spawn_region,c1_0.types,c1_0.weight from cards c1_0 where c1_0.forge_name=?
Hibernate: select c1_0.id,c1_0.colors,c1_0.commander_eligible,c1_0.discoverable,c1_0.forge_name,c1_0.image_url,c1_0.mana_value,c1_0.oracle_id,c1_0.ownership_type,c1_0.rarity,c1_0.set_code,c1_0.spawn_region,c1_0.types,c1_0.weight from cards c1_0 where c1_0.forge_name=?
Hibernate: select c1_0.id,c1_0.colors,c1_0.commander_eligible,c1_0.discoverable,c1_0.forge_name,c1_0.image_url,c1_0.mana_value,c1_0.oracle_id,c1_0.ownership_type,c1_0.rarity,c1_0.set_code,c1_0.spawn_region,c1_0.types,c1_0.weight from cards c1_0 where c1_0.forge_name=?
Hibernate: select pu1_0.id from player_unlocks pu1_0 where pu1_0.player_id=? and pu1_0.card_id=? fetch first ? rows only
Hibernate: select d1_0.id,d1_0.card_id,d1_0.count,d1_0.last_discovered,d1_0.player_id from discoveries d1_0 where d1_0.player_id=? and d1_0.card_id=?
Hibernate: insert into player_unlocks (card_id,player_id,unlocked_at,id) values (?,?,?,?)
Hibernate: insert into discoveries (card_id,count,last_discovered,player_id,id) values (?,?,?,?,?)
Hibernate: select pu1_0.id from player_unlocks pu1_0 where pu1_0.player_id=? and pu1_0.card_id=? fetch first ? rows only
Hibernate: select d1_0.id,d1_0.card_id,d1_0.count,d1_0.last_discovered,d1_0.player_id from discoveries d1_0 where d1_0.player_id=? and d1_0.card_id=?
Hibernate: insert into player_unlocks (card_id,player_id,unlocked_at,id) values (?,?,?,?)
Hibernate: insert into discoveries (card_id,count,last_discovered,player_id,id) values (?,?,?,?,?)
Hibernate: select pu1_0.id from player_unlocks pu1_0 where pu1_0.player_id=? and pu1_0.card_id=? fetch first ? rows only
Hibernate: select d1_0.id,d1_0.card_id,d1_0.count,d1_0.last_discovered,d1_0.player_id from discoveries d1_0 where d1_0.player_id=? and d1_0.card_id=?
Hibernate: insert into player_unlocks (card_id,player_id,unlocked_at,id) values (?,?,?,?)
Hibernate: insert into discoveries (card_id,count,last_discovered,player_id,id) values (?,?,?,?,?)
Hibernate: select pu1_0.id from player_unlocks pu1_0 where pu1_0.player_id=? and pu1_0.card_id=? fetch first ? rows only
Hibernate: select d1_0.id,d1_0.card_id,d1_0.count,d1_0.last_discovered,d1_0.player_id from discoveries d1_0 where d1_0.player_id=? and d1_0.card_id=?
Hibernate: insert into player_unlocks (card_id,player_id,unlocked_at,id) values (?,?,?,?)
Hibernate: insert into discoveries (card_id,count,last_discovered,player_id,id) values (?,?,?,?,?)
Hibernate: select pu1_0.id from player_unlocks pu1_0 where pu1_0.player_id=? and pu1_0.card_id=? fetch first ? rows only
Hibernate: select d1_0.id,d1_0.card_id,d1_0.count,d1_0.last_discovered,d1_0.player_id from discoveries d1_0 where d1_0.player_id=? and d1_0.card_id=?
Hibernate: insert into player_unlocks (card_id,player_id,unlocked_at,id) values (?,?,?,?)
Hibernate: insert into discoveries (card_id,count,last_discovered,player_id,id) values (?,?,?,?,?)
Hibernate: select pu1_0.id from player_unlocks pu1_0 where pu1_0.player_id=? and pu1_0.card_id=? fetch first ? rows only
Hibernate: select d1_0.id,d1_0.card_id,d1_0.count,d1_0.last_discovered,d1_0.player_id from discoveries d1_0 where d1_0.player_id=? and d1_0.card_id=?
Hibernate: insert into player_unlocks (card_id,player_id,unlocked_at,id) values (?,?,?,?)
Hibernate: insert into discoveries (card_id,count,last_discovered,player_id,id) values (?,?,?,?,?)
Hibernate: select pu1_0.id from player_unlocks pu1_0 where pu1_0.player_id=? and pu1_0.card_id=? fetch first ? rows only
Hibernate: select d1_0.id,d1_0.card_id,d1_0.count,d1_0.last_discovered,d1_0.player_id from discoveries d1_0 where d1_0.player_id=? and d1_0.card_id=?
Hibernate: insert into player_unlocks (card_id,player_id,unlocked_at,id) values (?,?,?,?)
Hibernate: insert into discoveries (card_id,count,last_discovered,player_id,id) values (?,?,?,?,?)
Hibernate: select pu1_0.id from player_unlocks pu1_0 where pu1_0.player_id=? and pu1_0.card_id=? fetch first ? rows only
Hibernate: select d1_0.id,d1_0.card_id,d1_0.count,d1_0.last_discovered,d1_0.player_id from discoveries d1_0 where d1_0.player_id=? and d1_0.card_id=?
Hibernate: insert into player_unlocks (card_id,player_id,unlocked_at,id) values (?,?,?,?)
Hibernate: insert into discoveries (card_id,count,last_discovered,player_id,id) values (?,?,?,?,?)
Hibernate: select pu1_0.id from player_unlocks pu1_0 where pu1_0.player_id=? and pu1_0.card_id=? fetch first ? rows only
Hibernate: select d1_0.id,d1_0.card_id,d1_0.count,d1_0.last_discovered,d1_0.player_id from discoveries d1_0 where d1_0.player_id=? and d1_0.card_id=?
Hibernate: insert into player_unlocks (card_id,player_id,unlocked_at,id) values (?,?,?,?)
Hibernate: insert into discoveries (card_id,count,last_discovered,player_id,id) values (?,?,?,?,?)
Hibernate: select pu1_0.id from player_unlocks pu1_0 where pu1_0.player_id=? and pu1_0.card_id=? fetch first ? rows only
Hibernate: select d1_0.id,d1_0.card_id,d1_0.count,d1_0.last_discovered,d1_0.player_id from discoveries d1_0 where d1_0.player_id=? and d1_0.card_id=?
Hibernate: insert into player_unlocks (card_id,player_id,unlocked_at,id) values (?,?,?,?)
Hibernate: insert into discoveries (card_id,count,last_discovered,player_id,id) values (?,?,?,?,?)
Hibernate: select pu1_0.id from player_unlocks pu1_0 where pu1_0.player_id=? and pu1_0.card_id=? fetch first ? rows only
Hibernate: select d1_0.id,d1_0.card_id,d1_0.count,d1_0.last_discovered,d1_0.player_id from discoveries d1_0 where d1_0.player_id=? and d1_0.card_id=?
Hibernate: insert into player_unlocks (card_id,player_id,unlocked_at,id) values (?,?,?,?)
Hibernate: insert into discoveries (card_id,count,last_discovered,player_id,id) values (?,?,?,?,?)
Hibernate: select pu1_0.id from player_unlocks pu1_0 where pu1_0.player_id=? and pu1_0.card_id=? fetch first ? rows only
Hibernate: select d1_0.id,d1_0.card_id,d1_0.count,d1_0.last_discovered,d1_0.player_id from discoveries d1_0 where d1_0.player_id=? and d1_0.card_id=?
Hibernate: insert into player_unlocks (card_id,player_id,unlocked_at,id) values (?,?,?,?)
Hibernate: insert into discoveries (card_id,count,last_discovered,player_id,id) values (?,?,?,?,?)
Hibernate: select pu1_0.id from player_unlocks pu1_0 where pu1_0.player_id=? and pu1_0.card_id=? fetch first ? rows only
Hibernate: select d1_0.id,d1_0.card_id,d1_0.count,d1_0.last_discovered,d1_0.player_id from discoveries d1_0 where d1_0.player_id=? and d1_0.card_id=?
Hibernate: insert into player_unlocks (card_id,player_id,unlocked_at,id) values (?,?,?,?)
Hibernate: insert into discoveries (card_id,count,last_discovered,player_id,id) values (?,?,?,?,?)
Hibernate: select pu1_0.id from player_unlocks pu1_0 where pu1_0.player_id=? and pu1_0.card_id=? fetch first ? rows only
Hibernate: select d1_0.id,d1_0.card_id,d1_0.count,d1_0.last_discovered,d1_0.player_id from discoveries d1_0 where d1_0.player_id=? and d1_0.card_id=?
Hibernate: insert into player_unlocks (card_id,player_id,unlocked_at,id) values (?,?,?,?)
Hibernate: insert into discoveries (card_id,count,last_discovered,player_id,id) values (?,?,?,?,?)
Hibernate: select pu1_0.id from player_unlocks pu1_0 where pu1_0.player_id=? and pu1_0.card_id=? fetch first ? rows only
Hibernate: select d1_0.id,d1_0.card_id,d1_0.count,d1_0.last_discovered,d1_0.player_id from discoveries d1_0 where d1_0.player_id=? and d1_0.card_id=?
Hibernate: insert into player_unlocks (card_id,player_id,unlocked_at,id) values (?,?,?,?)
Hibernate: insert into discoveries (card_id,count,last_discovered,player_id,id) values (?,?,?,?,?)
Hibernate: select pu1_0.id from player_unlocks pu1_0 where pu1_0.player_id=? and pu1_0.card_id=? fetch first ? rows only
Hibernate: select d1_0.id,d1_0.card_id,d1_0.count,d1_0.last_discovered,d1_0.player_id from discoveries d1_0 where d1_0.player_id=? and d1_0.card_id=?
Hibernate: insert into player_unlocks (card_id,player_id,unlocked_at,id) values (?,?,?,?)
Hibernate: insert into discoveries (card_id,count,last_discovered,player_id,id) values (?,?,?,?,?)
Hibernate: select pu1_0.id from player_unlocks pu1_0 where pu1_0.player_id=? and pu1_0.card_id=? fetch first ? rows only
Hibernate: select d1_0.id,d1_0.card_id,d1_0.count,d1_0.last_discovered,d1_0.player_id from discoveries d1_0 where d1_0.player_id=? and d1_0.card_id=?
Hibernate: insert into player_unlocks (card_id,player_id,unlocked_at,id) values (?,?,?,?)
Hibernate: insert into discoveries (card_id,count,last_discovered,player_id,id) values (?,?,?,?,?)
Hibernate: select pu1_0.id from player_unlocks pu1_0 where pu1_0.player_id=? and pu1_0.card_id=? fetch first ? rows only
Hibernate: select d1_0.id,d1_0.card_id,d1_0.count,d1_0.last_discovered,d1_0.player_id from discoveries d1_0 where d1_0.player_id=? and d1_0.card_id=?
Hibernate: insert into player_unlocks (card_id,player_id,unlocked_at,id) values (?,?,?,?)
Hibernate: insert into discoveries (card_id,count,last_discovered,player_id,id) values (?,?,?,?,?)
Hibernate: select pu1_0.id from player_unlocks pu1_0 where pu1_0.player_id=? and pu1_0.card_id=? fetch first ? rows only
Hibernate: select d1_0.id,d1_0.card_id,d1_0.count,d1_0.last_discovered,d1_0.player_id from discoveries d1_0 where d1_0.player_id=? and d1_0.card_id=?
Hibernate: insert into player_unlocks (card_id,player_id,unlocked_at,id) values (?,?,?,?)
Hibernate: insert into discoveries (card_id,count,last_discovered,player_id,id) values (?,?,?,?,?)
Hibernate: select pu1_0.id from player_unlocks pu1_0 where pu1_0.player_id=? and pu1_0.card_id=? fetch first ? rows only
Hibernate: select d1_0.id,d1_0.card_id,d1_0.count,d1_0.last_discovered,d1_0.player_id from discoveries d1_0 where d1_0.player_id=? and d1_0.card_id=?
Hibernate: insert into player_unlocks (card_id,player_id,unlocked_at,id) values (?,?,?,?)
Hibernate: insert into discoveries (card_id,count,last_discovered,player_id,id) values (?,?,?,?,?)
Hibernate: insert into decks (commander_card_id,created_at,format_code,name,player_id,updated_at,id) values (?,?,?,?,?,?,?)
Hibernate: insert into deck_cards (card_id,deck_id,quantity,id) values (?,?,?,?)
Hibernate: insert into deck_cards (card_id,deck_id,quantity,id) values (?,?,?,?)
Hibernate: insert into deck_cards (card_id,deck_id,quantity,id) values (?,?,?,?)
Hibernate: insert into deck_cards (card_id,deck_id,quantity,id) values (?,?,?,?)
Hibernate: insert into deck_cards (card_id,deck_id,quantity,id) values (?,?,?,?)
Hibernate: insert into deck_cards (card_id,deck_id,quantity,id) values (?,?,?,?)
Hibernate: insert into deck_cards (card_id,deck_id,quantity,id) values (?,?,?,?)
Hibernate: insert into deck_cards (card_id,deck_id,quantity,id) values (?,?,?,?)
Hibernate: insert into deck_cards (card_id,deck_id,quantity,id) values (?,?,?,?)
Hibernate: insert into deck_cards (card_id,deck_id,quantity,id) values (?,?,?,?)
Hibernate: insert into deck_cards (card_id,deck_id,quantity,id) values (?,?,?,?)
Hibernate: insert into deck_cards (card_id,deck_id,quantity,id) values (?,?,?,?)
Hibernate: insert into deck_cards (card_id,deck_id,quantity,id) values (?,?,?,?)
Hibernate: insert into deck_cards (card_id,deck_id,quantity,id) values (?,?,?,?)
Hibernate: insert into deck_cards (card_id,deck_id,quantity,id) values (?,?,?,?)
Hibernate: insert into deck_cards (card_id,deck_id,quantity,id) values (?,?,?,?)
Hibernate: insert into deck_cards (card_id,deck_id,quantity,id) values (?,?,?,?)
Hibernate: insert into deck_cards (card_id,deck_id,quantity,id) values (?,?,?,?)
Hibernate: insert into deck_cards (card_id,deck_id,quantity,id) values (?,?,?,?)
Hibernate: insert into deck_cards (card_id,deck_id,quantity,id) values (?,?,?,?)
Hibernate: insert into deck_cards (card_id,deck_id,quantity,id) values (?,?,?,?)
Hibernate: insert into deck_cards (card_id,deck_id,quantity,id) values (?,?,?,?)
Hibernate: select p1_0.id,p1_0.avatar,p1_0.banned,p1_0.banned_at,p1_0.created,p1_0.degree_level,p1_0.display_name,p1_0.email,p1_0.experience,p1_0.last_login,p1_0.level,p1_0.password_hash,p1_0.role,p1_0.specialization,p1_0.student_id from players p1_0 where p1_0.email=?
Hibernate: select p1_0.id,p1_0.avatar,p1_0.banned,p1_0.banned_at,p1_0.created,p1_0.degree_level,p1_0.display_name,p1_0.email,p1_0.experience,p1_0.last_login,p1_0.level,p1_0.password_hash,p1_0.role,p1_0.specialization,p1_0.student_id from players p1_0 where p1_0.email=?
Hibernate: select c1_0.id,c1_0.colors,c1_0.commander_eligible,c1_0.discoverable,c1_0.forge_name,c1_0.image_url,c1_0.mana_value,c1_0.oracle_id,c1_0.ownership_type,c1_0.rarity,c1_0.set_code,c1_0.spawn_region,c1_0.types,c1_0.weight from cards c1_0
Hibernate: select p1_0.id,p1_0.avatar,p1_0.banned,p1_0.banned_at,p1_0.created,p1_0.degree_level,p1_0.display_name,p1_0.email,p1_0.experience,p1_0.last_login,p1_0.level,p1_0.password_hash,p1_0.role,p1_0.specialization,p1_0.student_id from players p1_0 where p1_0.id=?
Hibernate: select c1_0.id,c1_0.colors,c1_0.commander_eligible,c1_0.discoverable,c1_0.forge_name,c1_0.image_url,c1_0.mana_value,c1_0.oracle_id,c1_0.ownership_type,c1_0.rarity,c1_0.set_code,c1_0.spawn_region,c1_0.types,c1_0.weight from cards c1_0
Hibernate: select d1_0.id,d1_0.card_id,d1_0.count,d1_0.last_discovered,d1_0.player_id from discoveries d1_0 where d1_0.player_id=?
Hibernate: select f1_0.id,f1_0.card_id,f1_0.created_at,f1_0.player_id from favorites f1_0 where f1_0.player_id=?
Hibernate: select pu1_0.id,pu1_0.card_id,pu1_0.player_id,pu1_0.unlocked_at from player_unlocks pu1_0 where pu1_0.player_id=?
Hibernate: select pu1_0.id,pu1_0.card_id,pu1_0.player_id,pu1_0.unlocked_at from player_unlocks pu1_0 where pu1_0.player_id=?
Hibernate: select pu1_0.id,pu1_0.card_id,pu1_0.player_id,pu1_0.unlocked_at from player_unlocks pu1_0 where pu1_0.player_id=?
Hibernate: select pu1_0.id,pu1_0.card_id,pu1_0.player_id,pu1_0.unlocked_at from player_unlocks pu1_0 where pu1_0.player_id=?
Hibernate: select pu1_0.id,pu1_0.card_id,pu1_0.player_id,pu1_0.unlocked_at from player_unlocks pu1_0 where pu1_0.player_id=?
Hibernate: select pu1_0.id,pu1_0.card_id,pu1_0.player_id,pu1_0.unlocked_at from player_unlocks pu1_0 where pu1_0.player_id=?
Hibernate: select pu1_0.id,pu1_0.card_id,pu1_0.player_id,pu1_0.unlocked_at from player_unlocks pu1_0 where pu1_0.player_id=?
Hibernate: select uc1_0.physical_uuid,uc1_0.card_id,uc1_0.claimed_at,uc1_0.history,uc1_0.owner_id,uc1_0.serial_number from unique_cards uc1_0 where uc1_0.owner_id=?
Hibernate: select uc1_0.physical_uuid,uc1_0.card_id,uc1_0.claimed_at,uc1_0.history,uc1_0.owner_id,uc1_0.serial_number from unique_cards uc1_0 where uc1_0.owner_id=?
Hibernate: select pu1_0.id,pu1_0.card_id,pu1_0.player_id,pu1_0.unlocked_at from player_unlocks pu1_0 where pu1_0.player_id=?
Hibernate: select uc1_0.physical_uuid,uc1_0.card_id,uc1_0.claimed_at,uc1_0.history,uc1_0.owner_id,uc1_0.serial_number from unique_cards uc1_0 where uc1_0.owner_id=?
Hibernate: select pu1_0.id,pu1_0.card_id,pu1_0.player_id,pu1_0.unlocked_at from player_unlocks pu1_0 where pu1_0.player_id=?
Hibernate: select pu1_0.id,pu1_0.card_id,pu1_0.player_id,pu1_0.unlocked_at from player_unlocks pu1_0 where pu1_0.player_id=?
Hibernate: select pu1_0.id,pu1_0.card_id,pu1_0.player_id,pu1_0.unlocked_at from player_unlocks pu1_0 where pu1_0.player_id=?
Hibernate: select pu1_0.id,pu1_0.card_id,pu1_0.player_id,pu1_0.unlocked_at from player_unlocks pu1_0 where pu1_0.player_id=?
Hibernate: select pu1_0.id,pu1_0.card_id,pu1_0.player_id,pu1_0.unlocked_at from player_unlocks pu1_0 where pu1_0.player_id=?
Hibernate: select pu1_0.id,pu1_0.card_id,pu1_0.player_id,pu1_0.unlocked_at from player_unlocks pu1_0 where pu1_0.player_id=?
Hibernate: select pu1_0.id,pu1_0.card_id,pu1_0.player_id,pu1_0.unlocked_at from player_unlocks pu1_0 where pu1_0.player_id=?
Hibernate: select pu1_0.id,pu1_0.card_id,pu1_0.player_id,pu1_0.unlocked_at from player_unlocks pu1_0 where pu1_0.player_id=?
Hibernate: select pu1_0.id,pu1_0.card_id,pu1_0.player_id,pu1_0.unlocked_at from player_unlocks pu1_0 where pu1_0.player_id=?
Hibernate: select pu1_0.id,pu1_0.card_id,pu1_0.player_id,pu1_0.unlocked_at from player_unlocks pu1_0 where pu1_0.player_id=?
Hibernate: select pu1_0.id,pu1_0.card_id,pu1_0.player_id,pu1_0.unlocked_at from player_unlocks pu1_0 where pu1_0.player_id=?
Hibernate: select pu1_0.id,pu1_0.card_id,pu1_0.player_id,pu1_0.unlocked_at from player_unlocks pu1_0 where pu1_0.player_id=?
Hibernate: select pu1_0.id,pu1_0.card_id,pu1_0.player_id,pu1_0.unlocked_at from player_unlocks pu1_0 where pu1_0.player_id=?
Hibernate: select pu1_0.id,pu1_0.card_id,pu1_0.player_id,pu1_0.unlocked_at from player_unlocks pu1_0 where pu1_0.player_id=?
Hibernate: select pu1_0.id,pu1_0.card_id,pu1_0.player_id,pu1_0.unlocked_at from player_unlocks pu1_0 where pu1_0.player_id=?
Hibernate: select p1_0.id,p1_0.avatar,p1_0.banned,p1_0.banned_at,p1_0.created,p1_0.degree_level,p1_0.display_name,p1_0.email,p1_0.experience,p1_0.last_login,p1_0.level,p1_0.password_hash,p1_0.role,p1_0.specialization,p1_0.student_id from players p1_0 where p1_0.email=?
Hibernate: select p1_0.id,p1_0.avatar,p1_0.banned,p1_0.banned_at,p1_0.created,p1_0.degree_level,p1_0.display_name,p1_0.email,p1_0.experience,p1_0.last_login,p1_0.level,p1_0.password_hash,p1_0.role,p1_0.specialization,p1_0.student_id from players p1_0 where p1_0.email=?
Hibernate: select p1_0.id,p1_0.avatar,p1_0.banned,p1_0.banned_at,p1_0.created,p1_0.degree_level,p1_0.display_name,p1_0.email,p1_0.experience,p1_0.last_login,p1_0.level,p1_0.password_hash,p1_0.role,p1_0.specialization,p1_0.student_id from players p1_0 where p1_0.email=?
Hibernate: select p1_0.id,p1_0.avatar,p1_0.banned,p1_0.banned_at,p1_0.created,p1_0.degree_level,p1_0.display_name,p1_0.email,p1_0.experience,p1_0.last_login,p1_0.level,p1_0.password_hash,p1_0.role,p1_0.specialization,p1_0.student_id from players p1_0 where p1_0.email=?
Hibernate: select p1_0.id,p1_0.avatar,p1_0.banned,p1_0.banned_at,p1_0.created,p1_0.degree_level,p1_0.display_name,p1_0.email,p1_0.experience,p1_0.last_login,p1_0.level,p1_0.password_hash,p1_0.role,p1_0.specialization,p1_0.student_id from players p1_0 where p1_0.email=?
Hibernate: select p1_0.id,p1_0.avatar,p1_0.banned,p1_0.banned_at,p1_0.created,p1_0.degree_level,p1_0.display_name,p1_0.email,p1_0.experience,p1_0.last_login,p1_0.level,p1_0.password_hash,p1_0.role,p1_0.specialization,p1_0.student_id from players p1_0 where p1_0.email=?
Hibernate: select p1_0.id,p1_0.avatar,p1_0.banned,p1_0.banned_at,p1_0.created,p1_0.degree_level,p1_0.display_name,p1_0.email,p1_0.experience,p1_0.last_login,p1_0.level,p1_0.password_hash,p1_0.role,p1_0.specialization,p1_0.student_id from players p1_0 where p1_0.email=?
Hibernate: select p1_0.id,p1_0.avatar,p1_0.banned,p1_0.banned_at,p1_0.created,p1_0.degree_level,p1_0.display_name,p1_0.email,p1_0.experience,p1_0.last_login,p1_0.level,p1_0.password_hash,p1_0.role,p1_0.specialization,p1_0.student_id from players p1_0 where p1_0.email=?
Hibernate: select p1_0.id,p1_0.avatar,p1_0.banned,p1_0.banned_at,p1_0.created,p1_0.degree_level,p1_0.display_name,p1_0.email,p1_0.experience,p1_0.last_login,p1_0.level,p1_0.password_hash,p1_0.role,p1_0.specialization,p1_0.student_id from players p1_0 where p1_0.email=?
Hibernate: select p1_0.id,p1_0.avatar,p1_0.banned,p1_0.banned_at,p1_0.created,p1_0.degree_level,p1_0.display_name,p1_0.email,p1_0.experience,p1_0.last_login,p1_0.level,p1_0.password_hash,p1_0.role,p1_0.specialization,p1_0.student_id from players p1_0 where p1_0.email=?
Hibernate: select p1_0.id,p1_0.avatar,p1_0.banned,p1_0.banned_at,p1_0.created,p1_0.degree_level,p1_0.display_name,p1_0.email,p1_0.experience,p1_0.last_login,p1_0.level,p1_0.password_hash,p1_0.role,p1_0.specialization,p1_0.student_id from players p1_0 where p1_0.email=?
Hibernate: select p1_0.id,p1_0.avatar,p1_0.banned,p1_0.banned_at,p1_0.created,p1_0.degree_level,p1_0.display_name,p1_0.email,p1_0.experience,p1_0.last_login,p1_0.level,p1_0.password_hash,p1_0.role,p1_0.specialization,p1_0.student_id from players p1_0 where p1_0.email=?
Hibernate: select p1_0.id,p1_0.avatar,p1_0.banned,p1_0.banned_at,p1_0.created,p1_0.degree_level,p1_0.display_name,p1_0.email,p1_0.experience,p1_0.last_login,p1_0.level,p1_0.password_hash,p1_0.role,p1_0.specialization,p1_0.student_id from players p1_0 where p1_0.email=?
Hibernate: select p1_0.id,p1_0.avatar,p1_0.banned,p1_0.banned_at,p1_0.created,p1_0.degree_level,p1_0.display_name,p1_0.email,p1_0.experience,p1_0.last_login,p1_0.level,p1_0.password_hash,p1_0.role,p1_0.specialization,p1_0.student_id from players p1_0 where p1_0.email=?
Hibernate: select p1_0.id,p1_0.avatar,p1_0.banned,p1_0.banned_at,p1_0.created,p1_0.degree_level,p1_0.display_name,p1_0.email,p1_0.experience,p1_0.last_login,p1_0.level,p1_0.password_hash,p1_0.role,p1_0.specialization,p1_0.student_id from players p1_0 where p1_0.email=?
Hibernate: select p1_0.id,p1_0.avatar,p1_0.banned,p1_0.banned_at,p1_0.created,p1_0.degree_level,p1_0.display_name,p1_0.email,p1_0.experience,p1_0.last_login,p1_0.level,p1_0.password_hash,p1_0.role,p1_0.specialization,p1_0.student_id from players p1_0 where p1_0.email=?
Hibernate: select p1_0.id,p1_0.avatar,p1_0.banned,p1_0.banned_at,p1_0.created,p1_0.degree_level,p1_0.display_name,p1_0.email,p1_0.experience,p1_0.last_login,p1_0.level,p1_0.password_hash,p1_0.role,p1_0.specialization,p1_0.student_id from players p1_0 where p1_0.email=?
Hibernate: select p1_0.id,p1_0.avatar,p1_0.banned,p1_0.banned_at,p1_0.created,p1_0.degree_level,p1_0.display_name,p1_0.email,p1_0.experience,p1_0.last_login,p1_0.level,p1_0.password_hash,p1_0.role,p1_0.specialization,p1_0.student_id from players p1_0 where p1_0.email=?
Hibernate: select p1_0.id,p1_0.avatar,p1_0.banned,p1_0.banned_at,p1_0.created,p1_0.degree_level,p1_0.display_name,p1_0.email,p1_0.experience,p1_0.last_login,p1_0.level,p1_0.password_hash,p1_0.role,p1_0.specialization,p1_0.student_id from players p1_0 where p1_0.email=?
Hibernate: select p1_0.id,p1_0.avatar,p1_0.banned,p1_0.banned_at,p1_0.created,p1_0.degree_level,p1_0.display_name,p1_0.email,p1_0.experience,p1_0.last_login,p1_0.level,p1_0.password_hash,p1_0.role,p1_0.specialization,p1_0.student_id from players p1_0 where p1_0.email=?
Hibernate: select p1_0.id,p1_0.avatar,p1_0.banned,p1_0.banned_at,p1_0.created,p1_0.degree_level,p1_0.display_name,p1_0.email,p1_0.experience,p1_0.last_login,p1_0.level,p1_0.password_hash,p1_0.role,p1_0.specialization,p1_0.student_id from players p1_0 where p1_0.email=?
Hibernate: select p1_0.id,p1_0.avatar,p1_0.banned,p1_0.banned_at,p1_0.created,p1_0.degree_level,p1_0.display_name,p1_0.email,p1_0.experience,p1_0.last_login,p1_0.level,p1_0.password_hash,p1_0.role,p1_0.specialization,p1_0.student_id from players p1_0 where p1_0.email=?
Hibernate: select p1_0.id,p1_0.avatar,p1_0.banned,p1_0.banned_at,p1_0.created,p1_0.degree_level,p1_0.display_name,p1_0.email,p1_0.experience,p1_0.last_login,p1_0.level,p1_0.password_hash,p1_0.role,p1_0.specialization,p1_0.student_id from players p1_0 where p1_0.email=?
Hibernate: select p1_0.id,p1_0.avatar,p1_0.banned,p1_0.banned_at,p1_0.created,p1_0.degree_level,p1_0.display_name,p1_0.email,p1_0.experience,p1_0.last_login,p1_0.level,p1_0.password_hash,p1_0.role,p1_0.specialization,p1_0.student_id from players p1_0 where p1_0.email=?
Hibernate: select c1_0.id,c1_0.colors,c1_0.commander_eligible,c1_0.discoverable,c1_0.forge_name,c1_0.image_url,c1_0.mana_value,c1_0.oracle_id,c1_0.ownership_type,c1_0.rarity,c1_0.set_code,c1_0.spawn_region,c1_0.types,c1_0.weight from cards c1_0
Hibernate: select p1_0.id,p1_0.avatar,p1_0.banned,p1_0.banned_at,p1_0.created,p1_0.degree_level,p1_0.display_name,p1_0.email,p1_0.experience,p1_0.last_login,p1_0.level,p1_0.password_hash,p1_0.role,p1_0.specialization,p1_0.student_id from players p1_0 where p1_0.email=?
Hibernate: select p1_0.id,p1_0.avatar,p1_0.banned,p1_0.banned_at,p1_0.created,p1_0.degree_level,p1_0.display_name,p1_0.email,p1_0.experience,p1_0.last_login,p1_0.level,p1_0.password_hash,p1_0.role,p1_0.specialization,p1_0.student_id from players p1_0 where p1_0.id=?
Hibernate: select c1_0.id,c1_0.colors,c1_0.commander_eligible,c1_0.discoverable,c1_0.forge_name,c1_0.image_url,c1_0.mana_value,c1_0.oracle_id,c1_0.ownership_type,c1_0.rarity,c1_0.set_code,c1_0.spawn_region,c1_0.types,c1_0.weight from cards c1_0
Hibernate: select d1_0.id,d1_0.card_id,d1_0.count,d1_0.last_discovered,d1_0.player_id from discoveries d1_0 where d1_0.player_id=?
Hibernate: select f1_0.id,f1_0.card_id,f1_0.created_at,f1_0.player_id from favorites f1_0 where f1_0.player_id=?
Hibernate: select pu1_0.id,pu1_0.card_id,pu1_0.player_id,pu1_0.unlocked_at from player_unlocks pu1_0 where pu1_0.player_id=?
Hibernate: select pu1_0.id,pu1_0.card_id,pu1_0.player_id,pu1_0.unlocked_at from player_unlocks pu1_0 where pu1_0.player_id=?
Hibernate: select pu1_0.id,pu1_0.card_id,pu1_0.player_id,pu1_0.unlocked_at from player_unlocks pu1_0 where pu1_0.player_id=?
Hibernate: select pu1_0.id,pu1_0.card_id,pu1_0.player_id,pu1_0.unlocked_at from player_unlocks pu1_0 where pu1_0.player_id=?
Hibernate: select pu1_0.id,pu1_0.card_id,pu1_0.player_id,pu1_0.unlocked_at from player_unlocks pu1_0 where pu1_0.player_id=?
Hibernate: select pu1_0.id,pu1_0.card_id,pu1_0.player_id,pu1_0.unlocked_at from player_unlocks pu1_0 where pu1_0.player_id=?
Hibernate: select pu1_0.id,pu1_0.card_id,pu1_0.player_id,pu1_0.unlocked_at from player_unlocks pu1_0 where pu1_0.player_id=?
Hibernate: select uc1_0.physical_uuid,uc1_0.card_id,uc1_0.claimed_at,uc1_0.history,uc1_0.owner_id,uc1_0.serial_number from unique_cards uc1_0 where uc1_0.owner_id=?
Hibernate: select uc1_0.physical_uuid,uc1_0.card_id,uc1_0.claimed_at,uc1_0.history,uc1_0.owner_id,uc1_0.serial_number from unique_cards uc1_0 where uc1_0.owner_id=?
Hibernate: select pu1_0.id,pu1_0.card_id,pu1_0.player_id,pu1_0.unlocked_at from player_unlocks pu1_0 where pu1_0.player_id=?
Hibernate: select uc1_0.physical_uuid,uc1_0.card_id,uc1_0.claimed_at,uc1_0.history,uc1_0.owner_id,uc1_0.serial_number from unique_cards uc1_0 where uc1_0.owner_id=?
Hibernate: select pu1_0.id,pu1_0.card_id,pu1_0.player_id,pu1_0.unlocked_at from player_unlocks pu1_0 where pu1_0.player_id=?
Hibernate: select pu1_0.id,pu1_0.card_id,pu1_0.player_id,pu1_0.unlocked_at from player_unlocks pu1_0 where pu1_0.player_id=?
Hibernate: select pu1_0.id,pu1_0.card_id,pu1_0.player_id,pu1_0.unlocked_at from player_unlocks pu1_0 where pu1_0.player_id=?
Hibernate: select pu1_0.id,pu1_0.card_id,pu1_0.player_id,pu1_0.unlocked_at from player_unlocks pu1_0 where pu1_0.player_id=?
Hibernate: select pu1_0.id,pu1_0.card_id,pu1_0.player_id,pu1_0.unlocked_at from player_unlocks pu1_0 where pu1_0.player_id=?
Hibernate: select pu1_0.id,pu1_0.card_id,pu1_0.player_id,pu1_0.unlocked_at from player_unlocks pu1_0 where pu1_0.player_id=?
Hibernate: select pu1_0.id,pu1_0.card_id,pu1_0.player_id,pu1_0.unlocked_at from player_unlocks pu1_0 where pu1_0.player_id=?
Hibernate: select pu1_0.id,pu1_0.card_id,pu1_0.player_id,pu1_0.unlocked_at from player_unlocks pu1_0 where pu1_0.player_id=?
Hibernate: select pu1_0.id,pu1_0.card_id,pu1_0.player_id,pu1_0.unlocked_at from player_unlocks pu1_0 where pu1_0.player_id=?
Hibernate: select pu1_0.id,pu1_0.card_id,pu1_0.player_id,pu1_0.unlocked_at from player_unlocks pu1_0 where pu1_0.player_id=?
Hibernate: select pu1_0.id,pu1_0.card_id,pu1_0.player_id,pu1_0.unlocked_at from player_unlocks pu1_0 where pu1_0.player_id=?
Hibernate: select pu1_0.id,pu1_0.card_id,pu1_0.player_id,pu1_0.unlocked_at from player_unlocks pu1_0 where pu1_0.player_id=?
Hibernate: select pu1_0.id,pu1_0.card_id,pu1_0.player_id,pu1_0.unlocked_at from player_unlocks pu1_0 where pu1_0.player_id=?
Hibernate: select pu1_0.id,pu1_0.card_id,pu1_0.player_id,pu1_0.unlocked_at from player_unlocks pu1_0 where pu1_0.player_id=?
Hibernate: select pu1_0.id,pu1_0.card_id,pu1_0.player_id,pu1_0.unlocked_at from player_unlocks pu1_0 where pu1_0.player_id=?
Hibernate: select p1_0.id,p1_0.avatar,p1_0.banned,p1_0.banned_at,p1_0.created,p1_0.degree_level,p1_0.display_name,p1_0.email,p1_0.experience,p1_0.last_login,p1_0.level,p1_0.password_hash,p1_0.role,p1_0.specialization,p1_0.student_id from players p1_0 where p1_0.email=?
Hibernate: select p1_0.id,p1_0.avatar,p1_0.banned,p1_0.banned_at,p1_0.created,p1_0.degree_level,p1_0.display_name,p1_0.email,p1_0.experience,p1_0.last_login,p1_0.level,p1_0.password_hash,p1_0.role,p1_0.specialization,p1_0.student_id from players p1_0 where p1_0.email=?
Hibernate: select p1_0.id,p1_0.avatar,p1_0.banned,p1_0.banned_at,p1_0.created,p1_0.degree_level,p1_0.display_name,p1_0.email,p1_0.experience,p1_0.last_login,p1_0.level,p1_0.password_hash,p1_0.role,p1_0.specialization,p1_0.student_id from players p1_0 where p1_0.email=?
Hibernate: select p1_0.id,p1_0.avatar,p1_0.banned,p1_0.banned_at,p1_0.created,p1_0.degree_level,p1_0.display_name,p1_0.email,p1_0.experience,p1_0.last_login,p1_0.level,p1_0.password_hash,p1_0.role,p1_0.specialization,p1_0.student_id from players p1_0 where p1_0.email=?
Hibernate: select p1_0.id,p1_0.avatar,p1_0.banned,p1_0.banned_at,p1_0.created,p1_0.degree_level,p1_0.display_name,p1_0.email,p1_0.experience,p1_0.last_login,p1_0.level,p1_0.password_hash,p1_0.role,p1_0.specialization,p1_0.student_id from players p1_0 where p1_0.email=?
Hibernate: select p1_0.id,p1_0.avatar,p1_0.banned,p1_0.banned_at,p1_0.created,p1_0.degree_level,p1_0.display_name,p1_0.email,p1_0.experience,p1_0.last_login,p1_0.level,p1_0.password_hash,p1_0.role,p1_0.specialization,p1_0.student_id from players p1_0 where p1_0.email=?
Hibernate: select p1_0.id,p1_0.avatar,p1_0.banned,p1_0.banned_at,p1_0.created,p1_0.degree_level,p1_0.display_name,p1_0.email,p1_0.experience,p1_0.last_login,p1_0.level,p1_0.password_hash,p1_0.role,p1_0.specialization,p1_0.student_id from players p1_0 where p1_0.email=?
Hibernate: select p1_0.id,p1_0.avatar,p1_0.banned,p1_0.banned_at,p1_0.created,p1_0.degree_level,p1_0.display_name,p1_0.email,p1_0.experience,p1_0.last_login,p1_0.level,p1_0.password_hash,p1_0.role,p1_0.specialization,p1_0.student_id from players p1_0 where p1_0.email=?
Hibernate: select p1_0.id,p1_0.avatar,p1_0.banned,p1_0.banned_at,p1_0.created,p1_0.degree_level,p1_0.display_name,p1_0.email,p1_0.experience,p1_0.last_login,p1_0.level,p1_0.password_hash,p1_0.role,p1_0.specialization,p1_0.student_id from players p1_0 where p1_0.email=?
Hibernate: select p1_0.id,p1_0.avatar,p1_0.banned,p1_0.banned_at,p1_0.created,p1_0.degree_level,p1_0.display_name,p1_0.email,p1_0.experience,p1_0.last_login,p1_0.level,p1_0.password_hash,p1_0.role,p1_0.specialization,p1_0.student_id from players p1_0 where p1_0.email=?
Hibernate: select p1_0.id,p1_0.avatar,p1_0.banned,p1_0.banned_at,p1_0.created,p1_0.degree_level,p1_0.display_name,p1_0.email,p1_0.experience,p1_0.last_login,p1_0.level,p1_0.password_hash,p1_0.role,p1_0.specialization,p1_0.student_id from players p1_0 where p1_0.email=?
Hibernate: select c1_0.id,c1_0.colors,c1_0.commander_eligible,c1_0.discoverable,c1_0.forge_name,c1_0.image_url,c1_0.mana_value,c1_0.oracle_id,c1_0.ownership_type,c1_0.rarity,c1_0.set_code,c1_0.spawn_region,c1_0.types,c1_0.weight from cards c1_0
Hibernate: select p1_0.id,p1_0.avatar,p1_0.banned,p1_0.banned_at,p1_0.created,p1_0.degree_level,p1_0.display_name,p1_0.email,p1_0.experience,p1_0.last_login,p1_0.level,p1_0.password_hash,p1_0.role,p1_0.specialization,p1_0.student_id from players p1_0 where p1_0.email=?
Hibernate: select p1_0.id,p1_0.avatar,p1_0.banned,p1_0.banned_at,p1_0.created,p1_0.degree_level,p1_0.display_name,p1_0.email,p1_0.experience,p1_0.last_login,p1_0.level,p1_0.password_hash,p1_0.role,p1_0.specialization,p1_0.student_id from players p1_0 where p1_0.id=?
Hibernate: select c1_0.id,c1_0.colors,c1_0.commander_eligible,c1_0.discoverable,c1_0.forge_name,c1_0.image_url,c1_0.mana_value,c1_0.oracle_id,c1_0.ownership_type,c1_0.rarity,c1_0.set_code,c1_0.spawn_region,c1_0.types,c1_0.weight from cards c1_0
Hibernate: select d1_0.id,d1_0.card_id,d1_0.count,d1_0.last_discovered,d1_0.player_id from discoveries d1_0 where d1_0.player_id=?
Hibernate: select f1_0.id,f1_0.card_id,f1_0.created_at,f1_0.player_id from favorites f1_0 where f1_0.player_id=?
Hibernate: select pu1_0.id,pu1_0.card_id,pu1_0.player_id,pu1_0.unlocked_at from player_unlocks pu1_0 where pu1_0.player_id=?
Hibernate: select pu1_0.id,pu1_0.card_id,pu1_0.player_id,pu1_0.unlocked_at from player_unlocks pu1_0 where pu1_0.player_id=?
Hibernate: select pu1_0.id,pu1_0.card_id,pu1_0.player_id,pu1_0.unlocked_at from player_unlocks pu1_0 where pu1_0.player_id=?
Hibernate: select pu1_0.id,pu1_0.card_id,pu1_0.player_id,pu1_0.unlocked_at from player_unlocks pu1_0 where pu1_0.player_id=?
Hibernate: select pu1_0.id,pu1_0.card_id,pu1_0.player_id,pu1_0.unlocked_at from player_unlocks pu1_0 where pu1_0.player_id=?
Hibernate: select pu1_0.id,pu1_0.card_id,pu1_0.player_id,pu1_0.unlocked_at from player_unlocks pu1_0 where pu1_0.player_id=?
Hibernate: select pu1_0.id,pu1_0.card_id,pu1_0.player_id,pu1_0.unlocked_at from player_unlocks pu1_0 where pu1_0.player_id=?
Hibernate: select uc1_0.physical_uuid,uc1_0.card_id,uc1_0.claimed_at,uc1_0.history,uc1_0.owner_id,uc1_0.serial_number from unique_cards uc1_0 where uc1_0.owner_id=?
Hibernate: select uc1_0.physical_uuid,uc1_0.card_id,uc1_0.claimed_at,uc1_0.history,uc1_0.owner_id,uc1_0.serial_number from unique_cards uc1_0 where uc1_0.owner_id=?
Hibernate: select pu1_0.id,pu1_0.card_id,pu1_0.player_id,pu1_0.unlocked_at from player_unlocks pu1_0 where pu1_0.player_id=?
Hibernate: select uc1_0.physical_uuid,uc1_0.card_id,uc1_0.claimed_at,uc1_0.history,uc1_0.owner_id,uc1_0.serial_number from unique_cards uc1_0 where uc1_0.owner_id=?
Hibernate: select pu1_0.id,pu1_0.card_id,pu1_0.player_id,pu1_0.unlocked_at from player_unlocks pu1_0 where pu1_0.player_id=?
Hibernate: select pu1_0.id,pu1_0.card_id,pu1_0.player_id,pu1_0.unlocked_at from player_unlocks pu1_0 where pu1_0.player_id=?
Hibernate: select pu1_0.id,pu1_0.card_id,pu1_0.player_id,pu1_0.unlocked_at from player_unlocks pu1_0 where pu1_0.player_id=?
Hibernate: select pu1_0.id,pu1_0.card_id,pu1_0.player_id,pu1_0.unlocked_at from player_unlocks pu1_0 where pu1_0.player_id=?
Hibernate: select pu1_0.id,pu1_0.card_id,pu1_0.player_id,pu1_0.unlocked_at from player_unlocks pu1_0 where pu1_0.player_id=?
Hibernate: select pu1_0.id,pu1_0.card_id,pu1_0.player_id,pu1_0.unlocked_at from player_unlocks pu1_0 where pu1_0.player_id=?
Hibernate: select pu1_0.id,pu1_0.card_id,pu1_0.player_id,pu1_0.unlocked_at from player_unlocks pu1_0 where pu1_0.player_id=?
Hibernate: select pu1_0.id,pu1_0.card_id,pu1_0.player_id,pu1_0.unlocked_at from player_unlocks pu1_0 where pu1_0.player_id=?
Hibernate: select pu1_0.id,pu1_0.card_id,pu1_0.player_id,pu1_0.unlocked_at from player_unlocks pu1_0 where pu1_0.player_id=?
Hibernate: select pu1_0.id,pu1_0.card_id,pu1_0.player_id,pu1_0.unlocked_at from player_unlocks pu1_0 where pu1_0.player_id=?
Hibernate: select pu1_0.id,pu1_0.card_id,pu1_0.player_id,pu1_0.unlocked_at from player_unlocks pu1_0 where pu1_0.player_id=?
Hibernate: select pu1_0.id,pu1_0.card_id,pu1_0.player_id,pu1_0.unlocked_at from player_unlocks pu1_0 where pu1_0.player_id=?
Hibernate: select pu1_0.id,pu1_0.card_id,pu1_0.player_id,pu1_0.unlocked_at from player_unlocks pu1_0 where pu1_0.player_id=?
Hibernate: select pu1_0.id,pu1_0.card_id,pu1_0.player_id,pu1_0.unlocked_at from player_unlocks pu1_0 where pu1_0.player_id=?
Hibernate: select pu1_0.id,pu1_0.card_id,pu1_0.player_id,pu1_0.unlocked_at from player_unlocks pu1_0 where pu1_0.player_id=?
Hibernate: select p1_0.id,p1_0.avatar,p1_0.banned,p1_0.banned_at,p1_0.created,p1_0.degree_level,p1_0.display_name,p1_0.email,p1_0.experience,p1_0.last_login,p1_0.level,p1_0.password_hash,p1_0.role,p1_0.specialization,p1_0.student_id from players p1_0 where p1_0.email=?
Hibernate: select p1_0.id,p1_0.avatar,p1_0.banned,p1_0.banned_at,p1_0.created,p1_0.degree_level,p1_0.display_name,p1_0.email,p1_0.experience,p1_0.last_login,p1_0.level,p1_0.password_hash,p1_0.role,p1_0.specialization,p1_0.student_id from players p1_0 where p1_0.email=?
Hibernate: select p1_0.id,p1_0.avatar,p1_0.banned,p1_0.banned_at,p1_0.created,p1_0.degree_level,p1_0.display_name,p1_0.email,p1_0.experience,p1_0.last_login,p1_0.level,p1_0.password_hash,p1_0.role,p1_0.specialization,p1_0.student_id from players p1_0 where p1_0.email=?
Hibernate: select p1_0.id,p1_0.avatar,p1_0.banned,p1_0.banned_at,p1_0.created,p1_0.degree_level,p1_0.display_name,p1_0.email,p1_0.experience,p1_0.last_login,p1_0.level,p1_0.password_hash,p1_0.role,p1_0.specialization,p1_0.student_id from players p1_0 where p1_0.email=?
Hibernate: select p1_0.id,p1_0.avatar,p1_0.banned,p1_0.banned_at,p1_0.created,p1_0.degree_level,p1_0.display_name,p1_0.email,p1_0.experience,p1_0.last_login,p1_0.level,p1_0.password_hash,p1_0.role,p1_0.specialization,p1_0.student_id from players p1_0 where p1_0.email=?
Hibernate: select p1_0.id,p1_0.avatar,p1_0.banned,p1_0.banned_at,p1_0.created,p1_0.degree_level,p1_0.display_name,p1_0.email,p1_0.experience,p1_0.last_login,p1_0.level,p1_0.password_hash,p1_0.role,p1_0.specialization,p1_0.student_id from players p1_0 where p1_0.email=?
Hibernate: select p1_0.id,p1_0.avatar,p1_0.banned,p1_0.banned_at,p1_0.created,p1_0.degree_level,p1_0.display_name,p1_0.email,p1_0.experience,p1_0.last_login,p1_0.level,p1_0.password_hash,p1_0.role,p1_0.specialization,p1_0.student_id from players p1_0 where p1_0.email=?
Hibernate: select p1_0.id,p1_0.avatar,p1_0.banned,p1_0.banned_at,p1_0.created,p1_0.degree_level,p1_0.display_name,p1_0.email,p1_0.experience,p1_0.last_login,p1_0.level,p1_0.password_hash,p1_0.role,p1_0.specialization,p1_0.student_id from players p1_0 where p1_0.email=?
Hibernate: select p1_0.id,p1_0.avatar,p1_0.banned,p1_0.banned_at,p1_0.created,p1_0.degree_level,p1_0.display_name,p1_0.email,p1_0.experience,p1_0.last_login,p1_0.level,p1_0.password_hash,p1_0.role,p1_0.specialization,p1_0.student_id from players p1_0 where p1_0.email=?
Hibernate: select p1_0.id,p1_0.avatar,p1_0.banned,p1_0.banned_at,p1_0.created,p1_0.degree_level,p1_0.display_name,p1_0.email,p1_0.experience,p1_0.last_login,p1_0.level,p1_0.password_hash,p1_0.role,p1_0.specialization,p1_0.student_id from players p1_0 where p1_0.email=?
Hibernate: select p1_0.id,p1_0.avatar,p1_0.banned,p1_0.banned_at,p1_0.created,p1_0.degree_level,p1_0.display_name,p1_0.email,p1_0.experience,p1_0.last_login,p1_0.level,p1_0.password_hash,p1_0.role,p1_0.specialization,p1_0.student_id from players p1_0 where p1_0.email=?
Hibernate: select p1_0.id,p1_0.avatar,p1_0.banned,p1_0.banned_at,p1_0.created,p1_0.degree_level,p1_0.display_name,p1_0.email,p1_0.experience,p1_0.last_login,p1_0.level,p1_0.password_hash,p1_0.role,p1_0.specialization,p1_0.student_id from players p1_0 where p1_0.email=?
Hibernate: select p1_0.id,p1_0.avatar,p1_0.banned,p1_0.banned_at,p1_0.created,p1_0.degree_level,p1_0.display_name,p1_0.email,p1_0.experience,p1_0.last_login,p1_0.level,p1_0.password_hash,p1_0.role,p1_0.specialization,p1_0.student_id from players p1_0 where p1_0.email=?
Hibernate: select p1_0.id,p1_0.avatar,p1_0.banned,p1_0.banned_at,p1_0.created,p1_0.degree_level,p1_0.display_name,p1_0.email,p1_0.experience,p1_0.last_login,p1_0.level,p1_0.password_hash,p1_0.role,p1_0.specialization,p1_0.student_id from players p1_0 where p1_0.email=?
Hibernate: select p1_0.id,p1_0.avatar,p1_0.banned,p1_0.banned_at,p1_0.created,p1_0.degree_level,p1_0.display_name,p1_0.email,p1_0.experience,p1_0.last_login,p1_0.level,p1_0.password_hash,p1_0.role,p1_0.specialization,p1_0.student_id from players p1_0 where p1_0.email=?
Hibernate: select p1_0.id,p1_0.avatar,p1_0.banned,p1_0.banned_at,p1_0.created,p1_0.degree_level,p1_0.display_name,p1_0.email,p1_0.experience,p1_0.last_login,p1_0.level,p1_0.password_hash,p1_0.role,p1_0.specialization,p1_0.student_id from players p1_0 where p1_0.email=?
Hibernate: select p1_0.id,p1_0.avatar,p1_0.banned,p1_0.banned_at,p1_0.created,p1_0.degree_level,p1_0.display_name,p1_0.email,p1_0.experience,p1_0.last_login,p1_0.level,p1_0.password_hash,p1_0.role,p1_0.specialization,p1_0.student_id from players p1_0 where p1_0.email=?
Hibernate: select p1_0.id,p1_0.avatar,p1_0.banned,p1_0.banned_at,p1_0.created,p1_0.degree_level,p1_0.display_name,p1_0.email,p1_0.experience,p1_0.last_login,p1_0.level,p1_0.password_hash,p1_0.role,p1_0.specialization,p1_0.student_id from players p1_0 where p1_0.email=?
Hibernate: select p1_0.id,p1_0.avatar,p1_0.banned,p1_0.banned_at,p1_0.created,p1_0.degree_level,p1_0.display_name,p1_0.email,p1_0.experience,p1_0.last_login,p1_0.level,p1_0.password_hash,p1_0.role,p1_0.specialization,p1_0.student_id from players p1_0 where p1_0.email=?
Hibernate: select p1_0.id,p1_0.avatar,p1_0.banned,p1_0.banned_at,p1_0.created,p1_0.degree_level,p1_0.display_name,p1_0.email,p1_0.experience,p1_0.last_login,p1_0.level,p1_0.password_hash,p1_0.role,p1_0.specialization,p1_0.student_id from players p1_0 where p1_0.email=?
Hibernate: select p1_0.id,p1_0.avatar,p1_0.banned,p1_0.banned_at,p1_0.created,p1_0.degree_level,p1_0.display_name,p1_0.email,p1_0.experience,p1_0.last_login,p1_0.level,p1_0.password_hash,p1_0.role,p1_0.specialization,p1_0.student_id from players p1_0 where p1_0.email=?
Hibernate: select p1_0.id,p1_0.avatar,p1_0.banned,p1_0.banned_at,p1_0.created,p1_0.degree_level,p1_0.display_name,p1_0.email,p1_0.experience,p1_0.last_login,p1_0.level,p1_0.password_hash,p1_0.role,p1_0.specialization,p1_0.student_id from players p1_0 where p1_0.email=?
Hibernate: select p1_0.id,p1_0.avatar,p1_0.banned,p1_0.banned_at,p1_0.created,p1_0.degree_level,p1_0.display_name,p1_0.email,p1_0.experience,p1_0.last_login,p1_0.level,p1_0.password_hash,p1_0.role,p1_0.specialization,p1_0.student_id from players p1_0 where p1_0.email=?
Hibernate: select p1_0.id,p1_0.avatar,p1_0.banned,p1_0.banned_at,p1_0.created,p1_0.degree_level,p1_0.display_name,p1_0.email,p1_0.experience,p1_0.last_login,p1_0.level,p1_0.password_hash,p1_0.role,p1_0.specialization,p1_0.student_id from players p1_0 where p1_0.email=?
Hibernate: select p1_0.id,p1_0.avatar,p1_0.banned,p1_0.banned_at,p1_0.created,p1_0.degree_level,p1_0.display_name,p1_0.email,p1_0.experience,p1_0.last_login,p1_0.level,p1_0.password_hash,p1_0.role,p1_0.specialization,p1_0.student_id from players p1_0 where p1_0.email=?
Hibernate: select p1_0.id,p1_0.avatar,p1_0.banned,p1_0.banned_at,p1_0.created,p1_0.degree_level,p1_0.display_name,p1_0.email,p1_0.experience,p1_0.last_login,p1_0.level,p1_0.password_hash,p1_0.role,p1_0.specialization,p1_0.student_id from players p1_0 where p1_0.email=?
Hibernate: select p1_0.id,p1_0.avatar,p1_0.banned,p1_0.banned_at,p1_0.created,p1_0.degree_level,p1_0.display_name,p1_0.email,p1_0.experience,p1_0.last_login,p1_0.level,p1_0.password_hash,p1_0.role,p1_0.specialization,p1_0.student_id from players p1_0 where p1_0.email=?
Hibernate: select p1_0.id,p1_0.avatar,p1_0.banned,p1_0.banned_at,p1_0.created,p1_0.degree_level,p1_0.display_name,p1_0.email,p1_0.experience,p1_0.last_login,p1_0.level,p1_0.password_hash,p1_0.role,p1_0.specialization,p1_0.student_id from players p1_0 where p1_0.email=?
Hibernate: select p1_0.id,p1_0.avatar,p1_0.banned,p1_0.banned_at,p1_0.created,p1_0.degree_level,p1_0.display_name,p1_0.email,p1_0.experience,p1_0.last_login,p1_0.level,p1_0.password_hash,p1_0.role,p1_0.specialization,p1_0.student_id from players p1_0 where p1_0.email=?
Hibernate: select p1_0.id,p1_0.avatar,p1_0.banned,p1_0.banned_at,p1_0.created,p1_0.degree_level,p1_0.display_name,p1_0.email,p1_0.experience,p1_0.last_login,p1_0.level,p1_0.password_hash,p1_0.role,p1_0.specialization,p1_0.student_id from players p1_0 where p1_0.email=?
Hibernate: select p1_0.id,p1_0.avatar,p1_0.banned,p1_0.banned_at,p1_0.created,p1_0.degree_level,p1_0.display_name,p1_0.email,p1_0.experience,p1_0.last_login,p1_0.level,p1_0.password_hash,p1_0.role,p1_0.specialization,p1_0.student_id from players p1_0 where p1_0.email=?
Hibernate: select p1_0.id,p1_0.avatar,p1_0.banned,p1_0.banned_at,p1_0.created,p1_0.degree_level,p1_0.display_name,p1_0.email,p1_0.experience,p1_0.last_login,p1_0.level,p1_0.password_hash,p1_0.role,p1_0.specialization,p1_0.student_id from players p1_0 where p1_0.email=?
Hibernate: select p1_0.id,p1_0.avatar,p1_0.banned,p1_0.banned_at,p1_0.created,p1_0.degree_level,p1_0.display_name,p1_0.email,p1_0.experience,p1_0.last_login,p1_0.level,p1_0.password_hash,p1_0.role,p1_0.specialization,p1_0.student_id from players p1_0 where p1_0.email=?
Hibernate: select p1_0.id,p1_0.avatar,p1_0.banned,p1_0.banned_at,p1_0.created,p1_0.degree_level,p1_0.display_name,p1_0.email,p1_0.experience,p1_0.last_login,p1_0.level,p1_0.password_hash,p1_0.role,p1_0.specialization,p1_0.student_id from players p1_0 where p1_0.email=?
Hibernate: select p1_0.id,p1_0.avatar,p1_0.banned,p1_0.banned_at,p1_0.created,p1_0.degree_level,p1_0.display_name,p1_0.email,p1_0.experience,p1_0.last_login,p1_0.level,p1_0.password_hash,p1_0.role,p1_0.specialization,p1_0.student_id from players p1_0 where p1_0.email=?
Hibernate: select p1_0.id,p1_0.avatar,p1_0.banned,p1_0.banned_at,p1_0.created,p1_0.degree_level,p1_0.display_name,p1_0.email,p1_0.experience,p1_0.last_login,p1_0.level,p1_0.password_hash,p1_0.role,p1_0.specialization,p1_0.student_id from players p1_0 where p1_0.email=?
Hibernate: select p1_0.id,p1_0.avatar,p1_0.banned,p1_0.banned_at,p1_0.created,p1_0.degree_level,p1_0.display_name,p1_0.email,p1_0.experience,p1_0.last_login,p1_0.level,p1_0.password_hash,p1_0.role,p1_0.specialization,p1_0.student_id from players p1_0 where p1_0.email=?
Hibernate: select p1_0.id,p1_0.avatar,p1_0.banned,p1_0.banned_at,p1_0.created,p1_0.degree_level,p1_0.display_name,p1_0.email,p1_0.experience,p1_0.last_login,p1_0.level,p1_0.password_hash,p1_0.role,p1_0.specialization,p1_0.student_id from players p1_0 where p1_0.email=?
Hibernate: select p1_0.id,p1_0.avatar,p1_0.banned,p1_0.banned_at,p1_0.created,p1_0.degree_level,p1_0.display_name,p1_0.email,p1_0.experience,p1_0.last_login,p1_0.level,p1_0.password_hash,p1_0.role,p1_0.specialization,p1_0.student_id from players p1_0 where p1_0.email=?
Hibernate: select p1_0.id,p1_0.avatar,p1_0.banned,p1_0.banned_at,p1_0.created,p1_0.degree_level,p1_0.display_name,p1_0.email,p1_0.experience,p1_0.last_login,p1_0.level,p1_0.password_hash,p1_0.role,p1_0.specialization,p1_0.student_id from players p1_0 where p1_0.email=?
Hibernate: select p1_0.id,p1_0.avatar,p1_0.banned,p1_0.banned_at,p1_0.created,p1_0.degree_level,p1_0.display_name,p1_0.email,p1_0.experience,p1_0.last_login,p1_0.level,p1_0.password_hash,p1_0.role,p1_0.specialization,p1_0.student_id from players p1_0 where p1_0.email=?
Hibernate: select p1_0.id,p1_0.avatar,p1_0.banned,p1_0.banned_at,p1_0.created,p1_0.degree_level,p1_0.display_name,p1_0.email,p1_0.experience,p1_0.last_login,p1_0.level,p1_0.password_hash,p1_0.role,p1_0.specialization,p1_0.student_id from players p1_0 where p1_0.email=?
Hibernate: select p1_0.id,p1_0.avatar,p1_0.banned,p1_0.banned_at,p1_0.created,p1_0.degree_level,p1_0.display_name,p1_0.email,p1_0.experience,p1_0.last_login,p1_0.level,p1_0.password_hash,p1_0.role,p1_0.specialization,p1_0.student_id from players p1_0 where p1_0.email=?
Hibernate: select p1_0.id,p1_0.avatar,p1_0.banned,p1_0.banned_at,p1_0.created,p1_0.degree_level,p1_0.display_name,p1_0.email,p1_0.experience,p1_0.last_login,p1_0.level,p1_0.password_hash,p1_0.role,p1_0.specialization,p1_0.student_id from players p1_0 where p1_0.email=?
Hibernate: select p1_0.id,p1_0.avatar,p1_0.banned,p1_0.banned_at,p1_0.created,p1_0.degree_level,p1_0.display_name,p1_0.email,p1_0.experience,p1_0.last_login,p1_0.level,p1_0.password_hash,p1_0.role,p1_0.specialization,p1_0.student_id from players p1_0 where p1_0.email=?
Hibernate: select p1_0.id,p1_0.avatar,p1_0.banned,p1_0.banned_at,p1_0.created,p1_0.degree_level,p1_0.display_name,p1_0.email,p1_0.experience,p1_0.last_login,p1_0.level,p1_0.password_hash,p1_0.role,p1_0.specialization,p1_0.student_id from players p1_0 where p1_0.email=?
Hibernate: select p1_0.id,p1_0.avatar,p1_0.banned,p1_0.banned_at,p1_0.created,p1_0.degree_level,p1_0.display_name,p1_0.email,p1_0.experience,p1_0.last_login,p1_0.level,p1_0.password_hash,p1_0.role,p1_0.specialization,p1_0.student_id from players p1_0 where p1_0.email=?
Hibernate: select p1_0.id,p1_0.avatar,p1_0.banned,p1_0.banned_at,p1_0.created,p1_0.degree_level,p1_0.display_name,p1_0.email,p1_0.experience,p1_0.last_login,p1_0.level,p1_0.password_hash,p1_0.role,p1_0.specialization,p1_0.student_id from players p1_0 where p1_0.email=?
Hibernate: select p1_0.id,p1_0.avatar,p1_0.banned,p1_0.banned_at,p1_0.created,p1_0.degree_level,p1_0.display_name,p1_0.email,p1_0.experience,p1_0.last_login,p1_0.level,p1_0.password_hash,p1_0.role,p1_0.specialization,p1_0.student_id from players p1_0 where p1_0.email=?
Hibernate: select p1_0.id,p1_0.avatar,p1_0.banned,p1_0.banned_at,p1_0.created,p1_0.degree_level,p1_0.display_name,p1_0.email,p1_0.experience,p1_0.last_login,p1_0.level,p1_0.password_hash,p1_0.role,p1_0.specialization,p1_0.student_id from players p1_0 where p1_0.email=?
Hibernate: select p1_0.id,p1_0.avatar,p1_0.banned,p1_0.banned_at,p1_0.created,p1_0.degree_level,p1_0.display_name,p1_0.email,p1_0.experience,p1_0.last_login,p1_0.level,p1_0.password_hash,p1_0.role,p1_0.specialization,p1_0.student_id from players p1_0 where p1_0.email=?
Hibernate: select p1_0.id,p1_0.avatar,p1_0.banned,p1_0.banned_at,p1_0.created,p1_0.degree_level,p1_0.display_name,p1_0.email,p1_0.experience,p1_0.last_login,p1_0.level,p1_0.password_hash,p1_0.role,p1_0.specialization,p1_0.student_id from players p1_0 where p1_0.email=?
Hibernate: select p1_0.id,p1_0.avatar,p1_0.banned,p1_0.banned_at,p1_0.created,p1_0.degree_level,p1_0.display_name,p1_0.email,p1_0.experience,p1_0.last_login,p1_0.level,p1_0.password_hash,p1_0.role,p1_0.specialization,p1_0.student_id from players p1_0 where p1_0.email=?
Hibernate: update players set avatar=?,banned=?,banned_at=?,created=?,degree_level=?,display_name=?,email=?,experience=?,last_login=?,level=?,password_hash=?,role=?,specialization=?,student_id=? where id=?
Hibernate: select p1_0.id,p1_0.avatar,p1_0.banned,p1_0.banned_at,p1_0.created,p1_0.degree_level,p1_0.display_name,p1_0.email,p1_0.experience,p1_0.last_login,p1_0.level,p1_0.password_hash,p1_0.role,p1_0.specialization,p1_0.student_id from players p1_0 where p1_0.email=?
Hibernate: select c1_0.id,c1_0.colors,c1_0.commander_eligible,c1_0.discoverable,c1_0.forge_name,c1_0.image_url,c1_0.mana_value,c1_0.oracle_id,c1_0.ownership_type,c1_0.rarity,c1_0.set_code,c1_0.spawn_region,c1_0.types,c1_0.weight from cards c1_0
Hibernate: select p1_0.id,p1_0.avatar,p1_0.banned,p1_0.banned_at,p1_0.created,p1_0.degree_level,p1_0.display_name,p1_0.email,p1_0.experience,p1_0.last_login,p1_0.level,p1_0.password_hash,p1_0.role,p1_0.specialization,p1_0.student_id from players p1_0 where p1_0.email=?
Hibernate: select p1_0.id,p1_0.avatar,p1_0.banned,p1_0.banned_at,p1_0.created,p1_0.degree_level,p1_0.display_name,p1_0.email,p1_0.experience,p1_0.last_login,p1_0.level,p1_0.password_hash,p1_0.role,p1_0.specialization,p1_0.student_id from players p1_0 where p1_0.id=?
Hibernate: select c1_0.id,c1_0.colors,c1_0.commander_eligible,c1_0.discoverable,c1_0.forge_name,c1_0.image_url,c1_0.mana_value,c1_0.oracle_id,c1_0.ownership_type,c1_0.rarity,c1_0.set_code,c1_0.spawn_region,c1_0.types,c1_0.weight from cards c1_0
Hibernate: select d1_0.id,d1_0.card_id,d1_0.count,d1_0.last_discovered,d1_0.player_id from discoveries d1_0 where d1_0.player_id=?
Hibernate: select f1_0.id,f1_0.card_id,f1_0.created_at,f1_0.player_id from favorites f1_0 where f1_0.player_id=?
Hibernate: select pu1_0.id,pu1_0.card_id,pu1_0.player_id,pu1_0.unlocked_at from player_unlocks pu1_0 where pu1_0.player_id=?
Hibernate: select pu1_0.id,pu1_0.card_id,pu1_0.player_id,pu1_0.unlocked_at from player_unlocks pu1_0 where pu1_0.player_id=?
Hibernate: select pu1_0.id,pu1_0.card_id,pu1_0.player_id,pu1_0.unlocked_at from player_unlocks pu1_0 where pu1_0.player_id=?
Hibernate: select pu1_0.id,pu1_0.card_id,pu1_0.player_id,pu1_0.unlocked_at from player_unlocks pu1_0 where pu1_0.player_id=?
Hibernate: select pu1_0.id,pu1_0.card_id,pu1_0.player_id,pu1_0.unlocked_at from player_unlocks pu1_0 where pu1_0.player_id=?
Hibernate: select pu1_0.id,pu1_0.card_id,pu1_0.player_id,pu1_0.unlocked_at from player_unlocks pu1_0 where pu1_0.player_id=?
Hibernate: select pu1_0.id,pu1_0.card_id,pu1_0.player_id,pu1_0.unlocked_at from player_unlocks pu1_0 where pu1_0.player_id=?
Hibernate: select uc1_0.physical_uuid,uc1_0.card_id,uc1_0.claimed_at,uc1_0.history,uc1_0.owner_id,uc1_0.serial_number from unique_cards uc1_0 where uc1_0.owner_id=?
Hibernate: select uc1_0.physical_uuid,uc1_0.card_id,uc1_0.claimed_at,uc1_0.history,uc1_0.owner_id,uc1_0.serial_number from unique_cards uc1_0 where uc1_0.owner_id=?
Hibernate: select pu1_0.id,pu1_0.card_id,pu1_0.player_id,pu1_0.unlocked_at from player_unlocks pu1_0 where pu1_0.player_id=?
Hibernate: select uc1_0.physical_uuid,uc1_0.card_id,uc1_0.claimed_at,uc1_0.history,uc1_0.owner_id,uc1_0.serial_number from unique_cards uc1_0 where uc1_0.owner_id=?
Hibernate: select pu1_0.id,pu1_0.card_id,pu1_0.player_id,pu1_0.unlocked_at from player_unlocks pu1_0 where pu1_0.player_id=?
Hibernate: select pu1_0.id,pu1_0.card_id,pu1_0.player_id,pu1_0.unlocked_at from player_unlocks pu1_0 where pu1_0.player_id=?
Hibernate: select pu1_0.id,pu1_0.card_id,pu1_0.player_id,pu1_0.unlocked_at from player_unlocks pu1_0 where pu1_0.player_id=?
Hibernate: select pu1_0.id,pu1_0.card_id,pu1_0.player_id,pu1_0.unlocked_at from player_unlocks pu1_0 where pu1_0.player_id=?
Hibernate: select pu1_0.id,pu1_0.card_id,pu1_0.player_id,pu1_0.unlocked_at from player_unlocks pu1_0 where pu1_0.player_id=?
Hibernate: select pu1_0.id,pu1_0.card_id,pu1_0.player_id,pu1_0.unlocked_at from player_unlocks pu1_0 where pu1_0.player_id=?
Hibernate: select pu1_0.id,pu1_0.card_id,pu1_0.player_id,pu1_0.unlocked_at from player_unlocks pu1_0 where pu1_0.player_id=?
Hibernate: select pu1_0.id,pu1_0.card_id,pu1_0.player_id,pu1_0.unlocked_at from player_unlocks pu1_0 where pu1_0.player_id=?
Hibernate: select pu1_0.id,pu1_0.card_id,pu1_0.player_id,pu1_0.unlocked_at from player_unlocks pu1_0 where pu1_0.player_id=?
Hibernate: select pu1_0.id,pu1_0.card_id,pu1_0.player_id,pu1_0.unlocked_at from player_unlocks pu1_0 where pu1_0.player_id=?
Hibernate: select pu1_0.id,pu1_0.card_id,pu1_0.player_id,pu1_0.unlocked_at from player_unlocks pu1_0 where pu1_0.player_id=?
Hibernate: select pu1_0.id,pu1_0.card_id,pu1_0.player_id,pu1_0.unlocked_at from player_unlocks pu1_0 where pu1_0.player_id=?
Hibernate: select pu1_0.id,pu1_0.card_id,pu1_0.player_id,pu1_0.unlocked_at from player_unlocks pu1_0 where pu1_0.player_id=?
Hibernate: select pu1_0.id,pu1_0.card_id,pu1_0.player_id,pu1_0.unlocked_at from player_unlocks pu1_0 where pu1_0.player_id=?
Hibernate: select pu1_0.id,pu1_0.card_id,pu1_0.player_id,pu1_0.unlocked_at from player_unlocks pu1_0 where pu1_0.player_id=?
Hibernate: select p1_0.id,p1_0.avatar,p1_0.banned,p1_0.banned_at,p1_0.created,p1_0.degree_level,p1_0.display_name,p1_0.email,p1_0.experience,p1_0.last_login,p1_0.level,p1_0.password_hash,p1_0.role,p1_0.specialization,p1_0.student_id from players p1_0 where p1_0.email=?
Hibernate: select p1_0.id,p1_0.avatar,p1_0.banned,p1_0.banned_at,p1_0.created,p1_0.degree_level,p1_0.display_name,p1_0.email,p1_0.experience,p1_0.last_login,p1_0.level,p1_0.password_hash,p1_0.role,p1_0.specialization,p1_0.student_id from players p1_0 where p1_0.email=?
Hibernate: select p1_0.id,p1_0.avatar,p1_0.banned,p1_0.banned_at,p1_0.created,p1_0.degree_level,p1_0.display_name,p1_0.email,p1_0.experience,p1_0.last_login,p1_0.level,p1_0.password_hash,p1_0.role,p1_0.specialization,p1_0.student_id from players p1_0 where p1_0.email=?
Hibernate: select p1_0.id,p1_0.avatar,p1_0.banned,p1_0.banned_at,p1_0.created,p1_0.degree_level,p1_0.display_name,p1_0.email,p1_0.experience,p1_0.last_login,p1_0.level,p1_0.password_hash,p1_0.role,p1_0.specialization,p1_0.student_id from players p1_0 where p1_0.email=?
Hibernate: select p1_0.id,p1_0.avatar,p1_0.banned,p1_0.banned_at,p1_0.created,p1_0.degree_level,p1_0.display_name,p1_0.email,p1_0.experience,p1_0.last_login,p1_0.level,p1_0.password_hash,p1_0.role,p1_0.specialization,p1_0.student_id from players p1_0 where p1_0.email=?
Hibernate: select p1_0.id,p1_0.avatar,p1_0.banned,p1_0.banned_at,p1_0.created,p1_0.degree_level,p1_0.display_name,p1_0.email,p1_0.experience,p1_0.last_login,p1_0.level,p1_0.password_hash,p1_0.role,p1_0.specialization,p1_0.student_id from players p1_0 where p1_0.email=?
Hibernate: select p1_0.id,p1_0.avatar,p1_0.banned,p1_0.banned_at,p1_0.created,p1_0.degree_level,p1_0.display_name,p1_0.email,p1_0.experience,p1_0.last_login,p1_0.level,p1_0.password_hash,p1_0.role,p1_0.specialization,p1_0.student_id from players p1_0 where p1_0.email=?
Hibernate: select p1_0.id,p1_0.avatar,p1_0.banned,p1_0.banned_at,p1_0.created,p1_0.degree_level,p1_0.display_name,p1_0.email,p1_0.experience,p1_0.last_login,p1_0.level,p1_0.password_hash,p1_0.role,p1_0.specialization,p1_0.student_id from players p1_0 where p1_0.email=?
Hibernate: select p1_0.id,p1_0.avatar,p1_0.banned,p1_0.banned_at,p1_0.created,p1_0.degree_level,p1_0.display_name,p1_0.email,p1_0.experience,p1_0.last_login,p1_0.level,p1_0.password_hash,p1_0.role,p1_0.specialization,p1_0.student_id from players p1_0 where p1_0.email=?
Hibernate: select p1_0.id,p1_0.avatar,p1_0.banned,p1_0.banned_at,p1_0.created,p1_0.degree_level,p1_0.display_name,p1_0.email,p1_0.experience,p1_0.last_login,p1_0.level,p1_0.password_hash,p1_0.role,p1_0.specialization,p1_0.student_id from players p1_0 where p1_0.email=?
Hibernate: select p1_0.id,p1_0.avatar,p1_0.banned,p1_0.banned_at,p1_0.created,p1_0.degree_level,p1_0.display_name,p1_0.email,p1_0.experience,p1_0.last_login,p1_0.level,p1_0.password_hash,p1_0.role,p1_0.specialization,p1_0.student_id from players p1_0 where p1_0.email=?
Hibernate: select p1_0.id,p1_0.avatar,p1_0.banned,p1_0.banned_at,p1_0.created,p1_0.degree_level,p1_0.display_name,p1_0.email,p1_0.experience,p1_0.last_login,p1_0.level,p1_0.password_hash,p1_0.role,p1_0.specialization,p1_0.student_id from players p1_0 where p1_0.email=?
Hibernate: select p1_0.id,p1_0.avatar,p1_0.banned,p1_0.banned_at,p1_0.created,p1_0.degree_level,p1_0.display_name,p1_0.email,p1_0.experience,p1_0.last_login,p1_0.level,p1_0.password_hash,p1_0.role,p1_0.specialization,p1_0.student_id from players p1_0 where p1_0.email=?
Hibernate: select p1_0.id,p1_0.avatar,p1_0.banned,p1_0.banned_at,p1_0.created,p1_0.degree_level,p1_0.display_name,p1_0.email,p1_0.experience,p1_0.last_login,p1_0.level,p1_0.password_hash,p1_0.role,p1_0.specialization,p1_0.student_id from players p1_0 where p1_0.email=?
Hibernate: select p1_0.id,p1_0.avatar,p1_0.banned,p1_0.banned_at,p1_0.created,p1_0.degree_level,p1_0.display_name,p1_0.email,p1_0.experience,p1_0.last_login,p1_0.level,p1_0.password_hash,p1_0.role,p1_0.specialization,p1_0.student_id from players p1_0 where p1_0.email=?
Hibernate: select p1_0.id,p1_0.avatar,p1_0.banned,p1_0.banned_at,p1_0.created,p1_0.degree_level,p1_0.display_name,p1_0.email,p1_0.experience,p1_0.last_login,p1_0.level,p1_0.password_hash,p1_0.role,p1_0.specialization,p1_0.student_id from players p1_0 where p1_0.email=?
Hibernate: select p1_0.id,p1_0.avatar,p1_0.banned,p1_0.banned_at,p1_0.created,p1_0.degree_level,p1_0.display_name,p1_0.email,p1_0.experience,p1_0.last_login,p1_0.level,p1_0.password_hash,p1_0.role,p1_0.specialization,p1_0.student_id from players p1_0 where p1_0.email=?
Hibernate: select p1_0.id,p1_0.avatar,p1_0.banned,p1_0.banned_at,p1_0.created,p1_0.degree_level,p1_0.display_name,p1_0.email,p1_0.experience,p1_0.last_login,p1_0.level,p1_0.password_hash,p1_0.role,p1_0.specialization,p1_0.student_id from players p1_0 where p1_0.email=?
Hibernate: select p1_0.id,p1_0.avatar,p1_0.banned,p1_0.banned_at,p1_0.created,p1_0.degree_level,p1_0.display_name,p1_0.email,p1_0.experience,p1_0.last_login,p1_0.level,p1_0.password_hash,p1_0.role,p1_0.specialization,p1_0.student_id from players p1_0 where p1_0.email=?
Hibernate: select p1_0.id,p1_0.avatar,p1_0.banned,p1_0.banned_at,p1_0.created,p1_0.degree_level,p1_0.display_name,p1_0.email,p1_0.experience,p1_0.last_login,p1_0.level,p1_0.password_hash,p1_0.role,p1_0.specialization,p1_0.student_id from players p1_0 where p1_0.email=?
Hibernate: select p1_0.id,p1_0.avatar,p1_0.banned,p1_0.banned_at,p1_0.created,p1_0.degree_level,p1_0.display_name,p1_0.email,p1_0.experience,p1_0.last_login,p1_0.level,p1_0.password_hash,p1_0.role,p1_0.specialization,p1_0.student_id from players p1_0 where p1_0.email=?
Hibernate: select p1_0.id,p1_0.avatar,p1_0.banned,p1_0.banned_at,p1_0.created,p1_0.degree_level,p1_0.display_name,p1_0.email,p1_0.experience,p1_0.last_login,p1_0.level,p1_0.password_hash,p1_0.role,p1_0.specialization,p1_0.student_id from players p1_0 where p1_0.email=?
Hibernate: select p1_0.id,p1_0.avatar,p1_0.banned,p1_0.banned_at,p1_0.created,p1_0.degree_level,p1_0.display_name,p1_0.email,p1_0.experience,p1_0.last_login,p1_0.level,p1_0.password_hash,p1_0.role,p1_0.specialization,p1_0.student_id from players p1_0 where p1_0.email=?
Hibernate: select p1_0.id,p1_0.avatar,p1_0.banned,p1_0.banned_at,p1_0.created,p1_0.degree_level,p1_0.display_name,p1_0.email,p1_0.experience,p1_0.last_login,p1_0.level,p1_0.password_hash,p1_0.role,p1_0.specialization,p1_0.student_id from players p1_0 where p1_0.email=?
Hibernate: select p1_0.id,p1_0.avatar,p1_0.banned,p1_0.banned_at,p1_0.created,p1_0.degree_level,p1_0.display_name,p1_0.email,p1_0.experience,p1_0.last_login,p1_0.level,p1_0.password_hash,p1_0.role,p1_0.specialization,p1_0.student_id from players p1_0 where p1_0.email=?
Hibernate: select p1_0.id,p1_0.avatar,p1_0.banned,p1_0.banned_at,p1_0.created,p1_0.degree_level,p1_0.display_name,p1_0.email,p1_0.experience,p1_0.last_login,p1_0.level,p1_0.password_hash,p1_0.role,p1_0.specialization,p1_0.student_id from players p1_0 where p1_0.email=?
Hibernate: select p1_0.id,p1_0.avatar,p1_0.banned,p1_0.banned_at,p1_0.created,p1_0.degree_level,p1_0.display_name,p1_0.email,p1_0.experience,p1_0.last_login,p1_0.level,p1_0.password_hash,p1_0.role,p1_0.specialization,p1_0.student_id from players p1_0 where p1_0.email=?
Hibernate: select p1_0.id,p1_0.avatar,p1_0.banned,p1_0.banned_at,p1_0.created,p1_0.degree_level,p1_0.display_name,p1_0.email,p1_0.experience,p1_0.last_login,p1_0.level,p1_0.password_hash,p1_0.role,p1_0.specialization,p1_0.student_id from players p1_0 where p1_0.email=?
Hibernate: select p1_0.id,p1_0.avatar,p1_0.banned,p1_0.banned_at,p1_0.created,p1_0.degree_level,p1_0.display_name,p1_0.email,p1_0.experience,p1_0.last_login,p1_0.level,p1_0.password_hash,p1_0.role,p1_0.specialization,p1_0.student_id from players p1_0 where p1_0.email=?
Hibernate: select p1_0.id,p1_0.avatar,p1_0.banned,p1_0.banned_at,p1_0.created,p1_0.degree_level,p1_0.display_name,p1_0.email,p1_0.experience,p1_0.last_login,p1_0.level,p1_0.password_hash,p1_0.role,p1_0.specialization,p1_0.student_id from players p1_0 where p1_0.email=?
Hibernate: select p1_0.id,p1_0.avatar,p1_0.banned,p1_0.banned_at,p1_0.created,p1_0.degree_level,p1_0.display_name,p1_0.email,p1_0.experience,p1_0.last_login,p1_0.level,p1_0.password_hash,p1_0.role,p1_0.specialization,p1_0.student_id from players p1_0 where p1_0.email=?
Hibernate: select p1_0.id,p1_0.avatar,p1_0.banned,p1_0.banned_at,p1_0.created,p1_0.degree_level,p1_0.display_name,p1_0.email,p1_0.experience,p1_0.last_login,p1_0.level,p1_0.password_hash,p1_0.role,p1_0.specialization,p1_0.student_id from players p1_0 where p1_0.email=?
Hibernate: select p1_0.id,p1_0.avatar,p1_0.banned,p1_0.banned_at,p1_0.created,p1_0.degree_level,p1_0.display_name,p1_0.email,p1_0.experience,p1_0.last_login,p1_0.level,p1_0.password_hash,p1_0.role,p1_0.specialization,p1_0.student_id from players p1_0 where p1_0.email=?
Hibernate: select p1_0.id,p1_0.avatar,p1_0.banned,p1_0.banned_at,p1_0.created,p1_0.degree_level,p1_0.display_name,p1_0.email,p1_0.experience,p1_0.last_login,p1_0.level,p1_0.password_hash,p1_0.role,p1_0.specialization,p1_0.student_id from players p1_0 where p1_0.email=?
Hibernate: select p1_0.id,p1_0.avatar,p1_0.banned,p1_0.banned_at,p1_0.created,p1_0.degree_level,p1_0.display_name,p1_0.email,p1_0.experience,p1_0.last_login,p1_0.level,p1_0.password_hash,p1_0.role,p1_0.specialization,p1_0.student_id from players p1_0 where p1_0.email=?
Hibernate: select p1_0.id,p1_0.avatar,p1_0.banned,p1_0.banned_at,p1_0.created,p1_0.degree_level,p1_0.display_name,p1_0.email,p1_0.experience,p1_0.last_login,p1_0.level,p1_0.password_hash,p1_0.role,p1_0.specialization,p1_0.student_id from players p1_0 where p1_0.email=?
Hibernate: select p1_0.id,p1_0.avatar,p1_0.banned,p1_0.banned_at,p1_0.created,p1_0.degree_level,p1_0.display_name,p1_0.email,p1_0.experience,p1_0.last_login,p1_0.level,p1_0.password_hash,p1_0.role,p1_0.specialization,p1_0.student_id from players p1_0 where p1_0.email=?
Hibernate: select p1_0.id,p1_0.avatar,p1_0.banned,p1_0.banned_at,p1_0.created,p1_0.degree_level,p1_0.display_name,p1_0.email,p1_0.experience,p1_0.last_login,p1_0.level,p1_0.password_hash,p1_0.role,p1_0.specialization,p1_0.student_id from players p1_0 where p1_0.email=?
Hibernate: select p1_0.id,p1_0.avatar,p1_0.banned,p1_0.banned_at,p1_0.created,p1_0.degree_level,p1_0.display_name,p1_0.email,p1_0.experience,p1_0.last_login,p1_0.level,p1_0.password_hash,p1_0.role,p1_0.specialization,p1_0.student_id from players p1_0 where p1_0.email=?
Hibernate: select p1_0.id,p1_0.avatar,p1_0.banned,p1_0.banned_at,p1_0.created,p1_0.degree_level,p1_0.display_name,p1_0.email,p1_0.experience,p1_0.last_login,p1_0.level,p1_0.password_hash,p1_0.role,p1_0.specialization,p1_0.student_id from players p1_0 where p1_0.email=?
Hibernate: select p1_0.id,p1_0.avatar,p1_0.banned,p1_0.banned_at,p1_0.created,p1_0.degree_level,p1_0.display_name,p1_0.email,p1_0.experience,p1_0.last_login,p1_0.level,p1_0.password_hash,p1_0.role,p1_0.specialization,p1_0.student_id from players p1_0 where p1_0.email=?
Hibernate: select p1_0.id,p1_0.avatar,p1_0.banned,p1_0.banned_at,p1_0.created,p1_0.degree_level,p1_0.display_name,p1_0.email,p1_0.experience,p1_0.last_login,p1_0.level,p1_0.password_hash,p1_0.role,p1_0.specialization,p1_0.student_id from players p1_0 where p1_0.email=?
Hibernate: select p1_0.id,p1_0.avatar,p1_0.banned,p1_0.banned_at,p1_0.created,p1_0.degree_level,p1_0.display_name,p1_0.email,p1_0.experience,p1_0.last_login,p1_0.level,p1_0.password_hash,p1_0.role,p1_0.specialization,p1_0.student_id from players p1_0 where p1_0.email=?
Hibernate: select p1_0.id,p1_0.avatar,p1_0.banned,p1_0.banned_at,p1_0.created,p1_0.degree_level,p1_0.display_name,p1_0.email,p1_0.experience,p1_0.last_login,p1_0.level,p1_0.password_hash,p1_0.role,p1_0.specialization,p1_0.student_id from players p1_0 where p1_0.email=?
Hibernate: select p1_0.id,p1_0.avatar,p1_0.banned,p1_0.banned_at,p1_0.created,p1_0.degree_level,p1_0.display_name,p1_0.email,p1_0.experience,p1_0.last_login,p1_0.level,p1_0.password_hash,p1_0.role,p1_0.specialization,p1_0.student_id from players p1_0 where p1_0.email=?
Hibernate: select p1_0.id,p1_0.avatar,p1_0.banned,p1_0.banned_at,p1_0.created,p1_0.degree_level,p1_0.display_name,p1_0.email,p1_0.experience,p1_0.last_login,p1_0.level,p1_0.password_hash,p1_0.role,p1_0.specialization,p1_0.student_id from players p1_0 where p1_0.email=?
Hibernate: select p1_0.id,p1_0.avatar,p1_0.banned,p1_0.banned_at,p1_0.created,p1_0.degree_level,p1_0.display_name,p1_0.email,p1_0.experience,p1_0.last_login,p1_0.level,p1_0.password_hash,p1_0.role,p1_0.specialization,p1_0.student_id from players p1_0 where p1_0.email=?
Hibernate: select p1_0.id,p1_0.avatar,p1_0.banned,p1_0.banned_at,p1_0.created,p1_0.degree_level,p1_0.display_name,p1_0.email,p1_0.experience,p1_0.last_login,p1_0.level,p1_0.password_hash,p1_0.role,p1_0.specialization,p1_0.student_id from players p1_0 where p1_0.email=?
Hibernate: select p1_0.id,p1_0.avatar,p1_0.banned,p1_0.banned_at,p1_0.created,p1_0.degree_level,p1_0.display_name,p1_0.email,p1_0.experience,p1_0.last_login,p1_0.level,p1_0.password_hash,p1_0.role,p1_0.specialization,p1_0.student_id from players p1_0 where p1_0.email=?
Hibernate: select p1_0.id,p1_0.avatar,p1_0.banned,p1_0.banned_at,p1_0.created,p1_0.degree_level,p1_0.display_name,p1_0.email,p1_0.experience,p1_0.last_login,p1_0.level,p1_0.password_hash,p1_0.role,p1_0.specialization,p1_0.student_id from players p1_0 where p1_0.email=?
Hibernate: select p1_0.id,p1_0.avatar,p1_0.banned,p1_0.banned_at,p1_0.created,p1_0.degree_level,p1_0.display_name,p1_0.email,p1_0.experience,p1_0.last_login,p1_0.level,p1_0.password_hash,p1_0.role,p1_0.specialization,p1_0.student_id from players p1_0 where p1_0.email=?
Hibernate: select p1_0.id,p1_0.avatar,p1_0.banned,p1_0.banned_at,p1_0.created,p1_0.degree_level,p1_0.display_name,p1_0.email,p1_0.experience,p1_0.last_login,p1_0.level,p1_0.password_hash,p1_0.role,p1_0.specialization,p1_0.student_id from players p1_0 where p1_0.email=?
Hibernate: select p1_0.id,p1_0.avatar,p1_0.banned,p1_0.banned_at,p1_0.created,p1_0.degree_level,p1_0.display_name,p1_0.email,p1_0.experience,p1_0.last_login,p1_0.level,p1_0.password_hash,p1_0.role,p1_0.specialization,p1_0.student_id from players p1_0 where p1_0.email=?
Hibernate: select p1_0.id,p1_0.avatar,p1_0.banned,p1_0.banned_at,p1_0.created,p1_0.degree_level,p1_0.display_name,p1_0.email,p1_0.experience,p1_0.last_login,p1_0.level,p1_0.password_hash,p1_0.role,p1_0.specialization,p1_0.student_id from players p1_0 where p1_0.email=?
Hibernate: select p1_0.id,p1_0.avatar,p1_0.banned,p1_0.banned_at,p1_0.created,p1_0.degree_level,p1_0.display_name,p1_0.email,p1_0.experience,p1_0.last_login,p1_0.level,p1_0.password_hash,p1_0.role,p1_0.specialization,p1_0.student_id from players p1_0 where p1_0.email=?
Hibernate: select p1_0.id,p1_0.avatar,p1_0.banned,p1_0.banned_at,p1_0.created,p1_0.degree_level,p1_0.display_name,p1_0.email,p1_0.experience,p1_0.last_login,p1_0.level,p1_0.password_hash,p1_0.role,p1_0.specialization,p1_0.student_id from players p1_0 where p1_0.email=?
Hibernate: select p1_0.id,p1_0.avatar,p1_0.banned,p1_0.banned_at,p1_0.created,p1_0.degree_level,p1_0.display_name,p1_0.email,p1_0.experience,p1_0.last_login,p1_0.level,p1_0.password_hash,p1_0.role,p1_0.specialization,p1_0.student_id from players p1_0 where p1_0.email=?
Hibernate: select p1_0.id,p1_0.avatar,p1_0.banned,p1_0.banned_at,p1_0.created,p1_0.degree_level,p1_0.display_name,p1_0.email,p1_0.experience,p1_0.last_login,p1_0.level,p1_0.password_hash,p1_0.role,p1_0.specialization,p1_0.student_id from players p1_0 where p1_0.email=?
Hibernate: select p1_0.id,p1_0.avatar,p1_0.banned,p1_0.banned_at,p1_0.created,p1_0.degree_level,p1_0.display_name,p1_0.email,p1_0.experience,p1_0.last_login,p1_0.level,p1_0.password_hash,p1_0.role,p1_0.specialization,p1_0.student_id from players p1_0 where p1_0.email=?
Hibernate: select p1_0.id,p1_0.avatar,p1_0.banned,p1_0.banned_at,p1_0.created,p1_0.degree_level,p1_0.display_name,p1_0.email,p1_0.experience,p1_0.last_login,p1_0.level,p1_0.password_hash,p1_0.role,p1_0.specialization,p1_0.student_id from players p1_0 where p1_0.email=?
Hibernate: select p1_0.id,p1_0.avatar,p1_0.banned,p1_0.banned_at,p1_0.created,p1_0.degree_level,p1_0.display_name,p1_0.email,p1_0.experience,p1_0.last_login,p1_0.level,p1_0.password_hash,p1_0.role,p1_0.specialization,p1_0.student_id from players p1_0 where p1_0.email=?
Hibernate: select p1_0.id,p1_0.avatar,p1_0.banned,p1_0.banned_at,p1_0.created,p1_0.degree_level,p1_0.display_name,p1_0.email,p1_0.experience,p1_0.last_login,p1_0.level,p1_0.password_hash,p1_0.role,p1_0.specialization,p1_0.student_id from players p1_0 where p1_0.email=?
Hibernate: select p1_0.id,p1_0.avatar,p1_0.banned,p1_0.banned_at,p1_0.created,p1_0.degree_level,p1_0.display_name,p1_0.email,p1_0.experience,p1_0.last_login,p1_0.level,p1_0.password_hash,p1_0.role,p1_0.specialization,p1_0.student_id from players p1_0 where p1_0.email=?
Hibernate: select p1_0.id,p1_0.avatar,p1_0.banned,p1_0.banned_at,p1_0.created,p1_0.degree_level,p1_0.display_name,p1_0.email,p1_0.experience,p1_0.last_login,p1_0.level,p1_0.password_hash,p1_0.role,p1_0.specialization,p1_0.student_id from players p1_0 where p1_0.email=?
Hibernate: select p1_0.id,p1_0.avatar,p1_0.banned,p1_0.banned_at,p1_0.created,p1_0.degree_level,p1_0.display_name,p1_0.email,p1_0.experience,p1_0.last_login,p1_0.level,p1_0.password_hash,p1_0.role,p1_0.specialization,p1_0.student_id from players p1_0 where p1_0.email=?
Hibernate: select p1_0.id,p1_0.avatar,p1_0.banned,p1_0.banned_at,p1_0.created,p1_0.degree_level,p1_0.display_name,p1_0.email,p1_0.experience,p1_0.last_login,p1_0.level,p1_0.password_hash,p1_0.role,p1_0.specialization,p1_0.student_id from players p1_0 where p1_0.email=?
Hibernate: select p1_0.id,p1_0.avatar,p1_0.banned,p1_0.banned_at,p1_0.created,p1_0.degree_level,p1_0.display_name,p1_0.email,p1_0.experience,p1_0.last_login,p1_0.level,p1_0.password_hash,p1_0.role,p1_0.specialization,p1_0.student_id from players p1_0 where p1_0.email=?
Hibernate: select p1_0.id,p1_0.avatar,p1_0.banned,p1_0.banned_at,p1_0.created,p1_0.degree_level,p1_0.display_name,p1_0.email,p1_0.experience,p1_0.last_login,p1_0.level,p1_0.password_hash,p1_0.role,p1_0.specialization,p1_0.student_id from players p1_0 where p1_0.email=?
Hibernate: select p1_0.id,p1_0.avatar,p1_0.banned,p1_0.banned_at,p1_0.created,p1_0.degree_level,p1_0.display_name,p1_0.email,p1_0.experience,p1_0.last_login,p1_0.level,p1_0.password_hash,p1_0.role,p1_0.specialization,p1_0.student_id from players p1_0 where p1_0.email=?
Hibernate: select p1_0.id,p1_0.avatar,p1_0.banned,p1_0.banned_at,p1_0.created,p1_0.degree_level,p1_0.display_name,p1_0.email,p1_0.experience,p1_0.last_login,p1_0.level,p1_0.password_hash,p1_0.role,p1_0.specialization,p1_0.student_id from players p1_0 where p1_0.email=?
Hibernate: select p1_0.id,p1_0.avatar,p1_0.banned,p1_0.banned_at,p1_0.created,p1_0.degree_level,p1_0.display_name,p1_0.email,p1_0.experience,p1_0.last_login,p1_0.level,p1_0.password_hash,p1_0.role,p1_0.specialization,p1_0.student_id from players p1_0 where p1_0.email=?
Hibernate: select p1_0.id,p1_0.avatar,p1_0.banned,p1_0.banned_at,p1_0.created,p1_0.degree_level,p1_0.display_name,p1_0.email,p1_0.experience,p1_0.last_login,p1_0.level,p1_0.password_hash,p1_0.role,p1_0.specialization,p1_0.student_id from players p1_0 where p1_0.email=?
Hibernate: select p1_0.id,p1_0.avatar,p1_0.banned,p1_0.banned_at,p1_0.created,p1_0.degree_level,p1_0.display_name,p1_0.email,p1_0.experience,p1_0.last_login,p1_0.level,p1_0.password_hash,p1_0.role,p1_0.specialization,p1_0.student_id from players p1_0 where p1_0.email=?
Hibernate: select p1_0.id,p1_0.avatar,p1_0.banned,p1_0.banned_at,p1_0.created,p1_0.degree_level,p1_0.display_name,p1_0.email,p1_0.experience,p1_0.last_login,p1_0.level,p1_0.password_hash,p1_0.role,p1_0.specialization,p1_0.student_id from players p1_0 where p1_0.email=?
Hibernate: select p1_0.id,p1_0.avatar,p1_0.banned,p1_0.banned_at,p1_0.created,p1_0.degree_level,p1_0.display_name,p1_0.email,p1_0.experience,p1_0.last_login,p1_0.level,p1_0.password_hash,p1_0.role,p1_0.specialization,p1_0.student_id from players p1_0 where p1_0.email=?
Hibernate: select p1_0.id,p1_0.avatar,p1_0.banned,p1_0.banned_at,p1_0.created,p1_0.degree_level,p1_0.display_name,p1_0.email,p1_0.experience,p1_0.last_login,p1_0.level,p1_0.password_hash,p1_0.role,p1_0.specialization,p1_0.student_id from players p1_0 where p1_0.email=?
Hibernate: select p1_0.id,p1_0.avatar,p1_0.banned,p1_0.banned_at,p1_0.created,p1_0.degree_level,p1_0.display_name,p1_0.email,p1_0.experience,p1_0.last_login,p1_0.level,p1_0.password_hash,p1_0.role,p1_0.specialization,p1_0.student_id from players p1_0 where p1_0.email=?
Hibernate: select p1_0.id,p1_0.avatar,p1_0.banned,p1_0.banned_at,p1_0.created,p1_0.degree_level,p1_0.display_name,p1_0.email,p1_0.experience,p1_0.last_login,p1_0.level,p1_0.password_hash,p1_0.role,p1_0.specialization,p1_0.student_id from players p1_0 where p1_0.email=?
Hibernate: select p1_0.id,p1_0.avatar,p1_0.banned,p1_0.banned_at,p1_0.created,p1_0.degree_level,p1_0.display_name,p1_0.email,p1_0.experience,p1_0.last_login,p1_0.level,p1_0.password_hash,p1_0.role,p1_0.specialization,p1_0.student_id from players p1_0 where p1_0.email=?
Hibernate: select p1_0.id,p1_0.avatar,p1_0.banned,p1_0.banned_at,p1_0.created,p1_0.degree_level,p1_0.display_name,p1_0.email,p1_0.experience,p1_0.last_login,p1_0.level,p1_0.password_hash,p1_0.role,p1_0.specialization,p1_0.student_id from players p1_0 where p1_0.email=?
Hibernate: select p1_0.id,p1_0.avatar,p1_0.banned,p1_0.banned_at,p1_0.created,p1_0.degree_level,p1_0.display_name,p1_0.email,p1_0.experience,p1_0.last_login,p1_0.level,p1_0.password_hash,p1_0.role,p1_0.specialization,p1_0.student_id from players p1_0 where p1_0.email=?
Hibernate: select p1_0.id,p1_0.avatar,p1_0.banned,p1_0.banned_at,p1_0.created,p1_0.degree_level,p1_0.display_name,p1_0.email,p1_0.experience,p1_0.last_login,p1_0.level,p1_0.password_hash,p1_0.role,p1_0.specialization,p1_0.student_id from players p1_0 where p1_0.email=?
Hibernate: select p1_0.id,p1_0.avatar,p1_0.banned,p1_0.banned_at,p1_0.created,p1_0.degree_level,p1_0.display_name,p1_0.email,p1_0.experience,p1_0.last_login,p1_0.level,p1_0.password_hash,p1_0.role,p1_0.specialization,p1_0.student_id from players p1_0 where p1_0.email=?
Hibernate: select p1_0.id,p1_0.avatar,p1_0.banned,p1_0.banned_at,p1_0.created,p1_0.degree_level,p1_0.display_name,p1_0.email,p1_0.experience,p1_0.last_login,p1_0.level,p1_0.password_hash,p1_0.role,p1_0.specialization,p1_0.student_id from players p1_0 where p1_0.email=?
Hibernate: select p1_0.id,p1_0.avatar,p1_0.banned,p1_0.banned_at,p1_0.created,p1_0.degree_level,p1_0.display_name,p1_0.email,p1_0.experience,p1_0.last_login,p1_0.level,p1_0.password_hash,p1_0.role,p1_0.specialization,p1_0.student_id from players p1_0 where p1_0.email=?
Hibernate: select p1_0.id,p1_0.avatar,p1_0.banned,p1_0.banned_at,p1_0.created,p1_0.degree_level,p1_0.display_name,p1_0.email,p1_0.experience,p1_0.last_login,p1_0.level,p1_0.password_hash,p1_0.role,p1_0.specialization,p1_0.student_id from players p1_0 where p1_0.email=?
Hibernate: select p1_0.id,p1_0.avatar,p1_0.banned,p1_0.banned_at,p1_0.created,p1_0.degree_level,p1_0.display_name,p1_0.email,p1_0.experience,p1_0.last_login,p1_0.level,p1_0.password_hash,p1_0.role,p1_0.specialization,p1_0.student_id from players p1_0 where p1_0.email=?
Hibernate: select p1_0.id,p1_0.avatar,p1_0.banned,p1_0.banned_at,p1_0.created,p1_0.degree_level,p1_0.display_name,p1_0.email,p1_0.experience,p1_0.last_login,p1_0.level,p1_0.password_hash,p1_0.role,p1_0.specialization,p1_0.student_id from players p1_0 where p1_0.email=?
Hibernate: select p1_0.id,p1_0.avatar,p1_0.banned,p1_0.banned_at,p1_0.created,p1_0.degree_level,p1_0.display_name,p1_0.email,p1_0.experience,p1_0.last_login,p1_0.level,p1_0.password_hash,p1_0.role,p1_0.specialization,p1_0.student_id from players p1_0 where p1_0.email=?
Hibernate: select p1_0.id,p1_0.avatar,p1_0.banned,p1_0.banned_at,p1_0.created,p1_0.degree_level,p1_0.display_name,p1_0.email,p1_0.experience,p1_0.last_login,p1_0.level,p1_0.password_hash,p1_0.role,p1_0.specialization,p1_0.student_id from players p1_0 where p1_0.email=?
Hibernate: select m1_0.id,m1_0.battle_code,m1_0.created_at,m1_0.deck1_id,m1_0.deck2_id,m1_0.ended_at,m1_0.event_id,m1_0.player1_id,m1_0.player2_id,m1_0.status,m1_0.win_condition,m1_0.winner_id from matches m1_0 where m1_0.player1_id=? or m1_0.player2_id=?
Hibernate: select p1_0.id,p1_0.avatar,p1_0.banned,p1_0.banned_at,p1_0.created,p1_0.degree_level,p1_0.display_name,p1_0.email,p1_0.experience,p1_0.last_login,p1_0.level,p1_0.password_hash,p1_0.role,p1_0.specialization,p1_0.student_id from players p1_0 where p1_0.email=?
Hibernate: select p1_0.id,p1_0.avatar,p1_0.banned,p1_0.banned_at,p1_0.created,p1_0.degree_level,p1_0.display_name,p1_0.email,p1_0.experience,p1_0.last_login,p1_0.level,p1_0.password_hash,p1_0.role,p1_0.specialization,p1_0.student_id from players p1_0 where p1_0.email=?
Hibernate: select p1_0.id,p1_0.avatar,p1_0.banned,p1_0.banned_at,p1_0.created,p1_0.degree_level,p1_0.display_name,p1_0.email,p1_0.experience,p1_0.last_login,p1_0.level,p1_0.password_hash,p1_0.role,p1_0.specialization,p1_0.student_id from players p1_0 where p1_0.email=?
Hibernate: select p1_0.id,p1_0.avatar,p1_0.banned,p1_0.banned_at,p1_0.created,p1_0.degree_level,p1_0.display_name,p1_0.email,p1_0.experience,p1_0.last_login,p1_0.level,p1_0.password_hash,p1_0.role,p1_0.specialization,p1_0.student_id from players p1_0 where p1_0.email=?
Hibernate: select p1_0.id,p1_0.avatar,p1_0.banned,p1_0.banned_at,p1_0.created,p1_0.degree_level,p1_0.display_name,p1_0.email,p1_0.experience,p1_0.last_login,p1_0.level,p1_0.password_hash,p1_0.role,p1_0.specialization,p1_0.student_id from players p1_0 where p1_0.email=?
Hibernate: select p1_0.id,p1_0.avatar,p1_0.banned,p1_0.banned_at,p1_0.created,p1_0.degree_level,p1_0.display_name,p1_0.email,p1_0.experience,p1_0.last_login,p1_0.level,p1_0.password_hash,p1_0.role,p1_0.specialization,p1_0.student_id from players p1_0 where p1_0.email=?
Hibernate: select p1_0.id,p1_0.avatar,p1_0.banned,p1_0.banned_at,p1_0.created,p1_0.degree_level,p1_0.display_name,p1_0.email,p1_0.experience,p1_0.last_login,p1_0.level,p1_0.password_hash,p1_0.role,p1_0.specialization,p1_0.student_id from players p1_0 where p1_0.email=?
Hibernate: select p1_0.id,p1_0.avatar,p1_0.banned,p1_0.banned_at,p1_0.created,p1_0.degree_level,p1_0.display_name,p1_0.email,p1_0.experience,p1_0.last_login,p1_0.level,p1_0.password_hash,p1_0.role,p1_0.specialization,p1_0.student_id from players p1_0 where p1_0.email=?
Hibernate: select p1_0.id,p1_0.avatar,p1_0.banned,p1_0.banned_at,p1_0.created,p1_0.degree_level,p1_0.display_name,p1_0.email,p1_0.experience,p1_0.last_login,p1_0.level,p1_0.password_hash,p1_0.role,p1_0.specialization,p1_0.student_id from players p1_0 where p1_0.email=?
Hibernate: select p1_0.id,p1_0.avatar,p1_0.banned,p1_0.banned_at,p1_0.created,p1_0.degree_level,p1_0.display_name,p1_0.email,p1_0.experience,p1_0.last_login,p1_0.level,p1_0.password_hash,p1_0.role,p1_0.specialization,p1_0.student_id from players p1_0 where p1_0.email=?
Hibernate: select p1_0.id,p1_0.avatar,p1_0.banned,p1_0.banned_at,p1_0.created,p1_0.degree_level,p1_0.display_name,p1_0.email,p1_0.experience,p1_0.last_login,p1_0.level,p1_0.password_hash,p1_0.role,p1_0.specialization,p1_0.student_id from players p1_0 where p1_0.email=?
Hibernate: select p1_0.id,p1_0.avatar,p1_0.banned,p1_0.banned_at,p1_0.created,p1_0.degree_level,p1_0.display_name,p1_0.email,p1_0.experience,p1_0.last_login,p1_0.level,p1_0.password_hash,p1_0.role,p1_0.specialization,p1_0.student_id from players p1_0 where p1_0.email=?
Hibernate: select p1_0.id,p1_0.avatar,p1_0.banned,p1_0.banned_at,p1_0.created,p1_0.degree_level,p1_0.display_name,p1_0.email,p1_0.experience,p1_0.last_login,p1_0.level,p1_0.password_hash,p1_0.role,p1_0.specialization,p1_0.student_id from players p1_0 where p1_0.email=?
Hibernate: select p1_0.id,p1_0.avatar,p1_0.banned,p1_0.banned_at,p1_0.created,p1_0.degree_level,p1_0.display_name,p1_0.email,p1_0.experience,p1_0.last_login,p1_0.level,p1_0.password_hash,p1_0.role,p1_0.specialization,p1_0.student_id from players p1_0 where p1_0.email=?
Hibernate: select p1_0.id,p1_0.avatar,p1_0.banned,p1_0.banned_at,p1_0.created,p1_0.degree_level,p1_0.display_name,p1_0.email,p1_0.experience,p1_0.last_login,p1_0.level,p1_0.password_hash,p1_0.role,p1_0.specialization,p1_0.student_id from players p1_0 where p1_0.email=?
Hibernate: select p1_0.id,p1_0.avatar,p1_0.banned,p1_0.banned_at,p1_0.created,p1_0.degree_level,p1_0.display_name,p1_0.email,p1_0.experience,p1_0.last_login,p1_0.level,p1_0.password_hash,p1_0.role,p1_0.specialization,p1_0.student_id from players p1_0 where p1_0.email=?
Hibernate: select p1_0.id,p1_0.avatar,p1_0.banned,p1_0.banned_at,p1_0.created,p1_0.degree_level,p1_0.display_name,p1_0.email,p1_0.experience,p1_0.last_login,p1_0.level,p1_0.password_hash,p1_0.role,p1_0.specialization,p1_0.student_id from players p1_0 where p1_0.email=?
Hibernate: select p1_0.id,p1_0.avatar,p1_0.banned,p1_0.banned_at,p1_0.created,p1_0.degree_level,p1_0.display_name,p1_0.email,p1_0.experience,p1_0.last_login,p1_0.level,p1_0.password_hash,p1_0.role,p1_0.specialization,p1_0.student_id from players p1_0 where p1_0.email=?
Hibernate: select p1_0.id,p1_0.avatar,p1_0.banned,p1_0.banned_at,p1_0.created,p1_0.degree_level,p1_0.display_name,p1_0.email,p1_0.experience,p1_0.last_login,p1_0.level,p1_0.password_hash,p1_0.role,p1_0.specialization,p1_0.student_id from players p1_0 where p1_0.email=?
Hibernate: select p1_0.id,p1_0.avatar,p1_0.banned,p1_0.banned_at,p1_0.created,p1_0.degree_level,p1_0.display_name,p1_0.email,p1_0.experience,p1_0.last_login,p1_0.level,p1_0.password_hash,p1_0.role,p1_0.specialization,p1_0.student_id from players p1_0 where p1_0.email=?
Hibernate: select p1_0.id,p1_0.avatar,p1_0.banned,p1_0.banned_at,p1_0.created,p1_0.degree_level,p1_0.display_name,p1_0.email,p1_0.experience,p1_0.last_login,p1_0.level,p1_0.password_hash,p1_0.role,p1_0.specialization,p1_0.student_id from players p1_0 where p1_0.email=?
Hibernate: select p1_0.id,p1_0.avatar,p1_0.banned,p1_0.banned_at,p1_0.created,p1_0.degree_level,p1_0.display_name,p1_0.email,p1_0.experience,p1_0.last_login,p1_0.level,p1_0.password_hash,p1_0.role,p1_0.specialization,p1_0.student_id from players p1_0 where p1_0.email=?
Hibernate: select p1_0.id,p1_0.avatar,p1_0.banned,p1_0.banned_at,p1_0.created,p1_0.degree_level,p1_0.display_name,p1_0.email,p1_0.experience,p1_0.last_login,p1_0.level,p1_0.password_hash,p1_0.role,p1_0.specialization,p1_0.student_id from players p1_0 where p1_0.email=?
Hibernate: select p1_0.id,p1_0.avatar,p1_0.banned,p1_0.banned_at,p1_0.created,p1_0.degree_level,p1_0.display_name,p1_0.email,p1_0.experience,p1_0.last_login,p1_0.level,p1_0.password_hash,p1_0.role,p1_0.specialization,p1_0.student_id from players p1_0 where p1_0.email=?
Hibernate: select p1_0.id,p1_0.avatar,p1_0.banned,p1_0.banned_at,p1_0.created,p1_0.degree_level,p1_0.display_name,p1_0.email,p1_0.experience,p1_0.last_login,p1_0.level,p1_0.password_hash,p1_0.role,p1_0.specialization,p1_0.student_id from players p1_0 where p1_0.email=?
Hibernate: select p1_0.id,p1_0.avatar,p1_0.banned,p1_0.banned_at,p1_0.created,p1_0.degree_level,p1_0.display_name,p1_0.email,p1_0.experience,p1_0.last_login,p1_0.level,p1_0.password_hash,p1_0.role,p1_0.specialization,p1_0.student_id from players p1_0 where p1_0.email=?
Hibernate: select p1_0.id,p1_0.avatar,p1_0.banned,p1_0.banned_at,p1_0.created,p1_0.degree_level,p1_0.display_name,p1_0.email,p1_0.experience,p1_0.last_login,p1_0.level,p1_0.password_hash,p1_0.role,p1_0.specialization,p1_0.student_id from players p1_0 where p1_0.email=?
Hibernate: select p1_0.id,p1_0.avatar,p1_0.banned,p1_0.banned_at,p1_0.created,p1_0.degree_level,p1_0.display_name,p1_0.email,p1_0.experience,p1_0.last_login,p1_0.level,p1_0.password_hash,p1_0.role,p1_0.specialization,p1_0.student_id from players p1_0 where p1_0.email=?
Hibernate: select p1_0.id,p1_0.avatar,p1_0.banned,p1_0.banned_at,p1_0.created,p1_0.degree_level,p1_0.display_name,p1_0.email,p1_0.experience,p1_0.last_login,p1_0.level,p1_0.password_hash,p1_0.role,p1_0.specialization,p1_0.student_id from players p1_0 where p1_0.email=?
Hibernate: select p1_0.id,p1_0.avatar,p1_0.banned,p1_0.banned_at,p1_0.created,p1_0.degree_level,p1_0.display_name,p1_0.email,p1_0.experience,p1_0.last_login,p1_0.level,p1_0.password_hash,p1_0.role,p1_0.specialization,p1_0.student_id from players p1_0 where p1_0.email=?
Hibernate: select p1_0.id,p1_0.avatar,p1_0.banned,p1_0.banned_at,p1_0.created,p1_0.degree_level,p1_0.display_name,p1_0.email,p1_0.experience,p1_0.last_login,p1_0.level,p1_0.password_hash,p1_0.role,p1_0.specialization,p1_0.student_id from players p1_0 where p1_0.email=?
Hibernate: select p1_0.id,p1_0.avatar,p1_0.banned,p1_0.banned_at,p1_0.created,p1_0.degree_level,p1_0.display_name,p1_0.email,p1_0.experience,p1_0.last_login,p1_0.level,p1_0.password_hash,p1_0.role,p1_0.specialization,p1_0.student_id from players p1_0 where p1_0.email=?
Hibernate: select p1_0.id,p1_0.avatar,p1_0.banned,p1_0.banned_at,p1_0.created,p1_0.degree_level,p1_0.display_name,p1_0.email,p1_0.experience,p1_0.last_login,p1_0.level,p1_0.password_hash,p1_0.role,p1_0.specialization,p1_0.student_id from players p1_0 where p1_0.email=?
Hibernate: select p1_0.id,p1_0.avatar,p1_0.banned,p1_0.banned_at,p1_0.created,p1_0.degree_level,p1_0.display_name,p1_0.email,p1_0.experience,p1_0.last_login,p1_0.level,p1_0.password_hash,p1_0.role,p1_0.specialization,p1_0.student_id from players p1_0 where p1_0.email=?
Hibernate: select p1_0.id,p1_0.avatar,p1_0.banned,p1_0.banned_at,p1_0.created,p1_0.degree_level,p1_0.display_name,p1_0.email,p1_0.experience,p1_0.last_login,p1_0.level,p1_0.password_hash,p1_0.role,p1_0.specialization,p1_0.student_id from players p1_0 where p1_0.email=?
Hibernate: select p1_0.id,p1_0.avatar,p1_0.banned,p1_0.banned_at,p1_0.created,p1_0.degree_level,p1_0.display_name,p1_0.email,p1_0.experience,p1_0.last_login,p1_0.level,p1_0.password_hash,p1_0.role,p1_0.specialization,p1_0.student_id from players p1_0 where p1_0.email=?
Hibernate: select p1_0.id,p1_0.avatar,p1_0.banned,p1_0.banned_at,p1_0.created,p1_0.degree_level,p1_0.display_name,p1_0.email,p1_0.experience,p1_0.last_login,p1_0.level,p1_0.password_hash,p1_0.role,p1_0.specialization,p1_0.student_id from players p1_0 where p1_0.email=?
Hibernate: select p1_0.id,p1_0.avatar,p1_0.banned,p1_0.banned_at,p1_0.created,p1_0.degree_level,p1_0.display_name,p1_0.email,p1_0.experience,p1_0.last_login,p1_0.level,p1_0.password_hash,p1_0.role,p1_0.specialization,p1_0.student_id from players p1_0 where p1_0.email=?
Hibernate: select p1_0.id,p1_0.avatar,p1_0.banned,p1_0.banned_at,p1_0.created,p1_0.degree_level,p1_0.display_name,p1_0.email,p1_0.experience,p1_0.last_login,p1_0.level,p1_0.password_hash,p1_0.role,p1_0.specialization,p1_0.student_id from players p1_0 where p1_0.email=?
Hibernate: select p1_0.id,p1_0.avatar,p1_0.banned,p1_0.banned_at,p1_0.created,p1_0.degree_level,p1_0.display_name,p1_0.email,p1_0.experience,p1_0.last_login,p1_0.level,p1_0.password_hash,p1_0.role,p1_0.specialization,p1_0.student_id from players p1_0 where p1_0.email=?
Hibernate: select p1_0.id,p1_0.avatar,p1_0.banned,p1_0.banned_at,p1_0.created,p1_0.degree_level,p1_0.display_name,p1_0.email,p1_0.experience,p1_0.last_login,p1_0.level,p1_0.password_hash,p1_0.role,p1_0.specialization,p1_0.student_id from players p1_0 where p1_0.email=?
Hibernate: select p1_0.id,p1_0.avatar,p1_0.banned,p1_0.banned_at,p1_0.created,p1_0.degree_level,p1_0.display_name,p1_0.email,p1_0.experience,p1_0.last_login,p1_0.level,p1_0.password_hash,p1_0.role,p1_0.specialization,p1_0.student_id from players p1_0 where p1_0.email=?
Hibernate: select p1_0.id,p1_0.avatar,p1_0.banned,p1_0.banned_at,p1_0.created,p1_0.degree_level,p1_0.display_name,p1_0.email,p1_0.experience,p1_0.last_login,p1_0.level,p1_0.password_hash,p1_0.role,p1_0.specialization,p1_0.student_id from players p1_0 where p1_0.email=?
Hibernate: select p1_0.id,p1_0.avatar,p1_0.banned,p1_0.banned_at,p1_0.created,p1_0.degree_level,p1_0.display_name,p1_0.email,p1_0.experience,p1_0.last_login,p1_0.level,p1_0.password_hash,p1_0.role,p1_0.specialization,p1_0.student_id from players p1_0 where p1_0.email=?
Hibernate: select p1_0.id,p1_0.avatar,p1_0.banned,p1_0.banned_at,p1_0.created,p1_0.degree_level,p1_0.display_name,p1_0.email,p1_0.experience,p1_0.last_login,p1_0.level,p1_0.password_hash,p1_0.role,p1_0.specialization,p1_0.student_id from players p1_0 where p1_0.email=?
Hibernate: select p1_0.id,p1_0.avatar,p1_0.banned,p1_0.banned_at,p1_0.created,p1_0.degree_level,p1_0.display_name,p1_0.email,p1_0.experience,p1_0.last_login,p1_0.level,p1_0.password_hash,p1_0.role,p1_0.specialization,p1_0.student_id from players p1_0 where p1_0.email=?
Hibernate: select p1_0.id,p1_0.avatar,p1_0.banned,p1_0.banned_at,p1_0.created,p1_0.degree_level,p1_0.display_name,p1_0.email,p1_0.experience,p1_0.last_login,p1_0.level,p1_0.password_hash,p1_0.role,p1_0.specialization,p1_0.student_id from players p1_0 where p1_0.email=?
Hibernate: select p1_0.id,p1_0.avatar,p1_0.banned,p1_0.banned_at,p1_0.created,p1_0.degree_level,p1_0.display_name,p1_0.email,p1_0.experience,p1_0.last_login,p1_0.level,p1_0.password_hash,p1_0.role,p1_0.specialization,p1_0.student_id from players p1_0 where p1_0.email=?
Hibernate: select p1_0.id,p1_0.avatar,p1_0.banned,p1_0.banned_at,p1_0.created,p1_0.degree_level,p1_0.display_name,p1_0.email,p1_0.experience,p1_0.last_login,p1_0.level,p1_0.password_hash,p1_0.role,p1_0.specialization,p1_0.student_id from players p1_0 where p1_0.email=?
Hibernate: select p1_0.id,p1_0.avatar,p1_0.banned,p1_0.banned_at,p1_0.created,p1_0.degree_level,p1_0.display_name,p1_0.email,p1_0.experience,p1_0.last_login,p1_0.level,p1_0.password_hash,p1_0.role,p1_0.specialization,p1_0.student_id from players p1_0 where p1_0.email=?
Hibernate: select p1_0.id,p1_0.avatar,p1_0.banned,p1_0.banned_at,p1_0.created,p1_0.degree_level,p1_0.display_name,p1_0.email,p1_0.experience,p1_0.last_login,p1_0.level,p1_0.password_hash,p1_0.role,p1_0.specialization,p1_0.student_id from players p1_0 where p1_0.email=?
Hibernate: select p1_0.id,p1_0.avatar,p1_0.banned,p1_0.banned_at,p1_0.created,p1_0.degree_level,p1_0.display_name,p1_0.email,p1_0.experience,p1_0.last_login,p1_0.level,p1_0.password_hash,p1_0.role,p1_0.specialization,p1_0.student_id from players p1_0 where p1_0.email=?
Hibernate: select p1_0.id,p1_0.avatar,p1_0.banned,p1_0.banned_at,p1_0.created,p1_0.degree_level,p1_0.display_name,p1_0.email,p1_0.experience,p1_0.last_login,p1_0.level,p1_0.password_hash,p1_0.role,p1_0.specialization,p1_0.student_id from players p1_0 where p1_0.email=?
Hibernate: select p1_0.id,p1_0.avatar,p1_0.banned,p1_0.banned_at,p1_0.created,p1_0.degree_level,p1_0.display_name,p1_0.email,p1_0.experience,p1_0.last_login,p1_0.level,p1_0.password_hash,p1_0.role,p1_0.specialization,p1_0.student_id from players p1_0 where p1_0.email=?
Hibernate: select p1_0.id,p1_0.avatar,p1_0.banned,p1_0.banned_at,p1_0.created,p1_0.degree_level,p1_0.display_name,p1_0.email,p1_0.experience,p1_0.last_login,p1_0.level,p1_0.password_hash,p1_0.role,p1_0.specialization,p1_0.student_id from players p1_0 where p1_0.email=?
Hibernate: select p1_0.id,p1_0.avatar,p1_0.banned,p1_0.banned_at,p1_0.created,p1_0.degree_level,p1_0.display_name,p1_0.email,p1_0.experience,p1_0.last_login,p1_0.level,p1_0.password_hash,p1_0.role,p1_0.specialization,p1_0.student_id from players p1_0 where p1_0.email=?
Hibernate: select p1_0.id,p1_0.avatar,p1_0.banned,p1_0.banned_at,p1_0.created,p1_0.degree_level,p1_0.display_name,p1_0.email,p1_0.experience,p1_0.last_login,p1_0.level,p1_0.password_hash,p1_0.role,p1_0.specialization,p1_0.student_id from players p1_0 where p1_0.email=?
Hibernate: select p1_0.id,p1_0.avatar,p1_0.banned,p1_0.banned_at,p1_0.created,p1_0.degree_level,p1_0.display_name,p1_0.email,p1_0.experience,p1_0.last_login,p1_0.level,p1_0.password_hash,p1_0.role,p1_0.specialization,p1_0.student_id from players p1_0 where p1_0.email=?
Hibernate: select p1_0.id,p1_0.avatar,p1_0.banned,p1_0.banned_at,p1_0.created,p1_0.degree_level,p1_0.display_name,p1_0.email,p1_0.experience,p1_0.last_login,p1_0.level,p1_0.password_hash,p1_0.role,p1_0.specialization,p1_0.student_id from players p1_0 where p1_0.email=?
Hibernate: select p1_0.id,p1_0.avatar,p1_0.banned,p1_0.banned_at,p1_0.created,p1_0.degree_level,p1_0.display_name,p1_0.email,p1_0.experience,p1_0.last_login,p1_0.level,p1_0.password_hash,p1_0.role,p1_0.specialization,p1_0.student_id from players p1_0 where p1_0.email=?
Hibernate: select p1_0.id,p1_0.avatar,p1_0.banned,p1_0.banned_at,p1_0.created,p1_0.degree_level,p1_0.display_name,p1_0.email,p1_0.experience,p1_0.last_login,p1_0.level,p1_0.password_hash,p1_0.role,p1_0.specialization,p1_0.student_id from players p1_0 where p1_0.email=?
Hibernate: select p1_0.id,p1_0.avatar,p1_0.banned,p1_0.banned_at,p1_0.created,p1_0.degree_level,p1_0.display_name,p1_0.email,p1_0.experience,p1_0.last_login,p1_0.level,p1_0.password_hash,p1_0.role,p1_0.specialization,p1_0.student_id from players p1_0 where p1_0.email=?
Hibernate: select p1_0.id,p1_0.avatar,p1_0.banned,p1_0.banned_at,p1_0.created,p1_0.degree_level,p1_0.display_name,p1_0.email,p1_0.experience,p1_0.last_login,p1_0.level,p1_0.password_hash,p1_0.role,p1_0.specialization,p1_0.student_id from players p1_0 where p1_0.email=?
Hibernate: select p1_0.id,p1_0.avatar,p1_0.banned,p1_0.banned_at,p1_0.created,p1_0.degree_level,p1_0.display_name,p1_0.email,p1_0.experience,p1_0.last_login,p1_0.level,p1_0.password_hash,p1_0.role,p1_0.specialization,p1_0.student_id from players p1_0 where p1_0.email=?
Hibernate: select p1_0.id,p1_0.avatar,p1_0.banned,p1_0.banned_at,p1_0.created,p1_0.degree_level,p1_0.display_name,p1_0.email,p1_0.experience,p1_0.last_login,p1_0.level,p1_0.password_hash,p1_0.role,p1_0.specialization,p1_0.student_id from players p1_0 where p1_0.email=?
Hibernate: select p1_0.id,p1_0.avatar,p1_0.banned,p1_0.banned_at,p1_0.created,p1_0.degree_level,p1_0.display_name,p1_0.email,p1_0.experience,p1_0.last_login,p1_0.level,p1_0.password_hash,p1_0.role,p1_0.specialization,p1_0.student_id from players p1_0 where p1_0.email=?
Hibernate: select p1_0.id,p1_0.avatar,p1_0.banned,p1_0.banned_at,p1_0.created,p1_0.degree_level,p1_0.display_name,p1_0.email,p1_0.experience,p1_0.last_login,p1_0.level,p1_0.password_hash,p1_0.role,p1_0.specialization,p1_0.student_id from players p1_0 where p1_0.email=?
Hibernate: select p1_0.id,p1_0.avatar,p1_0.banned,p1_0.banned_at,p1_0.created,p1_0.degree_level,p1_0.display_name,p1_0.email,p1_0.experience,p1_0.last_login,p1_0.level,p1_0.password_hash,p1_0.role,p1_0.specialization,p1_0.student_id from players p1_0 where p1_0.email=?
Hibernate: select p1_0.id,p1_0.avatar,p1_0.banned,p1_0.banned_at,p1_0.created,p1_0.degree_level,p1_0.display_name,p1_0.email,p1_0.experience,p1_0.last_login,p1_0.level,p1_0.password_hash,p1_0.role,p1_0.specialization,p1_0.student_id from players p1_0 where p1_0.email=?
Hibernate: select p1_0.id,p1_0.avatar,p1_0.banned,p1_0.banned_at,p1_0.created,p1_0.degree_level,p1_0.display_name,p1_0.email,p1_0.experience,p1_0.last_login,p1_0.level,p1_0.password_hash,p1_0.role,p1_0.specialization,p1_0.student_id from players p1_0 where p1_0.email=?
Hibernate: select p1_0.id,p1_0.avatar,p1_0.banned,p1_0.banned_at,p1_0.created,p1_0.degree_level,p1_0.display_name,p1_0.email,p1_0.experience,p1_0.last_login,p1_0.level,p1_0.password_hash,p1_0.role,p1_0.specialization,p1_0.student_id from players p1_0 where p1_0.email=?
Hibernate: select p1_0.id,p1_0.avatar,p1_0.banned,p1_0.banned_at,p1_0.created,p1_0.degree_level,p1_0.display_name,p1_0.email,p1_0.experience,p1_0.last_login,p1_0.level,p1_0.password_hash,p1_0.role,p1_0.specialization,p1_0.student_id from players p1_0 where p1_0.email=?
Hibernate: select p1_0.id,p1_0.avatar,p1_0.banned,p1_0.banned_at,p1_0.created,p1_0.degree_level,p1_0.display_name,p1_0.email,p1_0.experience,p1_0.last_login,p1_0.level,p1_0.password_hash,p1_0.role,p1_0.specialization,p1_0.student_id from players p1_0 where p1_0.email=?
Hibernate: select p1_0.id,p1_0.avatar,p1_0.banned,p1_0.banned_at,p1_0.created,p1_0.degree_level,p1_0.display_name,p1_0.email,p1_0.experience,p1_0.last_login,p1_0.level,p1_0.password_hash,p1_0.role,p1_0.specialization,p1_0.student_id from players p1_0 where p1_0.email=?
Hibernate: select p1_0.id,p1_0.avatar,p1_0.banned,p1_0.banned_at,p1_0.created,p1_0.degree_level,p1_0.display_name,p1_0.email,p1_0.experience,p1_0.last_login,p1_0.level,p1_0.password_hash,p1_0.role,p1_0.specialization,p1_0.student_id from players p1_0 where p1_0.email=?
Hibernate: select p1_0.id,p1_0.avatar,p1_0.banned,p1_0.banned_at,p1_0.created,p1_0.degree_level,p1_0.display_name,p1_0.email,p1_0.experience,p1_0.last_login,p1_0.level,p1_0.password_hash,p1_0.role,p1_0.specialization,p1_0.student_id from players p1_0 where p1_0.email=?
Hibernate: select p1_0.id,p1_0.avatar,p1_0.banned,p1_0.banned_at,p1_0.created,p1_0.degree_level,p1_0.display_name,p1_0.email,p1_0.experience,p1_0.last_login,p1_0.level,p1_0.password_hash,p1_0.role,p1_0.specialization,p1_0.student_id from players p1_0 where p1_0.email=?
Hibernate: select p1_0.id,p1_0.avatar,p1_0.banned,p1_0.banned_at,p1_0.created,p1_0.degree_level,p1_0.display_name,p1_0.email,p1_0.experience,p1_0.last_login,p1_0.level,p1_0.password_hash,p1_0.role,p1_0.specialization,p1_0.student_id from players p1_0 where p1_0.email=?
Hibernate: select p1_0.id,p1_0.avatar,p1_0.banned,p1_0.banned_at,p1_0.created,p1_0.degree_level,p1_0.display_name,p1_0.email,p1_0.experience,p1_0.last_login,p1_0.level,p1_0.password_hash,p1_0.role,p1_0.specialization,p1_0.student_id from players p1_0 where p1_0.email=?
Hibernate: select p1_0.id,p1_0.avatar,p1_0.banned,p1_0.banned_at,p1_0.created,p1_0.degree_level,p1_0.display_name,p1_0.email,p1_0.experience,p1_0.last_login,p1_0.level,p1_0.password_hash,p1_0.role,p1_0.specialization,p1_0.student_id from players p1_0 where p1_0.email=?
Hibernate: select p1_0.id,p1_0.avatar,p1_0.banned,p1_0.banned_at,p1_0.created,p1_0.degree_level,p1_0.display_name,p1_0.email,p1_0.experience,p1_0.last_login,p1_0.level,p1_0.password_hash,p1_0.role,p1_0.specialization,p1_0.student_id from players p1_0 where p1_0.email=?
Hibernate: select p1_0.id,p1_0.avatar,p1_0.banned,p1_0.banned_at,p1_0.created,p1_0.degree_level,p1_0.display_name,p1_0.email,p1_0.experience,p1_0.last_login,p1_0.level,p1_0.password_hash,p1_0.role,p1_0.specialization,p1_0.student_id from players p1_0 where p1_0.email=?
Hibernate: select p1_0.id,p1_0.avatar,p1_0.banned,p1_0.banned_at,p1_0.created,p1_0.degree_level,p1_0.display_name,p1_0.email,p1_0.experience,p1_0.last_login,p1_0.level,p1_0.password_hash,p1_0.role,p1_0.specialization,p1_0.student_id from players p1_0 where p1_0.email=?
Hibernate: select p1_0.id,p1_0.avatar,p1_0.banned,p1_0.banned_at,p1_0.created,p1_0.degree_level,p1_0.display_name,p1_0.email,p1_0.experience,p1_0.last_login,p1_0.level,p1_0.password_hash,p1_0.role,p1_0.specialization,p1_0.student_id from players p1_0 where p1_0.email=?
Hibernate: select p1_0.id,p1_0.avatar,p1_0.banned,p1_0.banned_at,p1_0.created,p1_0.degree_level,p1_0.display_name,p1_0.email,p1_0.experience,p1_0.last_login,p1_0.level,p1_0.password_hash,p1_0.role,p1_0.specialization,p1_0.student_id from players p1_0 where p1_0.email=?
Hibernate: select p1_0.id,p1_0.avatar,p1_0.banned,p1_0.banned_at,p1_0.created,p1_0.degree_level,p1_0.display_name,p1_0.email,p1_0.experience,p1_0.last_login,p1_0.level,p1_0.password_hash,p1_0.role,p1_0.specialization,p1_0.student_id from players p1_0 where p1_0.email=?
Hibernate: select p1_0.id,p1_0.avatar,p1_0.banned,p1_0.banned_at,p1_0.created,p1_0.degree_level,p1_0.display_name,p1_0.email,p1_0.experience,p1_0.last_login,p1_0.level,p1_0.password_hash,p1_0.role,p1_0.specialization,p1_0.student_id from players p1_0 where p1_0.email=?
Hibernate: select p1_0.id,p1_0.avatar,p1_0.banned,p1_0.banned_at,p1_0.created,p1_0.degree_level,p1_0.display_name,p1_0.email,p1_0.experience,p1_0.last_login,p1_0.level,p1_0.password_hash,p1_0.role,p1_0.specialization,p1_0.student_id from players p1_0 where p1_0.email=?
Hibernate: select p1_0.id,p1_0.avatar,p1_0.banned,p1_0.banned_at,p1_0.created,p1_0.degree_level,p1_0.display_name,p1_0.email,p1_0.experience,p1_0.last_login,p1_0.level,p1_0.password_hash,p1_0.role,p1_0.specialization,p1_0.student_id from players p1_0 where p1_0.email=?
Hibernate: select p1_0.id,p1_0.avatar,p1_0.banned,p1_0.banned_at,p1_0.created,p1_0.degree_level,p1_0.display_name,p1_0.email,p1_0.experience,p1_0.last_login,p1_0.level,p1_0.password_hash,p1_0.role,p1_0.specialization,p1_0.student_id from players p1_0 where p1_0.email=?
Hibernate: select p1_0.id,p1_0.avatar,p1_0.banned,p1_0.banned_at,p1_0.created,p1_0.degree_level,p1_0.display_name,p1_0.email,p1_0.experience,p1_0.last_login,p1_0.level,p1_0.password_hash,p1_0.role,p1_0.specialization,p1_0.student_id from players p1_0 where p1_0.email=?
Hibernate: select p1_0.id,p1_0.avatar,p1_0.banned,p1_0.banned_at,p1_0.created,p1_0.degree_level,p1_0.display_name,p1_0.email,p1_0.experience,p1_0.last_login,p1_0.level,p1_0.password_hash,p1_0.role,p1_0.specialization,p1_0.student_id from players p1_0 where p1_0.email=?
Hibernate: select p1_0.id,p1_0.avatar,p1_0.banned,p1_0.banned_at,p1_0.created,p1_0.degree_level,p1_0.display_name,p1_0.email,p1_0.experience,p1_0.last_login,p1_0.level,p1_0.password_hash,p1_0.role,p1_0.specialization,p1_0.student_id from players p1_0 where p1_0.email=?
Hibernate: select p1_0.id,p1_0.avatar,p1_0.banned,p1_0.banned_at,p1_0.created,p1_0.degree_level,p1_0.display_name,p1_0.email,p1_0.experience,p1_0.last_login,p1_0.level,p1_0.password_hash,p1_0.role,p1_0.specialization,p1_0.student_id from players p1_0 where p1_0.email=?
Hibernate: select p1_0.id,p1_0.avatar,p1_0.banned,p1_0.banned_at,p1_0.created,p1_0.degree_level,p1_0.display_name,p1_0.email,p1_0.experience,p1_0.last_login,p1_0.level,p1_0.password_hash,p1_0.role,p1_0.specialization,p1_0.student_id from players p1_0 where p1_0.email=?
Hibernate: select p1_0.id,p1_0.avatar,p1_0.banned,p1_0.banned_at,p1_0.created,p1_0.degree_level,p1_0.display_name,p1_0.email,p1_0.experience,p1_0.last_login,p1_0.level,p1_0.password_hash,p1_0.role,p1_0.specialization,p1_0.student_id from players p1_0 where p1_0.email=?
Hibernate: select p1_0.id,p1_0.avatar,p1_0.banned,p1_0.banned_at,p1_0.created,p1_0.degree_level,p1_0.display_name,p1_0.email,p1_0.experience,p1_0.last_login,p1_0.level,p1_0.password_hash,p1_0.role,p1_0.specialization,p1_0.student_id from players p1_0 where p1_0.email=?
Hibernate: select p1_0.id,p1_0.avatar,p1_0.banned,p1_0.banned_at,p1_0.created,p1_0.degree_level,p1_0.display_name,p1_0.email,p1_0.experience,p1_0.last_login,p1_0.level,p1_0.password_hash,p1_0.role,p1_0.specialization,p1_0.student_id from players p1_0 where p1_0.email=?
Hibernate: select p1_0.id,p1_0.avatar,p1_0.banned,p1_0.banned_at,p1_0.created,p1_0.degree_level,p1_0.display_name,p1_0.email,p1_0.experience,p1_0.last_login,p1_0.level,p1_0.password_hash,p1_0.role,p1_0.specialization,p1_0.student_id from players p1_0 where p1_0.email=?
Hibernate: select p1_0.id,p1_0.avatar,p1_0.banned,p1_0.banned_at,p1_0.created,p1_0.degree_level,p1_0.display_name,p1_0.email,p1_0.experience,p1_0.last_login,p1_0.level,p1_0.password_hash,p1_0.role,p1_0.specialization,p1_0.student_id from players p1_0 where p1_0.email=?
Hibernate: select p1_0.id,p1_0.avatar,p1_0.banned,p1_0.banned_at,p1_0.created,p1_0.degree_level,p1_0.display_name,p1_0.email,p1_0.experience,p1_0.last_login,p1_0.level,p1_0.password_hash,p1_0.role,p1_0.specialization,p1_0.student_id from players p1_0 where p1_0.email=?
Hibernate: select p1_0.id,p1_0.avatar,p1_0.banned,p1_0.banned_at,p1_0.created,p1_0.degree_level,p1_0.display_name,p1_0.email,p1_0.experience,p1_0.last_login,p1_0.level,p1_0.password_hash,p1_0.role,p1_0.specialization,p1_0.student_id from players p1_0 where p1_0.email=?
Hibernate: select p1_0.id,p1_0.avatar,p1_0.banned,p1_0.banned_at,p1_0.created,p1_0.degree_level,p1_0.display_name,p1_0.email,p1_0.experience,p1_0.last_login,p1_0.level,p1_0.password_hash,p1_0.role,p1_0.specialization,p1_0.student_id from players p1_0 where p1_0.email=?
Hibernate: select p1_0.id,p1_0.avatar,p1_0.banned,p1_0.banned_at,p1_0.created,p1_0.degree_level,p1_0.display_name,p1_0.email,p1_0.experience,p1_0.last_login,p1_0.level,p1_0.password_hash,p1_0.role,p1_0.specialization,p1_0.student_id from players p1_0 where p1_0.email=?
Hibernate: select p1_0.id,p1_0.avatar,p1_0.banned,p1_0.banned_at,p1_0.created,p1_0.degree_level,p1_0.display_name,p1_0.email,p1_0.experience,p1_0.last_login,p1_0.level,p1_0.password_hash,p1_0.role,p1_0.specialization,p1_0.student_id from players p1_0 where p1_0.email=?
Hibernate: select p1_0.id,p1_0.avatar,p1_0.banned,p1_0.banned_at,p1_0.created,p1_0.degree_level,p1_0.display_name,p1_0.email,p1_0.experience,p1_0.last_login,p1_0.level,p1_0.password_hash,p1_0.role,p1_0.specialization,p1_0.student_id from players p1_0 where p1_0.email=?
Hibernate: select p1_0.id,p1_0.avatar,p1_0.banned,p1_0.banned_at,p1_0.created,p1_0.degree_level,p1_0.display_name,p1_0.email,p1_0.experience,p1_0.last_login,p1_0.level,p1_0.password_hash,p1_0.role,p1_0.specialization,p1_0.student_id from players p1_0 where p1_0.email=?
Hibernate: select p1_0.id,p1_0.avatar,p1_0.banned,p1_0.banned_at,p1_0.created,p1_0.degree_level,p1_0.display_name,p1_0.email,p1_0.experience,p1_0.last_login,p1_0.level,p1_0.password_hash,p1_0.role,p1_0.specialization,p1_0.student_id from players p1_0 where p1_0.email=?
Hibernate: select p1_0.id,p1_0.avatar,p1_0.banned,p1_0.banned_at,p1_0.created,p1_0.degree_level,p1_0.display_name,p1_0.email,p1_0.experience,p1_0.last_login,p1_0.level,p1_0.password_hash,p1_0.role,p1_0.specialization,p1_0.student_id from players p1_0 where p1_0.email=?
Hibernate: select p1_0.id,p1_0.avatar,p1_0.banned,p1_0.banned_at,p1_0.created,p1_0.degree_level,p1_0.display_name,p1_0.email,p1_0.experience,p1_0.last_login,p1_0.level,p1_0.password_hash,p1_0.role,p1_0.specialization,p1_0.student_id from players p1_0 where p1_0.email=?
Hibernate: select p1_0.id,p1_0.avatar,p1_0.banned,p1_0.banned_at,p1_0.created,p1_0.degree_level,p1_0.display_name,p1_0.email,p1_0.experience,p1_0.last_login,p1_0.level,p1_0.password_hash,p1_0.role,p1_0.specialization,p1_0.student_id from players p1_0 where p1_0.email=?
Hibernate: select p1_0.id,p1_0.avatar,p1_0.banned,p1_0.banned_at,p1_0.created,p1_0.degree_level,p1_0.display_name,p1_0.email,p1_0.experience,p1_0.last_login,p1_0.level,p1_0.password_hash,p1_0.role,p1_0.specialization,p1_0.student_id from players p1_0 where p1_0.email=?
Hibernate: select p1_0.id,p1_0.avatar,p1_0.banned,p1_0.banned_at,p1_0.created,p1_0.degree_level,p1_0.display_name,p1_0.email,p1_0.experience,p1_0.last_login,p1_0.level,p1_0.password_hash,p1_0.role,p1_0.specialization,p1_0.student_id from players p1_0 where p1_0.email=?
Hibernate: select p1_0.id,p1_0.avatar,p1_0.banned,p1_0.banned_at,p1_0.created,p1_0.degree_level,p1_0.display_name,p1_0.email,p1_0.experience,p1_0.last_login,p1_0.level,p1_0.password_hash,p1_0.role,p1_0.specialization,p1_0.student_id from players p1_0 where p1_0.email=?
Hibernate: select p1_0.id,p1_0.avatar,p1_0.banned,p1_0.banned_at,p1_0.created,p1_0.degree_level,p1_0.display_name,p1_0.email,p1_0.experience,p1_0.last_login,p1_0.level,p1_0.password_hash,p1_0.role,p1_0.specialization,p1_0.student_id from players p1_0 where p1_0.email=?
Hibernate: select p1_0.id,p1_0.avatar,p1_0.banned,p1_0.banned_at,p1_0.created,p1_0.degree_level,p1_0.display_name,p1_0.email,p1_0.experience,p1_0.last_login,p1_0.level,p1_0.password_hash,p1_0.role,p1_0.specialization,p1_0.student_id from players p1_0 where p1_0.email=?
Hibernate: select p1_0.id,p1_0.avatar,p1_0.banned,p1_0.banned_at,p1_0.created,p1_0.degree_level,p1_0.display_name,p1_0.email,p1_0.experience,p1_0.last_login,p1_0.level,p1_0.password_hash,p1_0.role,p1_0.specialization,p1_0.student_id from players p1_0 where p1_0.email=?
Hibernate: select p1_0.id,p1_0.avatar,p1_0.banned,p1_0.banned_at,p1_0.created,p1_0.degree_level,p1_0.display_name,p1_0.email,p1_0.experience,p1_0.last_login,p1_0.level,p1_0.password_hash,p1_0.role,p1_0.specialization,p1_0.student_id from players p1_0 where p1_0.email=?
Hibernate: select p1_0.id,p1_0.avatar,p1_0.banned,p1_0.banned_at,p1_0.created,p1_0.degree_level,p1_0.display_name,p1_0.email,p1_0.experience,p1_0.last_login,p1_0.level,p1_0.password_hash,p1_0.role,p1_0.specialization,p1_0.student_id from players p1_0 where p1_0.email=?
Hibernate: select p1_0.id,p1_0.avatar,p1_0.banned,p1_0.banned_at,p1_0.created,p1_0.degree_level,p1_0.display_name,p1_0.email,p1_0.experience,p1_0.last_login,p1_0.level,p1_0.password_hash,p1_0.role,p1_0.specialization,p1_0.student_id from players p1_0 where p1_0.email=?
Hibernate: select p1_0.id,p1_0.avatar,p1_0.banned,p1_0.banned_at,p1_0.created,p1_0.degree_level,p1_0.display_name,p1_0.email,p1_0.experience,p1_0.last_login,p1_0.level,p1_0.password_hash,p1_0.role,p1_0.specialization,p1_0.student_id from players p1_0 where p1_0.email=?
Hibernate: select p1_0.id,p1_0.avatar,p1_0.banned,p1_0.banned_at,p1_0.created,p1_0.degree_level,p1_0.display_name,p1_0.email,p1_0.experience,p1_0.last_login,p1_0.level,p1_0.password_hash,p1_0.role,p1_0.specialization,p1_0.student_id from players p1_0 where p1_0.email=?
Hibernate: select p1_0.id,p1_0.avatar,p1_0.banned,p1_0.banned_at,p1_0.created,p1_0.degree_level,p1_0.display_name,p1_0.email,p1_0.experience,p1_0.last_login,p1_0.level,p1_0.password_hash,p1_0.role,p1_0.specialization,p1_0.student_id from players p1_0 where p1_0.email=?
Hibernate: select p1_0.id,p1_0.avatar,p1_0.banned,p1_0.banned_at,p1_0.created,p1_0.degree_level,p1_0.display_name,p1_0.email,p1_0.experience,p1_0.last_login,p1_0.level,p1_0.password_hash,p1_0.role,p1_0.specialization,p1_0.student_id from players p1_0 where p1_0.email=?
Hibernate: select p1_0.id,p1_0.avatar,p1_0.banned,p1_0.banned_at,p1_0.created,p1_0.degree_level,p1_0.display_name,p1_0.email,p1_0.experience,p1_0.last_login,p1_0.level,p1_0.password_hash,p1_0.role,p1_0.specialization,p1_0.student_id from players p1_0 where p1_0.email=?
Hibernate: select p1_0.id,p1_0.avatar,p1_0.banned,p1_0.banned_at,p1_0.created,p1_0.degree_level,p1_0.display_name,p1_0.email,p1_0.experience,p1_0.last_login,p1_0.level,p1_0.password_hash,p1_0.role,p1_0.specialization,p1_0.student_id from players p1_0 where p1_0.email=?
Hibernate: select p1_0.id,p1_0.avatar,p1_0.banned,p1_0.banned_at,p1_0.created,p1_0.degree_level,p1_0.display_name,p1_0.email,p1_0.experience,p1_0.last_login,p1_0.level,p1_0.password_hash,p1_0.role,p1_0.specialization,p1_0.student_id from players p1_0 where p1_0.email=?
Hibernate: select p1_0.id,p1_0.avatar,p1_0.banned,p1_0.banned_at,p1_0.created,p1_0.degree_level,p1_0.display_name,p1_0.email,p1_0.experience,p1_0.last_login,p1_0.level,p1_0.password_hash,p1_0.role,p1_0.specialization,p1_0.student_id from players p1_0 where p1_0.email=?
Hibernate: select p1_0.id,p1_0.avatar,p1_0.banned,p1_0.banned_at,p1_0.created,p1_0.degree_level,p1_0.display_name,p1_0.email,p1_0.experience,p1_0.last_login,p1_0.level,p1_0.password_hash,p1_0.role,p1_0.specialization,p1_0.student_id from players p1_0 where p1_0.email=?
Hibernate: select p1_0.id,p1_0.avatar,p1_0.banned,p1_0.banned_at,p1_0.created,p1_0.degree_level,p1_0.display_name,p1_0.email,p1_0.experience,p1_0.last_login,p1_0.level,p1_0.password_hash,p1_0.role,p1_0.specialization,p1_0.student_id from players p1_0 where p1_0.email=?
Hibernate: select p1_0.id,p1_0.avatar,p1_0.banned,p1_0.banned_at,p1_0.created,p1_0.degree_level,p1_0.display_name,p1_0.email,p1_0.experience,p1_0.last_login,p1_0.level,p1_0.password_hash,p1_0.role,p1_0.specialization,p1_0.student_id from players p1_0 where p1_0.email=?
Hibernate: select p1_0.id,p1_0.avatar,p1_0.banned,p1_0.banned_at,p1_0.created,p1_0.degree_level,p1_0.display_name,p1_0.email,p1_0.experience,p1_0.last_login,p1_0.level,p1_0.password_hash,p1_0.role,p1_0.specialization,p1_0.student_id from players p1_0 where p1_0.email=?
Hibernate: select p1_0.id,p1_0.avatar,p1_0.banned,p1_0.banned_at,p1_0.created,p1_0.degree_level,p1_0.display_name,p1_0.email,p1_0.experience,p1_0.last_login,p1_0.level,p1_0.password_hash,p1_0.role,p1_0.specialization,p1_0.student_id from players p1_0 where p1_0.email=?
Hibernate: select p1_0.id,p1_0.avatar,p1_0.banned,p1_0.banned_at,p1_0.created,p1_0.degree_level,p1_0.display_name,p1_0.email,p1_0.experience,p1_0.last_login,p1_0.level,p1_0.password_hash,p1_0.role,p1_0.specialization,p1_0.student_id from players p1_0 where p1_0.email=?
Hibernate: select p1_0.id,p1_0.avatar,p1_0.banned,p1_0.banned_at,p1_0.created,p1_0.degree_level,p1_0.display_name,p1_0.email,p1_0.experience,p1_0.last_login,p1_0.level,p1_0.password_hash,p1_0.role,p1_0.specialization,p1_0.student_id from players p1_0 where p1_0.email=?
Hibernate: select p1_0.id,p1_0.avatar,p1_0.banned,p1_0.banned_at,p1_0.created,p1_0.degree_level,p1_0.display_name,p1_0.email,p1_0.experience,p1_0.last_login,p1_0.level,p1_0.password_hash,p1_0.role,p1_0.specialization,p1_0.student_id from players p1_0 where p1_0.email=?
Hibernate: select p1_0.id,p1_0.avatar,p1_0.banned,p1_0.banned_at,p1_0.created,p1_0.degree_level,p1_0.display_name,p1_0.email,p1_0.experience,p1_0.last_login,p1_0.level,p1_0.password_hash,p1_0.role,p1_0.specialization,p1_0.student_id from players p1_0 where p1_0.email=?
Hibernate: select p1_0.id,p1_0.avatar,p1_0.banned,p1_0.banned_at,p1_0.created,p1_0.degree_level,p1_0.display_name,p1_0.email,p1_0.experience,p1_0.last_login,p1_0.level,p1_0.password_hash,p1_0.role,p1_0.specialization,p1_0.student_id from players p1_0 where p1_0.email=?
Hibernate: select p1_0.id,p1_0.avatar,p1_0.banned,p1_0.banned_at,p1_0.created,p1_0.degree_level,p1_0.display_name,p1_0.email,p1_0.experience,p1_0.last_login,p1_0.level,p1_0.password_hash,p1_0.role,p1_0.specialization,p1_0.student_id from players p1_0 where p1_0.email=?
Hibernate: select p1_0.id,p1_0.avatar,p1_0.banned,p1_0.banned_at,p1_0.created,p1_0.degree_level,p1_0.display_name,p1_0.email,p1_0.experience,p1_0.last_login,p1_0.level,p1_0.password_hash,p1_0.role,p1_0.specialization,p1_0.student_id from players p1_0 where p1_0.email=?
Hibernate: select p1_0.id,p1_0.avatar,p1_0.banned,p1_0.banned_at,p1_0.created,p1_0.degree_level,p1_0.display_name,p1_0.email,p1_0.experience,p1_0.last_login,p1_0.level,p1_0.password_hash,p1_0.role,p1_0.specialization,p1_0.student_id from players p1_0 where p1_0.email=?
Hibernate: select p1_0.id,p1_0.avatar,p1_0.banned,p1_0.banned_at,p1_0.created,p1_0.degree_level,p1_0.display_name,p1_0.email,p1_0.experience,p1_0.last_login,p1_0.level,p1_0.password_hash,p1_0.role,p1_0.specialization,p1_0.student_id from players p1_0 where p1_0.email=?
Hibernate: select p1_0.id,p1_0.avatar,p1_0.banned,p1_0.banned_at,p1_0.created,p1_0.degree_level,p1_0.display_name,p1_0.email,p1_0.experience,p1_0.last_login,p1_0.level,p1_0.password_hash,p1_0.role,p1_0.specialization,p1_0.student_id from players p1_0 where p1_0.email=?
Hibernate: select p1_0.id,p1_0.avatar,p1_0.banned,p1_0.banned_at,p1_0.created,p1_0.degree_level,p1_0.display_name,p1_0.email,p1_0.experience,p1_0.last_login,p1_0.level,p1_0.password_hash,p1_0.role,p1_0.specialization,p1_0.student_id from players p1_0 where p1_0.email=?
Hibernate: select p1_0.id,p1_0.avatar,p1_0.banned,p1_0.banned_at,p1_0.created,p1_0.degree_level,p1_0.display_name,p1_0.email,p1_0.experience,p1_0.last_login,p1_0.level,p1_0.password_hash,p1_0.role,p1_0.specialization,p1_0.student_id from players p1_0 where p1_0.email=?
Hibernate: select p1_0.id,p1_0.avatar,p1_0.banned,p1_0.banned_at,p1_0.created,p1_0.degree_level,p1_0.display_name,p1_0.email,p1_0.experience,p1_0.last_login,p1_0.level,p1_0.password_hash,p1_0.role,p1_0.specialization,p1_0.student_id from players p1_0 where p1_0.email=?
Hibernate: select p1_0.id,p1_0.avatar,p1_0.banned,p1_0.banned_at,p1_0.created,p1_0.degree_level,p1_0.display_name,p1_0.email,p1_0.experience,p1_0.last_login,p1_0.level,p1_0.password_hash,p1_0.role,p1_0.specialization,p1_0.student_id from players p1_0 where p1_0.email=?
Hibernate: select p1_0.id,p1_0.avatar,p1_0.banned,p1_0.banned_at,p1_0.created,p1_0.degree_level,p1_0.display_name,p1_0.email,p1_0.experience,p1_0.last_login,p1_0.level,p1_0.password_hash,p1_0.role,p1_0.specialization,p1_0.student_id from players p1_0 where p1_0.email=?
Hibernate: select p1_0.id,p1_0.avatar,p1_0.banned,p1_0.banned_at,p1_0.created,p1_0.degree_level,p1_0.display_name,p1_0.email,p1_0.experience,p1_0.last_login,p1_0.level,p1_0.password_hash,p1_0.role,p1_0.specialization,p1_0.student_id from players p1_0 where p1_0.email=?
Hibernate: select p1_0.id,p1_0.avatar,p1_0.banned,p1_0.banned_at,p1_0.created,p1_0.degree_level,p1_0.display_name,p1_0.email,p1_0.experience,p1_0.last_login,p1_0.level,p1_0.password_hash,p1_0.role,p1_0.specialization,p1_0.student_id from players p1_0 where p1_0.email=?
Hibernate: select p1_0.id,p1_0.avatar,p1_0.banned,p1_0.banned_at,p1_0.created,p1_0.degree_level,p1_0.display_name,p1_0.email,p1_0.experience,p1_0.last_login,p1_0.level,p1_0.password_hash,p1_0.role,p1_0.specialization,p1_0.student_id from players p1_0 where p1_0.email=?
Hibernate: select p1_0.id,p1_0.avatar,p1_0.banned,p1_0.banned_at,p1_0.created,p1_0.degree_level,p1_0.display_name,p1_0.email,p1_0.experience,p1_0.last_login,p1_0.level,p1_0.password_hash,p1_0.role,p1_0.specialization,p1_0.student_id from players p1_0 where p1_0.email=?
Hibernate: select p1_0.id,p1_0.avatar,p1_0.banned,p1_0.banned_at,p1_0.created,p1_0.degree_level,p1_0.display_name,p1_0.email,p1_0.experience,p1_0.last_login,p1_0.level,p1_0.password_hash,p1_0.role,p1_0.specialization,p1_0.student_id from players p1_0 where p1_0.email=?
Hibernate: select p1_0.id,p1_0.avatar,p1_0.banned,p1_0.banned_at,p1_0.created,p1_0.degree_level,p1_0.display_name,p1_0.email,p1_0.experience,p1_0.last_login,p1_0.level,p1_0.password_hash,p1_0.role,p1_0.specialization,p1_0.student_id from players p1_0 where p1_0.email=?
Hibernate: select p1_0.id,p1_0.avatar,p1_0.banned,p1_0.banned_at,p1_0.created,p1_0.degree_level,p1_0.display_name,p1_0.email,p1_0.experience,p1_0.last_login,p1_0.level,p1_0.password_hash,p1_0.role,p1_0.specialization,p1_0.student_id from players p1_0 where p1_0.email=?
Hibernate: select p1_0.id,p1_0.avatar,p1_0.banned,p1_0.banned_at,p1_0.created,p1_0.degree_level,p1_0.display_name,p1_0.email,p1_0.experience,p1_0.last_login,p1_0.level,p1_0.password_hash,p1_0.role,p1_0.specialization,p1_0.student_id from players p1_0 where p1_0.email=?
Hibernate: select p1_0.id,p1_0.avatar,p1_0.banned,p1_0.banned_at,p1_0.created,p1_0.degree_level,p1_0.display_name,p1_0.email,p1_0.experience,p1_0.last_login,p1_0.level,p1_0.password_hash,p1_0.role,p1_0.specialization,p1_0.student_id from players p1_0 where p1_0.email=?
Hibernate: select p1_0.id,p1_0.avatar,p1_0.banned,p1_0.banned_at,p1_0.created,p1_0.degree_level,p1_0.display_name,p1_0.email,p1_0.experience,p1_0.last_login,p1_0.level,p1_0.password_hash,p1_0.role,p1_0.specialization,p1_0.student_id from players p1_0 where p1_0.email=?
Hibernate: select p1_0.id,p1_0.avatar,p1_0.banned,p1_0.banned_at,p1_0.created,p1_0.degree_level,p1_0.display_name,p1_0.email,p1_0.experience,p1_0.last_login,p1_0.level,p1_0.password_hash,p1_0.role,p1_0.specialization,p1_0.student_id from players p1_0 where p1_0.email=?
Hibernate: select p1_0.id,p1_0.avatar,p1_0.banned,p1_0.banned_at,p1_0.created,p1_0.degree_level,p1_0.display_name,p1_0.email,p1_0.experience,p1_0.last_login,p1_0.level,p1_0.password_hash,p1_0.role,p1_0.specialization,p1_0.student_id from players p1_0 where p1_0.email=?
Hibernate: select p1_0.id,p1_0.avatar,p1_0.banned,p1_0.banned_at,p1_0.created,p1_0.degree_level,p1_0.display_name,p1_0.email,p1_0.experience,p1_0.last_login,p1_0.level,p1_0.password_hash,p1_0.role,p1_0.specialization,p1_0.student_id from players p1_0 where p1_0.email=?
Hibernate: select p1_0.id,p1_0.avatar,p1_0.banned,p1_0.banned_at,p1_0.created,p1_0.degree_level,p1_0.display_name,p1_0.email,p1_0.experience,p1_0.last_login,p1_0.level,p1_0.password_hash,p1_0.role,p1_0.specialization,p1_0.student_id from players p1_0 where p1_0.email=?
Hibernate: select p1_0.id,p1_0.avatar,p1_0.banned,p1_0.banned_at,p1_0.created,p1_0.degree_level,p1_0.display_name,p1_0.email,p1_0.experience,p1_0.last_login,p1_0.level,p1_0.password_hash,p1_0.role,p1_0.specialization,p1_0.student_id from players p1_0 where p1_0.email=?
Hibernate: select p1_0.id,p1_0.avatar,p1_0.banned,p1_0.banned_at,p1_0.created,p1_0.degree_level,p1_0.display_name,p1_0.email,p1_0.experience,p1_0.last_login,p1_0.level,p1_0.password_hash,p1_0.role,p1_0.specialization,p1_0.student_id from players p1_0 where p1_0.email=?
Hibernate: select p1_0.id,p1_0.avatar,p1_0.banned,p1_0.banned_at,p1_0.created,p1_0.degree_level,p1_0.display_name,p1_0.email,p1_0.experience,p1_0.last_login,p1_0.level,p1_0.password_hash,p1_0.role,p1_0.specialization,p1_0.student_id from players p1_0 where p1_0.email=?
Hibernate: select p1_0.id,p1_0.avatar,p1_0.banned,p1_0.banned_at,p1_0.created,p1_0.degree_level,p1_0.display_name,p1_0.email,p1_0.experience,p1_0.last_login,p1_0.level,p1_0.password_hash,p1_0.role,p1_0.specialization,p1_0.student_id from players p1_0 where p1_0.email=?
Hibernate: select p1_0.id,p1_0.avatar,p1_0.banned,p1_0.banned_at,p1_0.created,p1_0.degree_level,p1_0.display_name,p1_0.email,p1_0.experience,p1_0.last_login,p1_0.level,p1_0.password_hash,p1_0.role,p1_0.specialization,p1_0.student_id from players p1_0 where p1_0.email=?
Hibernate: select p1_0.id,p1_0.avatar,p1_0.banned,p1_0.banned_at,p1_0.created,p1_0.degree_level,p1_0.display_name,p1_0.email,p1_0.experience,p1_0.last_login,p1_0.level,p1_0.password_hash,p1_0.role,p1_0.specialization,p1_0.student_id from players p1_0 where p1_0.email=?
Hibernate: select p1_0.id,p1_0.avatar,p1_0.banned,p1_0.banned_at,p1_0.created,p1_0.degree_level,p1_0.display_name,p1_0.email,p1_0.experience,p1_0.last_login,p1_0.level,p1_0.password_hash,p1_0.role,p1_0.specialization,p1_0.student_id from players p1_0 where p1_0.email=?
Hibernate: select p1_0.id,p1_0.avatar,p1_0.banned,p1_0.banned_at,p1_0.created,p1_0.degree_level,p1_0.display_name,p1_0.email,p1_0.experience,p1_0.last_login,p1_0.level,p1_0.password_hash,p1_0.role,p1_0.specialization,p1_0.student_id from players p1_0 where p1_0.email=?
Hibernate: select p1_0.id,p1_0.avatar,p1_0.banned,p1_0.banned_at,p1_0.created,p1_0.degree_level,p1_0.display_name,p1_0.email,p1_0.experience,p1_0.last_login,p1_0.level,p1_0.password_hash,p1_0.role,p1_0.specialization,p1_0.student_id from players p1_0 where p1_0.email=?
Hibernate: select p1_0.id,p1_0.avatar,p1_0.banned,p1_0.banned_at,p1_0.created,p1_0.degree_level,p1_0.display_name,p1_0.email,p1_0.experience,p1_0.last_login,p1_0.level,p1_0.password_hash,p1_0.role,p1_0.specialization,p1_0.student_id from players p1_0 where p1_0.email=?
Hibernate: select p1_0.id,p1_0.avatar,p1_0.banned,p1_0.banned_at,p1_0.created,p1_0.degree_level,p1_0.display_name,p1_0.email,p1_0.experience,p1_0.last_login,p1_0.level,p1_0.password_hash,p1_0.role,p1_0.specialization,p1_0.student_id from players p1_0 where p1_0.email=?
2026-08-12T01:04:56.459+05:30  INFO 34204 --- [campusforge-backend] [essageBroker-21] o.s.w.s.c.WebSocketMessageBrokerStats    : WebSocketSession[2 current WS(2)-HttpStream(0)-HttpPoll(0), 3 total, 0 closed abnormally (0 connect failure, 0 send limit, 0 transport error)], stompSubProtocol[processed CONNECT(3)-CONNECTED(3)-DISCONNECT(2)], stompBrokerRelay[null], inboundChannel[pool size = 0, active threads = 0, queued tasks = 0, completed tasks = 87], outboundChannel[pool size = 0, active threads = 0, queued tasks = 0, completed tasks = 887], sockJsScheduler[pool size = 28, active threads = 1, queued tasks = 3, completed tasks = 374]
Hibernate: select p1_0.id,p1_0.avatar,p1_0.banned,p1_0.banned_at,p1_0.created,p1_0.degree_level,p1_0.display_name,p1_0.email,p1_0.experience,p1_0.last_login,p1_0.level,p1_0.password_hash,p1_0.role,p1_0.specialization,p1_0.student_id from players p1_0 where p1_0.email=?
Hibernate: select p1_0.id,p1_0.avatar,p1_0.banned,p1_0.banned_at,p1_0.created,p1_0.degree_level,p1_0.display_name,p1_0.email,p1_0.experience,p1_0.last_login,p1_0.level,p1_0.password_hash,p1_0.role,p1_0.specialization,p1_0.student_id from players p1_0 where p1_0.email=?
Hibernate: select p1_0.id,p1_0.avatar,p1_0.banned,p1_0.banned_at,p1_0.created,p1_0.degree_level,p1_0.display_name,p1_0.email,p1_0.experience,p1_0.last_login,p1_0.level,p1_0.password_hash,p1_0.role,p1_0.specialization,p1_0.student_id from players p1_0 where p1_0.email=?
Hibernate: select p1_0.id,p1_0.avatar,p1_0.banned,p1_0.banned_at,p1_0.created,p1_0.degree_level,p1_0.display_name,p1_0.email,p1_0.experience,p1_0.last_login,p1_0.level,p1_0.password_hash,p1_0.role,p1_0.specialization,p1_0.student_id from players p1_0 where p1_0.email=?
Hibernate: select p1_0.id,p1_0.avatar,p1_0.banned,p1_0.banned_at,p1_0.created,p1_0.degree_level,p1_0.display_name,p1_0.email,p1_0.experience,p1_0.last_login,p1_0.level,p1_0.password_hash,p1_0.role,p1_0.specialization,p1_0.student_id from players p1_0 where p1_0.email=?
Hibernate: select p1_0.id,p1_0.avatar,p1_0.banned,p1_0.banned_at,p1_0.created,p1_0.degree_level,p1_0.display_name,p1_0.email,p1_0.experience,p1_0.last_login,p1_0.level,p1_0.password_hash,p1_0.role,p1_0.specialization,p1_0.student_id from players p1_0 where p1_0.email=?
Hibernate: select p1_0.id,p1_0.avatar,p1_0.banned,p1_0.banned_at,p1_0.created,p1_0.degree_level,p1_0.display_name,p1_0.email,p1_0.experience,p1_0.last_login,p1_0.level,p1_0.password_hash,p1_0.role,p1_0.specialization,p1_0.student_id from players p1_0 where p1_0.email=?
Hibernate: select p1_0.id,p1_0.avatar,p1_0.banned,p1_0.banned_at,p1_0.created,p1_0.degree_level,p1_0.display_name,p1_0.email,p1_0.experience,p1_0.last_login,p1_0.level,p1_0.password_hash,p1_0.role,p1_0.specialization,p1_0.student_id from players p1_0 where p1_0.email=?
Hibernate: select p1_0.id,p1_0.avatar,p1_0.banned,p1_0.banned_at,p1_0.created,p1_0.degree_level,p1_0.display_name,p1_0.email,p1_0.experience,p1_0.last_login,p1_0.level,p1_0.password_hash,p1_0.role,p1_0.specialization,p1_0.student_id from players p1_0 where p1_0.email=?
Hibernate: select p1_0.id,p1_0.avatar,p1_0.banned,p1_0.banned_at,p1_0.created,p1_0.degree_level,p1_0.display_name,p1_0.email,p1_0.experience,p1_0.last_login,p1_0.level,p1_0.password_hash,p1_0.role,p1_0.specialization,p1_0.student_id from players p1_0 where p1_0.email=?
Hibernate: select p1_0.id,p1_0.avatar,p1_0.banned,p1_0.banned_at,p1_0.created,p1_0.degree_level,p1_0.display_name,p1_0.email,p1_0.experience,p1_0.last_login,p1_0.level,p1_0.password_hash,p1_0.role,p1_0.specialization,p1_0.student_id from players p1_0 where p1_0.email=?
Hibernate: select p1_0.id,p1_0.avatar,p1_0.banned,p1_0.banned_at,p1_0.created,p1_0.degree_level,p1_0.display_name,p1_0.email,p1_0.experience,p1_0.last_login,p1_0.level,p1_0.password_hash,p1_0.role,p1_0.specialization,p1_0.student_id from players p1_0 where p1_0.email=?
Hibernate: select p1_0.id,p1_0.avatar,p1_0.banned,p1_0.banned_at,p1_0.created,p1_0.degree_level,p1_0.display_name,p1_0.email,p1_0.experience,p1_0.last_login,p1_0.level,p1_0.password_hash,p1_0.role,p1_0.specialization,p1_0.student_id from players p1_0 where p1_0.email=?
Hibernate: select p1_0.id,p1_0.avatar,p1_0.banned,p1_0.banned_at,p1_0.created,p1_0.degree_level,p1_0.display_name,p1_0.email,p1_0.experience,p1_0.last_login,p1_0.level,p1_0.password_hash,p1_0.role,p1_0.specialization,p1_0.student_id from players p1_0 where p1_0.email=?
Hibernate: select p1_0.id,p1_0.avatar,p1_0.banned,p1_0.banned_at,p1_0.created,p1_0.degree_level,p1_0.display_name,p1_0.email,p1_0.experience,p1_0.last_login,p1_0.level,p1_0.password_hash,p1_0.role,p1_0.specialization,p1_0.student_id from players p1_0 where p1_0.email=?
Hibernate: select p1_0.id,p1_0.avatar,p1_0.banned,p1_0.banned_at,p1_0.created,p1_0.degree_level,p1_0.display_name,p1_0.email,p1_0.experience,p1_0.last_login,p1_0.level,p1_0.password_hash,p1_0.role,p1_0.specialization,p1_0.student_id from players p1_0 where p1_0.email=?
Hibernate: select p1_0.id,p1_0.avatar,p1_0.banned,p1_0.banned_at,p1_0.created,p1_0.degree_level,p1_0.display_name,p1_0.email,p1_0.experience,p1_0.last_login,p1_0.level,p1_0.password_hash,p1_0.role,p1_0.specialization,p1_0.student_id from players p1_0 where p1_0.email=?
Hibernate: select p1_0.id,p1_0.avatar,p1_0.banned,p1_0.banned_at,p1_0.created,p1_0.degree_level,p1_0.display_name,p1_0.email,p1_0.experience,p1_0.last_login,p1_0.level,p1_0.password_hash,p1_0.role,p1_0.specialization,p1_0.student_id from players p1_0 where p1_0.email=?
Hibernate: select p1_0.id,p1_0.avatar,p1_0.banned,p1_0.banned_at,p1_0.created,p1_0.degree_level,p1_0.display_name,p1_0.email,p1_0.experience,p1_0.last_login,p1_0.level,p1_0.password_hash,p1_0.role,p1_0.specialization,p1_0.student_id from players p1_0 where p1_0.email=?
Hibernate: select p1_0.id,p1_0.avatar,p1_0.banned,p1_0.banned_at,p1_0.created,p1_0.degree_level,p1_0.display_name,p1_0.email,p1_0.experience,p1_0.last_login,p1_0.level,p1_0.password_hash,p1_0.role,p1_0.specialization,p1_0.student_id from players p1_0 where p1_0.email=?
Hibernate: select p1_0.id,p1_0.avatar,p1_0.banned,p1_0.banned_at,p1_0.created,p1_0.degree_level,p1_0.display_name,p1_0.email,p1_0.experience,p1_0.last_login,p1_0.level,p1_0.password_hash,p1_0.role,p1_0.specialization,p1_0.student_id from players p1_0 where p1_0.email=?
Hibernate: select p1_0.id,p1_0.avatar,p1_0.banned,p1_0.banned_at,p1_0.created,p1_0.degree_level,p1_0.display_name,p1_0.email,p1_0.experience,p1_0.last_login,p1_0.level,p1_0.password_hash,p1_0.role,p1_0.specialization,p1_0.student_id from players p1_0 where p1_0.email=?
Hibernate: select p1_0.id,p1_0.avatar,p1_0.banned,p1_0.banned_at,p1_0.created,p1_0.degree_level,p1_0.display_name,p1_0.email,p1_0.experience,p1_0.last_login,p1_0.level,p1_0.password_hash,p1_0.role,p1_0.specialization,p1_0.student_id from players p1_0 where p1_0.email=?
Hibernate: select p1_0.id,p1_0.avatar,p1_0.banned,p1_0.banned_at,p1_0.created,p1_0.degree_level,p1_0.display_name,p1_0.email,p1_0.experience,p1_0.last_login,p1_0.level,p1_0.password_hash,p1_0.role,p1_0.specialization,p1_0.student_id from players p1_0 where p1_0.email=?
Hibernate: select p1_0.id,p1_0.avatar,p1_0.banned,p1_0.banned_at,p1_0.created,p1_0.degree_level,p1_0.display_name,p1_0.email,p1_0.experience,p1_0.last_login,p1_0.level,p1_0.password_hash,p1_0.role,p1_0.specialization,p1_0.student_id from players p1_0 where p1_0.email=?
Hibernate: select p1_0.id,p1_0.avatar,p1_0.banned,p1_0.banned_at,p1_0.created,p1_0.degree_level,p1_0.display_name,p1_0.email,p1_0.experience,p1_0.last_login,p1_0.level,p1_0.password_hash,p1_0.role,p1_0.specialization,p1_0.student_id from players p1_0 where p1_0.email=?
Hibernate: select p1_0.id,p1_0.avatar,p1_0.banned,p1_0.banned_at,p1_0.created,p1_0.degree_level,p1_0.display_name,p1_0.email,p1_0.experience,p1_0.last_login,p1_0.level,p1_0.password_hash,p1_0.role,p1_0.specialization,p1_0.student_id from players p1_0 where p1_0.email=?
Hibernate: select p1_0.id,p1_0.avatar,p1_0.banned,p1_0.banned_at,p1_0.created,p1_0.degree_level,p1_0.display_name,p1_0.email,p1_0.experience,p1_0.last_login,p1_0.level,p1_0.password_hash,p1_0.role,p1_0.specialization,p1_0.student_id from players p1_0 where p1_0.email=?
2026-08-12T01:06:22.601+05:30  INFO 34204 --- [campusforge-backend] [io-17172-exec-4] c.c.backend.battle.ForgeMatchSession     : Player 324df05a-88a8-4496-b461-8d01ee20fdbb marked disconnected in match 441b38c5-4397-431e-a753-58566095b193
2026-08-12T01:06:22.601+05:30  WARN 34204 --- [campusforge-backend] [io-17172-exec-4] c.c.backend.battle.MatchManager          : Player 324df05a-88a8-4496-b461-8d01ee20fdbb disconnected from match 441b38c5-4397-431e-a753-58566095b193, starting 60s grace period
Hibernate: select p1_0.id,p1_0.avatar,p1_0.banned,p1_0.banned_at,p1_0.created,p1_0.degree_level,p1_0.display_name,p1_0.email,p1_0.experience,p1_0.last_login,p1_0.level,p1_0.password_hash,p1_0.role,p1_0.specialization,p1_0.student_id from players p1_0 where p1_0.email=?
Hibernate: select p1_0.id,p1_0.avatar,p1_0.banned,p1_0.banned_at,p1_0.created,p1_0.degree_level,p1_0.display_name,p1_0.email,p1_0.experience,p1_0.last_login,p1_0.level,p1_0.password_hash,p1_0.role,p1_0.specialization,p1_0.student_id from players p1_0 where p1_0.email=?
Hibernate: select p1_0.id,p1_0.avatar,p1_0.banned,p1_0.banned_at,p1_0.created,p1_0.degree_level,p1_0.display_name,p1_0.email,p1_0.experience,p1_0.last_login,p1_0.level,p1_0.password_hash,p1_0.role,p1_0.specialization,p1_0.student_id from players p1_0 where p1_0.email=?
Hibernate: select p1_0.id,p1_0.avatar,p1_0.banned,p1_0.banned_at,p1_0.created,p1_0.degree_level,p1_0.display_name,p1_0.email,p1_0.experience,p1_0.last_login,p1_0.level,p1_0.password_hash,p1_0.role,p1_0.specialization,p1_0.student_id from players p1_0 where p1_0.email=?
Hibernate: select p1_0.id,p1_0.avatar,p1_0.banned,p1_0.banned_at,p1_0.created,p1_0.degree_level,p1_0.display_name,p1_0.email,p1_0.experience,p1_0.last_login,p1_0.level,p1_0.password_hash,p1_0.role,p1_0.specialization,p1_0.student_id from players p1_0 where p1_0.email=?
Hibernate: select p1_0.id,p1_0.avatar,p1_0.banned,p1_0.banned_at,p1_0.created,p1_0.degree_level,p1_0.display_name,p1_0.email,p1_0.experience,p1_0.last_login,p1_0.level,p1_0.password_hash,p1_0.role,p1_0.specialization,p1_0.student_id from players p1_0 where p1_0.email=?
Hibernate: select p1_0.id,p1_0.avatar,p1_0.banned,p1_0.banned_at,p1_0.created,p1_0.degree_level,p1_0.display_name,p1_0.email,p1_0.experience,p1_0.last_login,p1_0.level,p1_0.password_hash,p1_0.role,p1_0.specialization,p1_0.student_id from players p1_0 where p1_0.email=?
Hibernate: select p1_0.id,p1_0.avatar,p1_0.banned,p1_0.banned_at,p1_0.created,p1_0.degree_level,p1_0.display_name,p1_0.email,p1_0.experience,p1_0.last_login,p1_0.level,p1_0.password_hash,p1_0.role,p1_0.specialization,p1_0.student_id from players p1_0 where p1_0.email=?
Hibernate: select p1_0.id,p1_0.avatar,p1_0.banned,p1_0.banned_at,p1_0.created,p1_0.degree_level,p1_0.display_name,p1_0.email,p1_0.experience,p1_0.last_login,p1_0.level,p1_0.password_hash,p1_0.role,p1_0.specialization,p1_0.student_id from players p1_0 where p1_0.email=?
Hibernate: select p1_0.id,p1_0.avatar,p1_0.banned,p1_0.banned_at,p1_0.created,p1_0.degree_level,p1_0.display_name,p1_0.email,p1_0.experience,p1_0.last_login,p1_0.level,p1_0.password_hash,p1_0.role,p1_0.specialization,p1_0.student_id from players p1_0 where p1_0.email=?
Hibernate: select p1_0.id,p1_0.avatar,p1_0.banned,p1_0.banned_at,p1_0.created,p1_0.degree_level,p1_0.display_name,p1_0.email,p1_0.experience,p1_0.last_login,p1_0.level,p1_0.password_hash,p1_0.role,p1_0.specialization,p1_0.student_id from players p1_0 where p1_0.email=?
Hibernate: select p1_0.id,p1_0.avatar,p1_0.banned,p1_0.banned_at,p1_0.created,p1_0.degree_level,p1_0.display_name,p1_0.email,p1_0.experience,p1_0.last_login,p1_0.level,p1_0.password_hash,p1_0.role,p1_0.specialization,p1_0.student_id from players p1_0 where p1_0.email=?
Hibernate: select p1_0.id,p1_0.avatar,p1_0.banned,p1_0.banned_at,p1_0.created,p1_0.degree_level,p1_0.display_name,p1_0.email,p1_0.experience,p1_0.last_login,p1_0.level,p1_0.password_hash,p1_0.role,p1_0.specialization,p1_0.student_id from players p1_0 where p1_0.email=?
Hibernate: select p1_0.id,p1_0.avatar,p1_0.banned,p1_0.banned_at,p1_0.created,p1_0.degree_level,p1_0.display_name,p1_0.email,p1_0.experience,p1_0.last_login,p1_0.level,p1_0.password_hash,p1_0.role,p1_0.specialization,p1_0.student_id from players p1_0 where p1_0.email=?
Hibernate: select p1_0.id,p1_0.avatar,p1_0.banned,p1_0.banned_at,p1_0.created,p1_0.degree_level,p1_0.display_name,p1_0.email,p1_0.experience,p1_0.last_login,p1_0.level,p1_0.password_hash,p1_0.role,p1_0.specialization,p1_0.student_id from players p1_0 where p1_0.email=?
Hibernate: select p1_0.id,p1_0.avatar,p1_0.banned,p1_0.banned_at,p1_0.created,p1_0.degree_level,p1_0.display_name,p1_0.email,p1_0.experience,p1_0.last_login,p1_0.level,p1_0.password_hash,p1_0.role,p1_0.specialization,p1_0.student_id from players p1_0 where p1_0.email=?
Hibernate: select p1_0.id,p1_0.avatar,p1_0.banned,p1_0.banned_at,p1_0.created,p1_0.degree_level,p1_0.display_name,p1_0.email,p1_0.experience,p1_0.last_login,p1_0.level,p1_0.password_hash,p1_0.role,p1_0.specialization,p1_0.student_id from players p1_0 where p1_0.email=?
Hibernate: select p1_0.id,p1_0.avatar,p1_0.banned,p1_0.banned_at,p1_0.created,p1_0.degree_level,p1_0.display_name,p1_0.email,p1_0.experience,p1_0.last_login,p1_0.level,p1_0.password_hash,p1_0.role,p1_0.specialization,p1_0.student_id from players p1_0 where p1_0.email=?
Hibernate: select p1_0.id,p1_0.avatar,p1_0.banned,p1_0.banned_at,p1_0.created,p1_0.degree_level,p1_0.display_name,p1_0.email,p1_0.experience,p1_0.last_login,p1_0.level,p1_0.password_hash,p1_0.role,p1_0.specialization,p1_0.student_id from players p1_0 where p1_0.email=?
Hibernate: select p1_0.id,p1_0.avatar,p1_0.banned,p1_0.banned_at,p1_0.created,p1_0.degree_level,p1_0.display_name,p1_0.email,p1_0.experience,p1_0.last_login,p1_0.level,p1_0.password_hash,p1_0.role,p1_0.specialization,p1_0.student_id from players p1_0 where p1_0.email=?
2026-08-12T01:07:22.611+05:30  WARN 34204 --- [campusforge-backend] [   battle-grace] c.c.backend.battle.MatchManager          : Player 324df05a-88a8-4496-b461-8d01ee20fdbb did not reconnect to match 441b38c5-4397-431e-a753-58566095b193 within grace period; conceding
Hibernate: select m1_0.id,m1_0.battle_code,m1_0.created_at,m1_0.deck1_id,m1_0.deck2_id,m1_0.ended_at,m1_0.event_id,m1_0.player1_id,m1_0.player2_id,m1_0.status,m1_0.win_condition,m1_0.winner_id from matches m1_0 where m1_0.id=?
Hibernate: update matches set battle_code=?,created_at=?,deck1_id=?,deck2_id=?,ended_at=?,event_id=?,player1_id=?,player2_id=?,status=?,win_condition=?,winner_id=? where id=?
Hibernate: select p1_0.id,p1_0.avatar,p1_0.banned,p1_0.banned_at,p1_0.created,p1_0.degree_level,p1_0.display_name,p1_0.email,p1_0.experience,p1_0.last_login,p1_0.level,p1_0.password_hash,p1_0.role,p1_0.specialization,p1_0.student_id from players p1_0 where p1_0.id=?
Hibernate: select p1_0.id,p1_0.avatar,p1_0.banned,p1_0.banned_at,p1_0.created,p1_0.degree_level,p1_0.display_name,p1_0.email,p1_0.experience,p1_0.last_login,p1_0.level,p1_0.password_hash,p1_0.role,p1_0.specialization,p1_0.student_id from players p1_0 where p1_0.id=?
Hibernate: update players set avatar=?,banned=?,banned_at=?,created=?,degree_level=?,display_name=?,email=?,experience=?,last_login=?,level=?,password_hash=?,role=?,specialization=?,student_id=? where id=?
Hibernate: select p1_0.id,p1_0.avatar,p1_0.banned,p1_0.banned_at,p1_0.created,p1_0.degree_level,p1_0.display_name,p1_0.email,p1_0.experience,p1_0.last_login,p1_0.level,p1_0.password_hash,p1_0.role,p1_0.specialization,p1_0.student_id from players p1_0 where p1_0.id=?
Hibernate: select m1_0.id,m1_0.battle_code,m1_0.created_at,m1_0.deck1_id,m1_0.deck2_id,m1_0.ended_at,m1_0.event_id,m1_0.player1_id,m1_0.player2_id,m1_0.status,m1_0.win_condition,m1_0.winner_id from matches m1_0 where m1_0.player1_id=? or m1_0.player2_id=?
Hibernate: select d1_0.id,d1_0.card_id,d1_0.count,d1_0.last_discovered,d1_0.player_id from discoveries d1_0 where d1_0.player_id=?
Hibernate: select c1_0.id,c1_0.colors,c1_0.commander_eligible,c1_0.discoverable,c1_0.forge_name,c1_0.image_url,c1_0.mana_value,c1_0.oracle_id,c1_0.ownership_type,c1_0.rarity,c1_0.set_code,c1_0.spawn_region,c1_0.types,c1_0.weight from cards c1_0 where c1_0.ownership_type=?
Hibernate: select pu1_0.id,pu1_0.card_id,pu1_0.player_id,pu1_0.unlocked_at from player_unlocks pu1_0 where pu1_0.player_id=?
Hibernate: select uc1_0.physical_uuid,uc1_0.card_id,uc1_0.claimed_at,uc1_0.history,uc1_0.owner_id,uc1_0.serial_number from unique_cards uc1_0 where uc1_0.owner_id=?
Hibernate: select count(*) from cards c1_0
Hibernate: select count(t1_0.id) from trades t1_0 where t1_0.status=? and (t1_0.sender_id=? or t1_0.receiver_id=?)
Hibernate: select pa1_0.id from player_achievements pa1_0 where pa1_0.player_id=? and pa1_0.code=? fetch first ? rows only
Hibernate: insert into player_achievements (code,player_id,unlocked_at,id) values (?,?,?,?)
Hibernate: select pa1_0.id from player_achievements pa1_0 where pa1_0.player_id=? and pa1_0.code=? fetch first ? rows only
Hibernate: insert into player_achievements (code,player_id,unlocked_at,id) values (?,?,?,?)
2026-08-12T01:07:22.649+05:30  INFO 34204 --- [campusforge-backend] [   battle-grace] c.c.b.achievements.AchievementService    : Unlocked 2 achievements for player 5dfc32bf-92f7-4d74-9526-f45fa725ac49
2026-08-12T01:07:22.649+05:30  INFO 34204 --- [campusforge-backend] [   battle-grace] c.c.backend.battle.MatchManager          : Awarded 50 XP to match winner 5dfc32bf-92f7-4d74-9526-f45fa725ac49
2026-08-12T01:07:22.649+05:30  INFO 34204 --- [campusforge-backend] [   battle-grace] c.c.backend.battle.ForgeMatchSession     : Canceled match session 441b38c5-4397-431e-a753-58566095b193
DEBUG_MANA_PAYMENT: groupSourcesByManaColor player=tttttttt game=forge.game.Game@7f109972 battlefield=[Swamp (105)] hand=[Elvish Archers (84), Island (72), Island (76), Giant Growth (114), Forest (118), Forest (115), Elvish Warrior (63)]
DEBUG_MANA_PAYMENT: getAIPlayableMana Swamp (105) manaAbilities=[{T}: Add {B}.]
DEBUG_MANA_PAYMENT: filterLand Swamp (105) api=Mana manaAb=true canPlay=true checkRestr=true
DEBUG_MANA_PAYMENT: getAIPlayableMana Island (72) manaAbilities=[{T}: Add {U}.]
DEBUG_MANA_PAYMENT: filterLand Island (72) api=Mana manaAb=true canPlay=false checkRestr=true
DEBUG_MANA_PAYMENT: getAIPlayableMana Island (76) manaAbilities=[{T}: Add {U}.]
DEBUG_MANA_PAYMENT: filterLand Island (76) api=Mana manaAb=true canPlay=false checkRestr=true
DEBUG_MANA_PAYMENT: getAIPlayableMana Forest (118) manaAbilities=[{T}: Add {G}.]
DEBUG_MANA_PAYMENT: filterLand Forest (118) api=Mana manaAb=true canPlay=false checkRestr=true
DEBUG_MANA_PAYMENT: getAIPlayableMana Forest (115) manaAbilities=[{T}: Add {G}.]
DEBUG_MANA_PAYMENT: filterLand Forest (115) api=Mana manaAb=true canPlay=false checkRestr=true
DEBUG_MANA_PAYMENT: getAIPlayableMana Swamp (105) manaAbilities=[{T}: Add {B}.]
DEBUG_MANA_PAYMENT: sortedManaSources = [Swamp (105)]
DEBUG_MANA_PAYMENT: groupSourcesByManaColor sourceCard = Swamp (105)
DEBUG_MANA_PAYMENT: getAIPlayableMana Swamp (105) manaAbilities=[{T}: Add {B}.]
DEBUG_MANA_PAYMENT: groupSourcesByManaColor m = {T}: Add {B}.
DEBUG_MANA_PAYMENT: groupSourcesByManaColor manaMap  = {64=[{T}: Add {B}.], 4=[{T}: Add {B}.]}
DEBUG_MANA_PAYMENT: manaAbilityMap = {64=[{T}: Add {B}.], 4=[{T}: Add {B}.]}
DEBUG_MANA_PAYMENT: shard = {G}
DEBUG_MANA_PAYMENT: shard = {1}
Ordered Cards: 1Swamp, 
Unsorted Abilities: [{T}: Add {B}.]
Sorted Abilities: [{T}: Add {B}.]
DEBUG_MANA_PAYMENT: sourcesForShards = {{1}=[{T}: Add {B}.]}
DEBUG_MANA_PAYMENT: groupSourcesByManaColor player=tttttttt game=forge.game.Game@7f109972 battlefield=[Swamp (105)] hand=[Elvish Archers (84), Island (72), Island (76), Giant Growth (114), Forest (118), Forest (115), Elvish Warrior (63)]
DEBUG_MANA_PAYMENT: getAIPlayableMana Swamp (105) manaAbilities=[{T}: Add {B}.]
DEBUG_MANA_PAYMENT: filterLand Swamp (105) api=Mana manaAb=true canPlay=true checkRestr=true
DEBUG_MANA_PAYMENT: getAIPlayableMana Island (72) manaAbilities=[{T}: Add {U}.]
DEBUG_MANA_PAYMENT: filterLand Island (72) api=Mana manaAb=true canPlay=false checkRestr=true
DEBUG_MANA_PAYMENT: getAIPlayableMana Island (76) manaAbilities=[{T}: Add {U}.]
DEBUG_MANA_PAYMENT: filterLand Island (76) api=Mana manaAb=true canPlay=false checkRestr=true
DEBUG_MANA_PAYMENT: getAIPlayableMana Forest (118) manaAbilities=[{T}: Add {G}.]
DEBUG_MANA_PAYMENT: filterLand Forest (118) api=Mana manaAb=true canPlay=false checkRestr=true
DEBUG_MANA_PAYMENT: getAIPlayableMana Forest (115) manaAbilities=[{T}: Add {G}.]
DEBUG_MANA_PAYMENT: filterLand Forest (115) api=Mana manaAb=true canPlay=false checkRestr=true
DEBUG_MANA_PAYMENT: getAIPlayableMana Swamp (105) manaAbilities=[{T}: Add {B}.]
DEBUG_MANA_PAYMENT: sortedManaSources = [Swamp (105)]
DEBUG_MANA_PAYMENT: groupSourcesByManaColor sourceCard = Swamp (105)
DEBUG_MANA_PAYMENT: getAIPlayableMana Swamp (105) manaAbilities=[{T}: Add {B}.]
DEBUG_MANA_PAYMENT: groupSourcesByManaColor m = {T}: Add {B}.
DEBUG_MANA_PAYMENT: groupSourcesByManaColor manaMap  = {64=[{T}: Add {B}.], 4=[{T}: Add {B}.]}
DEBUG_MANA_PAYMENT: manaAbilityMap = {64=[{T}: Add {B}.], 4=[{T}: Add {B}.]}
DEBUG_MANA_PAYMENT: shard = {G}
Ordered Cards: 0
DEBUG_MANA_PAYMENT: sourcesForShards = {}
DEBUG_MANA_PAYMENT: groupSourcesByManaColor player=tttttttt game=forge.game.Game@7f109972 battlefield=[Swamp (105), Island (72)] hand=[Elvish Archers (84), Island (76), Giant Growth (114), Forest (118), Forest (115), Elvish Warrior (63), Shock (124)]
DEBUG_MANA_PAYMENT: getAIPlayableMana Swamp (105) manaAbilities=[{T}: Add {B}.]
DEBUG_MANA_PAYMENT: filterLand Swamp (105) api=Mana manaAb=true canPlay=true checkRestr=true
DEBUG_MANA_PAYMENT: getAIPlayableMana Island (72) manaAbilities=[{T}: Add {U}.]
DEBUG_MANA_PAYMENT: filterLand Island (72) api=Mana manaAb=true canPlay=true checkRestr=true
DEBUG_MANA_PAYMENT: getAIPlayableMana Island (76) manaAbilities=[{T}: Add {U}.]
DEBUG_MANA_PAYMENT: filterLand Island (76) api=Mana manaAb=true canPlay=false checkRestr=true
DEBUG_MANA_PAYMENT: getAIPlayableMana Forest (118) manaAbilities=[{T}: Add {G}.]
DEBUG_MANA_PAYMENT: filterLand Forest (118) api=Mana manaAb=true canPlay=false checkRestr=true
DEBUG_MANA_PAYMENT: getAIPlayableMana Forest (115) manaAbilities=[{T}: Add {G}.]
DEBUG_MANA_PAYMENT: filterLand Forest (115) api=Mana manaAb=true canPlay=false checkRestr=true
DEBUG_MANA_PAYMENT: getAIPlayableMana Swamp (105) manaAbilities=[{T}: Add {B}.]
DEBUG_MANA_PAYMENT: getAIPlayableMana Island (72) manaAbilities=[{T}: Add {U}.]
DEBUG_MANA_PAYMENT: sortedManaSources = [Swamp (105), Island (72)]
DEBUG_MANA_PAYMENT: groupSourcesByManaColor sourceCard = Swamp (105)
DEBUG_MANA_PAYMENT: getAIPlayableMana Swamp (105) manaAbilities=[{T}: Add {B}.]
DEBUG_MANA_PAYMENT: groupSourcesByManaColor m = {T}: Add {B}.
DEBUG_MANA_PAYMENT: groupSourcesByManaColor manaMap  = {64=[{T}: Add {B}.], 4=[{T}: Add {B}.]}
DEBUG_MANA_PAYMENT: groupSourcesByManaColor sourceCard = Island (72)
DEBUG_MANA_PAYMENT: getAIPlayableMana Island (72) manaAbilities=[{T}: Add {U}.]
DEBUG_MANA_PAYMENT: groupSourcesByManaColor m = {T}: Add {U}.
DEBUG_MANA_PAYMENT: groupSourcesByManaColor manaMap  = {64=[{T}: Add {B}., {T}: Add {U}.], 4=[{T}: Add {B}.], 2=[{T}: Add {U}.]}
DEBUG_MANA_PAYMENT: manaAbilityMap = {64=[{T}: Add {B}., {T}: Add {U}.], 4=[{T}: Add {B}.], 2=[{T}: Add {U}.]}
DEBUG_MANA_PAYMENT: shard = {G}
DEBUG_MANA_PAYMENT: shard = {1}
Ordered Cards: 2Swamp, Island, 
Unsorted Abilities: [{T}: Add {B}., {T}: Add {U}.]
Sorted Abilities: [{T}: Add {B}., {T}: Add {U}.]
DEBUG_MANA_PAYMENT: sourcesForShards = {{1}=[{T}: Add {B}., {T}: Add {U}.]}
DEBUG_MANA_PAYMENT: groupSourcesByManaColor player=tttttttt game=forge.game.Game@7f109972 battlefield=[Swamp (105), Island (72)] hand=[Elvish Archers (84), Island (76), Giant Growth (114), Forest (118), Forest (115), Elvish Warrior (63), Shock (124)]
DEBUG_MANA_PAYMENT: getAIPlayableMana Swamp (105) manaAbilities=[{T}: Add {B}.]
DEBUG_MANA_PAYMENT: filterLand Swamp (105) api=Mana manaAb=true canPlay=true checkRestr=true
DEBUG_MANA_PAYMENT: getAIPlayableMana Island (72) manaAbilities=[{T}: Add {U}.]
DEBUG_MANA_PAYMENT: filterLand Island (72) api=Mana manaAb=true canPlay=true checkRestr=true
DEBUG_MANA_PAYMENT: getAIPlayableMana Island (76) manaAbilities=[{T}: Add {U}.]
DEBUG_MANA_PAYMENT: filterLand Island (76) api=Mana manaAb=true canPlay=false checkRestr=true
DEBUG_MANA_PAYMENT: getAIPlayableMana Forest (118) manaAbilities=[{T}: Add {G}.]
DEBUG_MANA_PAYMENT: filterLand Forest (118) api=Mana manaAb=true canPlay=false checkRestr=true
DEBUG_MANA_PAYMENT: getAIPlayableMana Forest (115) manaAbilities=[{T}: Add {G}.]
DEBUG_MANA_PAYMENT: filterLand Forest (115) api=Mana manaAb=true canPlay=false checkRestr=true
DEBUG_MANA_PAYMENT: getAIPlayableMana Swamp (105) manaAbilities=[{T}: Add {B}.]
DEBUG_MANA_PAYMENT: getAIPlayableMana Island (72) manaAbilities=[{T}: Add {U}.]
DEBUG_MANA_PAYMENT: sortedManaSources = [Swamp (105), Island (72)]
DEBUG_MANA_PAYMENT: groupSourcesByManaColor sourceCard = Swamp (105)
DEBUG_MANA_PAYMENT: getAIPlayableMana Swamp (105) manaAbilities=[{T}: Add {B}.]
DEBUG_MANA_PAYMENT: groupSourcesByManaColor m = {T}: Add {B}.
DEBUG_MANA_PAYMENT: groupSourcesByManaColor manaMap  = {64=[{T}: Add {B}.], 4=[{T}: Add {B}.]}
DEBUG_MANA_PAYMENT: groupSourcesByManaColor sourceCard = Island (72)
DEBUG_MANA_PAYMENT: getAIPlayableMana Island (72) manaAbilities=[{T}: Add {U}.]
DEBUG_MANA_PAYMENT: groupSourcesByManaColor m = {T}: Add {U}.
DEBUG_MANA_PAYMENT: groupSourcesByManaColor manaMap  = {64=[{T}: Add {B}., {T}: Add {U}.], 4=[{T}: Add {B}.], 2=[{T}: Add {U}.]}
DEBUG_MANA_PAYMENT: manaAbilityMap = {64=[{T}: Add {B}., {T}: Add {U}.], 4=[{T}: Add {B}.], 2=[{T}: Add {U}.]}
DEBUG_MANA_PAYMENT: shard = {G}
Ordered Cards: 0
DEBUG_MANA_PAYMENT: sourcesForShards = {}
Hibernate: select p1_0.id,p1_0.avatar,p1_0.banned,p1_0.banned_at,p1_0.created,p1_0.degree_level,p1_0.display_name,p1_0.email,p1_0.experience,p1_0.last_login,p1_0.level,p1_0.password_hash,p1_0.role,p1_0.specialization,p1_0.student_id from players p1_0 where p1_0.email=?
Hibernate: select m1_0.id,m1_0.battle_code,m1_0.created_at,m1_0.deck1_id,m1_0.deck2_id,m1_0.ended_at,m1_0.event_id,m1_0.player1_id,m1_0.player2_id,m1_0.status,m1_0.win_condition,m1_0.winner_id from matches m1_0 where m1_0.id=?
Hibernate: select p1_0.id,p1_0.avatar,p1_0.banned,p1_0.banned_at,p1_0.created,p1_0.degree_level,p1_0.display_name,p1_0.email,p1_0.experience,p1_0.last_login,p1_0.level,p1_0.password_hash,p1_0.role,p1_0.specialization,p1_0.student_id from players p1_0 where p1_0.id=?
DEBUG_MANA_PAYMENT: groupSourcesByManaColor player=tttttttt game=forge.game.Game@7f109972 battlefield=[Swamp (105), Island (72), Forest (118)] hand=[Elvish Archers (84), Island (76), Giant Growth (114), Forest (115), Elvish Warrior (63), Shock (124), Mountain (94)]
DEBUG_MANA_PAYMENT: getAIPlayableMana Swamp (105) manaAbilities=[{T}: Add {B}.]
DEBUG_MANA_PAYMENT: filterLand Swamp (105) api=Mana manaAb=true canPlay=true checkRestr=true
DEBUG_MANA_PAYMENT: getAIPlayableMana Island (72) manaAbilities=[{T}: Add {U}.]
DEBUG_MANA_PAYMENT: filterLand Island (72) api=Mana manaAb=true canPlay=true checkRestr=true
DEBUG_MANA_PAYMENT: getAIPlayableMana Forest (118) manaAbilities=[{T}: Add {G}.]
DEBUG_MANA_PAYMENT: filterLand Forest (118) api=Mana manaAb=true canPlay=true checkRestr=true
DEBUG_MANA_PAYMENT: getAIPlayableMana Island (76) manaAbilities=[{T}: Add {U}.]
DEBUG_MANA_PAYMENT: filterLand Island (76) api=Mana manaAb=true canPlay=false checkRestr=true
DEBUG_MANA_PAYMENT: getAIPlayableMana Forest (115) manaAbilities=[{T}: Add {G}.]
DEBUG_MANA_PAYMENT: filterLand Forest (115) api=Mana manaAb=true canPlay=false checkRestr=true
DEBUG_MANA_PAYMENT: getAIPlayableMana Mountain (94) manaAbilities=[{T}: Add {R}.]
DEBUG_MANA_PAYMENT: filterLand Mountain (94) api=Mana manaAb=true canPlay=false checkRestr=true
DEBUG_MANA_PAYMENT: getAIPlayableMana Swamp (105) manaAbilities=[{T}: Add {B}.]
DEBUG_MANA_PAYMENT: getAIPlayableMana Island (72) manaAbilities=[{T}: Add {U}.]
DEBUG_MANA_PAYMENT: getAIPlayableMana Forest (118) manaAbilities=[{T}: Add {G}.]
DEBUG_MANA_PAYMENT: sortedManaSources = [Swamp (105), Island (72), Forest (118)]
DEBUG_MANA_PAYMENT: groupSourcesByManaColor sourceCard = Swamp (105)
DEBUG_MANA_PAYMENT: getAIPlayableMana Swamp (105) manaAbilities=[{T}: Add {B}.]
DEBUG_MANA_PAYMENT: groupSourcesByManaColor m = {T}: Add {B}.
DEBUG_MANA_PAYMENT: groupSourcesByManaColor manaMap  = {64=[{T}: Add {B}.], 4=[{T}: Add {B}.]}
DEBUG_MANA_PAYMENT: groupSourcesByManaColor sourceCard = Island (72)
DEBUG_MANA_PAYMENT: getAIPlayableMana Island (72) manaAbilities=[{T}: Add {U}.]
DEBUG_MANA_PAYMENT: groupSourcesByManaColor m = {T}: Add {U}.
DEBUG_MANA_PAYMENT: groupSourcesByManaColor manaMap  = {64=[{T}: Add {B}., {T}: Add {U}.], 4=[{T}: Add {B}.], 2=[{T}: Add {U}.]}
DEBUG_MANA_PAYMENT: groupSourcesByManaColor sourceCard = Forest (118)
DEBUG_MANA_PAYMENT: getAIPlayableMana Forest (118) manaAbilities=[{T}: Add {G}.]
DEBUG_MANA_PAYMENT: groupSourcesByManaColor m = {T}: Add {G}.
DEBUG_MANA_PAYMENT: groupSourcesByManaColor manaMap  = {64=[{T}: Add {B}., {T}: Add {U}., {T}: Add {G}.], 4=[{T}: Add {B}.], 2=[{T}: Add {U}.], 16=[{T}: Add {G}.]}
DEBUG_MANA_PAYMENT: manaAbilityMap = {64=[{T}: Add {B}., {T}: Add {U}., {T}: Add {G}.], 4=[{T}: Add {B}.], 2=[{T}: Add {U}.], 16=[{T}: Add {G}.]}
DEBUG_MANA_PAYMENT: shard = {G}
DEBUG_MANA_PAYMENT: shard = {1}
Ordered Cards: 3Forest, Swamp, Island, 
Unsorted Abilities: [{T}: Add {G}.]
Sorted Abilities: [{T}: Add {G}.]
Unsorted Abilities: [{T}: Add {B}., {T}: Add {U}., {T}: Add {G}.]
Sorted Abilities: [{T}: Add {B}., {T}: Add {U}., {T}: Add {G}.]
DEBUG_MANA_PAYMENT: sourcesForShards = {{G}=[{T}: Add {G}.], {1}=[{T}: Add {B}., {T}: Add {U}., {T}: Add {G}.]}
DEBUG_MANA_PAYMENT: groupSourcesByManaColor player=tttttttt game=forge.game.Game@1132120a battlefield=[Swamp (105), Island (72), Forest (118)] hand=[Island (76), Giant Growth (114), Forest (115), Elvish Warrior (63), Shock (124), Mountain (94)]
DEBUG_MANA_PAYMENT: getAIPlayableMana Swamp (105) manaAbilities=[{T}: Add {B}.]
DEBUG_MANA_PAYMENT: filterLand Swamp (105) api=Mana manaAb=true canPlay=true checkRestr=true
DEBUG_MANA_PAYMENT: getAIPlayableMana Island (72) manaAbilities=[{T}: Add {U}.]
DEBUG_MANA_PAYMENT: filterLand Island (72) api=Mana manaAb=true canPlay=true checkRestr=true
DEBUG_MANA_PAYMENT: getAIPlayableMana Forest (118) manaAbilities=[{T}: Add {G}.]
DEBUG_MANA_PAYMENT: filterLand Forest (118) api=Mana manaAb=true canPlay=true checkRestr=true
DEBUG_MANA_PAYMENT: getAIPlayableMana Island (76) manaAbilities=[{T}: Add {U}.]
DEBUG_MANA_PAYMENT: filterLand Island (76) api=Mana manaAb=true canPlay=false checkRestr=true
DEBUG_MANA_PAYMENT: getAIPlayableMana Forest (115) manaAbilities=[{T}: Add {G}.]
DEBUG_MANA_PAYMENT: filterLand Forest (115) api=Mana manaAb=true canPlay=false checkRestr=true
DEBUG_MANA_PAYMENT: getAIPlayableMana Mountain (94) manaAbilities=[{T}: Add {R}.]
DEBUG_MANA_PAYMENT: filterLand Mountain (94) api=Mana manaAb=true canPlay=false checkRestr=true
DEBUG_MANA_PAYMENT: getAIPlayableMana Swamp (105) manaAbilities=[{T}: Add {B}.]
DEBUG_MANA_PAYMENT: getAIPlayableMana Island (72) manaAbilities=[{T}: Add {U}.]
DEBUG_MANA_PAYMENT: getAIPlayableMana Forest (118) manaAbilities=[{T}: Add {G}.]
DEBUG_MANA_PAYMENT: sortedManaSources = [Swamp (105), Island (72), Forest (118)]
DEBUG_MANA_PAYMENT: groupSourcesByManaColor sourceCard = Swamp (105)
DEBUG_MANA_PAYMENT: getAIPlayableMana Swamp (105) manaAbilities=[{T}: Add {B}.]
DEBUG_MANA_PAYMENT: groupSourcesByManaColor m = {T}: Add {B}.
DEBUG_MANA_PAYMENT: groupSourcesByManaColor manaMap  = {64=[{T}: Add {B}.], 4=[{T}: Add {B}.]}
DEBUG_MANA_PAYMENT: groupSourcesByManaColor sourceCard = Island (72)
DEBUG_MANA_PAYMENT: getAIPlayableMana Island (72) manaAbilities=[{T}: Add {U}.]
DEBUG_MANA_PAYMENT: groupSourcesByManaColor m = {T}: Add {U}.
DEBUG_MANA_PAYMENT: groupSourcesByManaColor manaMap  = {64=[{T}: Add {B}., {T}: Add {U}.], 4=[{T}: Add {B}.], 2=[{T}: Add {U}.]}
DEBUG_MANA_PAYMENT: groupSourcesByManaColor sourceCard = Forest (118)
DEBUG_MANA_PAYMENT: getAIPlayableMana Forest (118) manaAbilities=[{T}: Add {G}.]
DEBUG_MANA_PAYMENT: groupSourcesByManaColor m = {T}: Add {G}.
DEBUG_MANA_PAYMENT: groupSourcesByManaColor manaMap  = {64=[{T}: Add {B}., {T}: Add {U}., {T}: Add {G}.], 4=[{T}: Add {B}.], 2=[{T}: Add {U}.], 16=[{T}: Add {G}.]}
DEBUG_MANA_PAYMENT: manaAbilityMap = {64=[{T}: Add {B}., {T}: Add {U}., {T}: Add {G}.], 4=[{T}: Add {B}.], 2=[{T}: Add {U}.], 16=[{T}: Add {G}.]}
DEBUG_MANA_PAYMENT: shard = {G}
DEBUG_MANA_PAYMENT: shard = {1}
Ordered Cards: 3Forest, Swamp, Island, 
Unsorted Abilities: [{T}: Add {G}.]
Sorted Abilities: [{T}: Add {G}.]
Unsorted Abilities: [{T}: Add {B}., {T}: Add {U}., {T}: Add {G}.]
Sorted Abilities: [{T}: Add {B}., {T}: Add {U}., {T}: Add {G}.]
DEBUG_MANA_PAYMENT: sourcesForShards = {{G}=[{T}: Add {G}.], {1}=[{T}: Add {B}., {T}: Add {U}., {T}: Add {G}.]}
DEBUG_MANA_PAYMENT: groupSourcesByManaColor player=tttttttt game=forge.game.Game@7f109972 battlefield=[Swamp (105), Island (72), Forest (118)] hand=[Island (76), Giant Growth (114), Forest (115), Elvish Warrior (63), Shock (124), Mountain (94)]
DEBUG_MANA_PAYMENT: getAIPlayableMana Swamp (105) manaAbilities=[{T}: Add {B}.]
DEBUG_MANA_PAYMENT: filterLand Swamp (105) api=Mana manaAb=true canPlay=true checkRestr=true
DEBUG_MANA_PAYMENT: getAIPlayableMana Island (72) manaAbilities=[{T}: Add {U}.]
DEBUG_MANA_PAYMENT: filterLand Island (72) api=Mana manaAb=true canPlay=true checkRestr=true
DEBUG_MANA_PAYMENT: getAIPlayableMana Forest (118) manaAbilities=[{T}: Add {G}.]
DEBUG_MANA_PAYMENT: filterLand Forest (118) api=Mana manaAb=true canPlay=true checkRestr=true
DEBUG_MANA_PAYMENT: getAIPlayableMana Island (76) manaAbilities=[{T}: Add {U}.]
DEBUG_MANA_PAYMENT: filterLand Island (76) api=Mana manaAb=true canPlay=false checkRestr=true
DEBUG_MANA_PAYMENT: getAIPlayableMana Forest (115) manaAbilities=[{T}: Add {G}.]
DEBUG_MANA_PAYMENT: filterLand Forest (115) api=Mana manaAb=true canPlay=false checkRestr=true
DEBUG_MANA_PAYMENT: getAIPlayableMana Mountain (94) manaAbilities=[{T}: Add {R}.]
DEBUG_MANA_PAYMENT: filterLand Mountain (94) api=Mana manaAb=true canPlay=false checkRestr=true
DEBUG_MANA_PAYMENT: getAIPlayableMana Swamp (105) manaAbilities=[{T}: Add {B}.]
DEBUG_MANA_PAYMENT: getAIPlayableMana Island (72) manaAbilities=[{T}: Add {U}.]
DEBUG_MANA_PAYMENT: getAIPlayableMana Forest (118) manaAbilities=[{T}: Add {G}.]
DEBUG_MANA_PAYMENT: sortedManaSources = [Swamp (105), Island (72), Forest (118)]
DEBUG_MANA_PAYMENT: groupSourcesByManaColor sourceCard = Swamp (105)
DEBUG_MANA_PAYMENT: getAIPlayableMana Swamp (105) manaAbilities=[{T}: Add {B}.]
DEBUG_MANA_PAYMENT: groupSourcesByManaColor m = {T}: Add {B}.
DEBUG_MANA_PAYMENT: groupSourcesByManaColor manaMap  = {64=[{T}: Add {B}.], 4=[{T}: Add {B}.]}
DEBUG_MANA_PAYMENT: groupSourcesByManaColor sourceCard = Island (72)
DEBUG_MANA_PAYMENT: getAIPlayableMana Island (72) manaAbilities=[{T}: Add {U}.]
DEBUG_MANA_PAYMENT: groupSourcesByManaColor m = {T}: Add {U}.
DEBUG_MANA_PAYMENT: groupSourcesByManaColor manaMap  = {64=[{T}: Add {B}., {T}: Add {U}.], 4=[{T}: Add {B}.], 2=[{T}: Add {U}.]}
DEBUG_MANA_PAYMENT: groupSourcesByManaColor sourceCard = Forest (118)
DEBUG_MANA_PAYMENT: getAIPlayableMana Forest (118) manaAbilities=[{T}: Add {G}.]
DEBUG_MANA_PAYMENT: groupSourcesByManaColor m = {T}: Add {G}.
DEBUG_MANA_PAYMENT: groupSourcesByManaColor manaMap  = {64=[{T}: Add {B}., {T}: Add {U}., {T}: Add {G}.], 4=[{T}: Add {B}.], 2=[{T}: Add {U}.], 16=[{T}: Add {G}.]}
DEBUG_MANA_PAYMENT: manaAbilityMap = {64=[{T}: Add {B}., {T}: Add {U}., {T}: Add {G}.], 4=[{T}: Add {B}.], 2=[{T}: Add {U}.], 16=[{T}: Add {G}.]}
DEBUG_MANA_PAYMENT: shard = {G}
DEBUG_MANA_PAYMENT: shard = {1}
Ordered Cards: 3Forest, Swamp, Island, 
Unsorted Abilities: [{T}: Add {G}.]
Sorted Abilities: [{T}: Add {G}.]
Unsorted Abilities: [{T}: Add {B}., {T}: Add {U}., {T}: Add {G}.]
Sorted Abilities: [{T}: Add {B}., {T}: Add {U}., {T}: Add {G}.]
DEBUG_MANA_PAYMENT: sourcesForShards = {{G}=[{T}: Add {G}.], {1}=[{T}: Add {B}., {T}: Add {U}., {T}: Add {G}.]}
DEBUG_MANA_PAYMENT: groupSourcesByManaColor player=tttttttt game=forge.game.Game@7f109972 battlefield=[Swamp (105), Island (72), Forest (118), Elvish Archers (84)] hand=[Island (76), Giant Growth (114), Forest (115), Elvish Warrior (63), Shock (124), Mountain (94)]
DEBUG_MANA_PAYMENT: getAIPlayableMana Swamp (105) manaAbilities=[{T}: Add {B}.]
DEBUG_MANA_PAYMENT: filterLand Swamp (105) api=Mana manaAb=true canPlay=false checkRestr=true
DEBUG_MANA_PAYMENT: getAIPlayableMana Island (72) manaAbilities=[{T}: Add {U}.]
DEBUG_MANA_PAYMENT: filterLand Island (72) api=Mana manaAb=true canPlay=true checkRestr=true
DEBUG_MANA_PAYMENT: getAIPlayableMana Forest (118) manaAbilities=[{T}: Add {G}.]
DEBUG_MANA_PAYMENT: filterLand Forest (118) api=Mana manaAb=true canPlay=false checkRestr=true
DEBUG_MANA_PAYMENT: getAIPlayableMana Island (76) manaAbilities=[{T}: Add {U}.]
DEBUG_MANA_PAYMENT: filterLand Island (76) api=Mana manaAb=true canPlay=false checkRestr=true
DEBUG_MANA_PAYMENT: getAIPlayableMana Forest (115) manaAbilities=[{T}: Add {G}.]
DEBUG_MANA_PAYMENT: filterLand Forest (115) api=Mana manaAb=true canPlay=false checkRestr=true
DEBUG_MANA_PAYMENT: getAIPlayableMana Mountain (94) manaAbilities=[{T}: Add {R}.]
DEBUG_MANA_PAYMENT: filterLand Mountain (94) api=Mana manaAb=true canPlay=false checkRestr=true
DEBUG_MANA_PAYMENT: getAIPlayableMana Island (72) manaAbilities=[{T}: Add {U}.]
DEBUG_MANA_PAYMENT: sortedManaSources = [Island (72)]
DEBUG_MANA_PAYMENT: groupSourcesByManaColor sourceCard = Island (72)
DEBUG_MANA_PAYMENT: getAIPlayableMana Island (72) manaAbilities=[{T}: Add {U}.]
DEBUG_MANA_PAYMENT: groupSourcesByManaColor m = {T}: Add {U}.
DEBUG_MANA_PAYMENT: groupSourcesByManaColor manaMap  = {64=[{T}: Add {U}.], 2=[{T}: Add {U}.]}
DEBUG_MANA_PAYMENT: manaAbilityMap = {64=[{T}: Add {U}.], 2=[{T}: Add {U}.]}
DEBUG_MANA_PAYMENT: shard = {G}
Ordered Cards: 0
DEBUG_MANA_PAYMENT: sourcesForShards = {}
Mountain Did not have activator set in SpellAbilityRestriction.canPlay()
DEBUG_MANA_PAYMENT: groupSourcesByManaColor player=tttttttt game=forge.game.Game@16561eb9 battlefield=[Swamp (105), Island (72), Forest (118), Elvish Archers (84)] hand=[Island (76), Giant Growth (114), Forest (115), Elvish Warrior (63), Shock (124), Mountain (94), Mountain (87)]
DEBUG_MANA_PAYMENT: getAIPlayableMana Swamp (105) manaAbilities=[{T}: Add {B}.]
DEBUG_MANA_PAYMENT: filterLand Swamp (105) api=Mana manaAb=true canPlay=true checkRestr=true
DEBUG_MANA_PAYMENT: getAIPlayableMana Island (72) manaAbilities=[{T}: Add {U}.]
DEBUG_MANA_PAYMENT: filterLand Island (72) api=Mana manaAb=true canPlay=true checkRestr=true
DEBUG_MANA_PAYMENT: getAIPlayableMana Forest (118) manaAbilities=[{T}: Add {G}.]
DEBUG_MANA_PAYMENT: filterLand Forest (118) api=Mana manaAb=true canPlay=true checkRestr=true
DEBUG_MANA_PAYMENT: getAIPlayableMana Island (76) manaAbilities=[{T}: Add {U}.]
DEBUG_MANA_PAYMENT: filterLand Island (76) api=Mana manaAb=true canPlay=false checkRestr=true
DEBUG_MANA_PAYMENT: getAIPlayableMana Forest (115) manaAbilities=[{T}: Add {G}.]
DEBUG_MANA_PAYMENT: filterLand Forest (115) api=Mana manaAb=true canPlay=false checkRestr=true
DEBUG_MANA_PAYMENT: getAIPlayableMana Mountain (94) manaAbilities=[{T}: Add {R}.]
DEBUG_MANA_PAYMENT: filterLand Mountain (94) api=Mana manaAb=true canPlay=false checkRestr=true
DEBUG_MANA_PAYMENT: getAIPlayableMana Mountain (87) manaAbilities=[{T}: Add {R}.]
DEBUG_MANA_PAYMENT: filterLand Mountain (87) api=Mana manaAb=true canPlay=false checkRestr=true
DEBUG_MANA_PAYMENT: getAIPlayableMana Swamp (105) manaAbilities=[{T}: Add {B}.]
DEBUG_MANA_PAYMENT: getAIPlayableMana Island (72) manaAbilities=[{T}: Add {U}.]
DEBUG_MANA_PAYMENT: getAIPlayableMana Forest (118) manaAbilities=[{T}: Add {G}.]
DEBUG_MANA_PAYMENT: sortedManaSources = [Swamp (105), Island (72), Forest (118)]
DEBUG_MANA_PAYMENT: groupSourcesByManaColor sourceCard = Swamp (105)
DEBUG_MANA_PAYMENT: getAIPlayableMana Swamp (105) manaAbilities=[{T}: Add {B}.]
DEBUG_MANA_PAYMENT: groupSourcesByManaColor m = {T}: Add {B}.
DEBUG_MANA_PAYMENT: groupSourcesByManaColor manaMap  = {64=[{T}: Add {B}.], 4=[{T}: Add {B}.]}
DEBUG_MANA_PAYMENT: groupSourcesByManaColor sourceCard = Island (72)
DEBUG_MANA_PAYMENT: getAIPlayableMana Island (72) manaAbilities=[{T}: Add {U}.]
DEBUG_MANA_PAYMENT: groupSourcesByManaColor m = {T}: Add {U}.
DEBUG_MANA_PAYMENT: groupSourcesByManaColor manaMap  = {64=[{T}: Add {B}., {T}: Add {U}.], 4=[{T}: Add {B}.], 2=[{T}: Add {U}.]}
DEBUG_MANA_PAYMENT: groupSourcesByManaColor sourceCard = Forest (118)
DEBUG_MANA_PAYMENT: getAIPlayableMana Forest (118) manaAbilities=[{T}: Add {G}.]
DEBUG_MANA_PAYMENT: groupSourcesByManaColor m = {T}: Add {G}.
DEBUG_MANA_PAYMENT: groupSourcesByManaColor manaMap  = {64=[{T}: Add {B}., {T}: Add {U}., {T}: Add {G}.], 4=[{T}: Add {B}.], 2=[{T}: Add {U}.], 16=[{T}: Add {G}.]}
DEBUG_MANA_PAYMENT: manaAbilityMap = {64=[{T}: Add {B}., {T}: Add {U}., {T}: Add {G}.], 4=[{T}: Add {B}.], 2=[{T}: Add {U}.], 16=[{T}: Add {G}.]}
DEBUG_MANA_PAYMENT: shard = {R}
Ordered Cards: 0
DEBUG_MANA_PAYMENT: sourcesForShards = {}
DEBUG_MANA_PAYMENT: groupSourcesByManaColor player=tttttttt game=forge.game.Game@16561eb9 battlefield=[Swamp (105), Island (72), Forest (118), Elvish Archers (84)] hand=[Island (76), Giant Growth (114), Forest (115), Elvish Warrior (63), Shock (124), Mountain (94), Mountain (87)]
DEBUG_MANA_PAYMENT: getAIPlayableMana Swamp (105) manaAbilities=[{T}: Add {B}.]
DEBUG_MANA_PAYMENT: filterLand Swamp (105) api=Mana manaAb=true canPlay=true checkRestr=true
DEBUG_MANA_PAYMENT: getAIPlayableMana Island (72) manaAbilities=[{T}: Add {U}.]
DEBUG_MANA_PAYMENT: filterLand Island (72) api=Mana manaAb=true canPlay=true checkRestr=true
DEBUG_MANA_PAYMENT: getAIPlayableMana Forest (118) manaAbilities=[{T}: Add {G}.]
DEBUG_MANA_PAYMENT: filterLand Forest (118) api=Mana manaAb=true canPlay=true checkRestr=true
DEBUG_MANA_PAYMENT: getAIPlayableMana Island (76) manaAbilities=[{T}: Add {U}.]
DEBUG_MANA_PAYMENT: filterLand Island (76) api=Mana manaAb=true canPlay=false checkRestr=true
DEBUG_MANA_PAYMENT: getAIPlayableMana Forest (115) manaAbilities=[{T}: Add {G}.]
DEBUG_MANA_PAYMENT: filterLand Forest (115) api=Mana manaAb=true canPlay=false checkRestr=true
DEBUG_MANA_PAYMENT: getAIPlayableMana Mountain (94) manaAbilities=[{T}: Add {R}.]
DEBUG_MANA_PAYMENT: filterLand Mountain (94) api=Mana manaAb=true canPlay=false checkRestr=true
DEBUG_MANA_PAYMENT: getAIPlayableMana Mountain (87) manaAbilities=[{T}: Add {R}.]
DEBUG_MANA_PAYMENT: filterLand Mountain (87) api=Mana manaAb=true canPlay=false checkRestr=true
DEBUG_MANA_PAYMENT: getAIPlayableMana Swamp (105) manaAbilities=[{T}: Add {B}.]
DEBUG_MANA_PAYMENT: getAIPlayableMana Island (72) manaAbilities=[{T}: Add {U}.]
DEBUG_MANA_PAYMENT: getAIPlayableMana Forest (118) manaAbilities=[{T}: Add {G}.]
DEBUG_MANA_PAYMENT: sortedManaSources = [Swamp (105), Island (72), Forest (118)]
DEBUG_MANA_PAYMENT: groupSourcesByManaColor sourceCard = Swamp (105)
DEBUG_MANA_PAYMENT: getAIPlayableMana Swamp (105) manaAbilities=[{T}: Add {B}.]
DEBUG_MANA_PAYMENT: groupSourcesByManaColor m = {T}: Add {B}.
DEBUG_MANA_PAYMENT: groupSourcesByManaColor manaMap  = {64=[{T}: Add {B}.], 4=[{T}: Add {B}.]}
DEBUG_MANA_PAYMENT: groupSourcesByManaColor sourceCard = Island (72)
DEBUG_MANA_PAYMENT: getAIPlayableMana Island (72) manaAbilities=[{T}: Add {U}.]
DEBUG_MANA_PAYMENT: groupSourcesByManaColor m = {T}: Add {U}.
DEBUG_MANA_PAYMENT: groupSourcesByManaColor manaMap  = {64=[{T}: Add {B}., {T}: Add {U}.], 4=[{T}: Add {B}.], 2=[{T}: Add {U}.]}
DEBUG_MANA_PAYMENT: groupSourcesByManaColor sourceCard = Forest (118)
DEBUG_MANA_PAYMENT: getAIPlayableMana Forest (118) manaAbilities=[{T}: Add {G}.]
DEBUG_MANA_PAYMENT: groupSourcesByManaColor m = {T}: Add {G}.
DEBUG_MANA_PAYMENT: groupSourcesByManaColor manaMap  = {64=[{T}: Add {B}., {T}: Add {U}., {T}: Add {G}.], 4=[{T}: Add {B}.], 2=[{T}: Add {U}.], 16=[{T}: Add {G}.]}
DEBUG_MANA_PAYMENT: manaAbilityMap = {64=[{T}: Add {B}., {T}: Add {U}., {T}: Add {G}.], 4=[{T}: Add {B}.], 2=[{T}: Add {U}.], 16=[{T}: Add {G}.]}
DEBUG_MANA_PAYMENT: shard = {R}
Ordered Cards: 0
DEBUG_MANA_PAYMENT: sourcesForShards = {}
DEBUG_MANA_PAYMENT: groupSourcesByManaColor player=tttttttt game=forge.game.Game@3756feee battlefield=[Swamp (105), Island (72), Forest (118), Elvish Archers (84)] hand=[Island (76), Giant Growth (114), Forest (115), Elvish Warrior (63), Shock (124), Mountain (94), Mountain (87)]
DEBUG_MANA_PAYMENT: getAIPlayableMana Swamp (105) manaAbilities=[{T}: Add {B}.]
DEBUG_MANA_PAYMENT: filterLand Swamp (105) api=Mana manaAb=true canPlay=true checkRestr=true
DEBUG_MANA_PAYMENT: getAIPlayableMana Island (72) manaAbilities=[{T}: Add {U}.]
DEBUG_MANA_PAYMENT: filterLand Island (72) api=Mana manaAb=true canPlay=true checkRestr=true
DEBUG_MANA_PAYMENT: getAIPlayableMana Forest (118) manaAbilities=[{T}: Add {G}.]
DEBUG_MANA_PAYMENT: filterLand Forest (118) api=Mana manaAb=true canPlay=true checkRestr=true
DEBUG_MANA_PAYMENT: getAIPlayableMana Island (76) manaAbilities=[{T}: Add {U}.]
DEBUG_MANA_PAYMENT: filterLand Island (76) api=Mana manaAb=true canPlay=false checkRestr=true
DEBUG_MANA_PAYMENT: getAIPlayableMana Forest (115) manaAbilities=[{T}: Add {G}.]
DEBUG_MANA_PAYMENT: filterLand Forest (115) api=Mana manaAb=true canPlay=false checkRestr=true
DEBUG_MANA_PAYMENT: getAIPlayableMana Mountain (94) manaAbilities=[{T}: Add {R}.]
DEBUG_MANA_PAYMENT: filterLand Mountain (94) api=Mana manaAb=true canPlay=false checkRestr=true
DEBUG_MANA_PAYMENT: getAIPlayableMana Mountain (87) manaAbilities=[{T}: Add {R}.]
DEBUG_MANA_PAYMENT: filterLand Mountain (87) api=Mana manaAb=true canPlay=false checkRestr=true
DEBUG_MANA_PAYMENT: getAIPlayableMana Swamp (105) manaAbilities=[{T}: Add {B}.]
DEBUG_MANA_PAYMENT: getAIPlayableMana Island (72) manaAbilities=[{T}: Add {U}.]
DEBUG_MANA_PAYMENT: getAIPlayableMana Forest (118) manaAbilities=[{T}: Add {G}.]
DEBUG_MANA_PAYMENT: sortedManaSources = [Swamp (105), Island (72), Forest (118)]
DEBUG_MANA_PAYMENT: groupSourcesByManaColor sourceCard = Swamp (105)
DEBUG_MANA_PAYMENT: getAIPlayableMana Swamp (105) manaAbilities=[{T}: Add {B}.]
DEBUG_MANA_PAYMENT: groupSourcesByManaColor m = {T}: Add {B}.
DEBUG_MANA_PAYMENT: groupSourcesByManaColor manaMap  = {64=[{T}: Add {B}.], 4=[{T}: Add {B}.]}
DEBUG_MANA_PAYMENT: groupSourcesByManaColor sourceCard = Island (72)
DEBUG_MANA_PAYMENT: getAIPlayableMana Island (72) manaAbilities=[{T}: Add {U}.]
DEBUG_MANA_PAYMENT: groupSourcesByManaColor m = {T}: Add {U}.
DEBUG_MANA_PAYMENT: groupSourcesByManaColor manaMap  = {64=[{T}: Add {B}., {T}: Add {U}.], 4=[{T}: Add {B}.], 2=[{T}: Add {U}.]}
DEBUG_MANA_PAYMENT: groupSourcesByManaColor sourceCard = Forest (118)
DEBUG_MANA_PAYMENT: getAIPlayableMana Forest (118) manaAbilities=[{T}: Add {G}.]
DEBUG_MANA_PAYMENT: groupSourcesByManaColor m = {T}: Add {G}.
DEBUG_MANA_PAYMENT: groupSourcesByManaColor manaMap  = {64=[{T}: Add {B}., {T}: Add {U}., {T}: Add {G}.], 4=[{T}: Add {B}.], 2=[{T}: Add {U}.], 16=[{T}: Add {G}.]}
DEBUG_MANA_PAYMENT: manaAbilityMap = {64=[{T}: Add {B}., {T}: Add {U}., {T}: Add {G}.], 4=[{T}: Add {B}.], 2=[{T}: Add {U}.], 16=[{T}: Add {G}.]}
DEBUG_MANA_PAYMENT: shard = {R}
Ordered Cards: 0
DEBUG_MANA_PAYMENT: sourcesForShards = {}
DEBUG_MANA_PAYMENT: groupSourcesByManaColor player=tttttttt game=forge.game.Game@3756feee battlefield=[Swamp (105), Island (72), Forest (118), Elvish Archers (84)] hand=[Island (76), Giant Growth (114), Forest (115), Elvish Warrior (63), Shock (124), Mountain (94), Mountain (87)]
DEBUG_MANA_PAYMENT: getAIPlayableMana Swamp (105) manaAbilities=[{T}: Add {B}.]
DEBUG_MANA_PAYMENT: filterLand Swamp (105) api=Mana manaAb=true canPlay=true checkRestr=true
DEBUG_MANA_PAYMENT: getAIPlayableMana Island (72) manaAbilities=[{T}: Add {U}.]
DEBUG_MANA_PAYMENT: filterLand Island (72) api=Mana manaAb=true canPlay=true checkRestr=true
DEBUG_MANA_PAYMENT: getAIPlayableMana Forest (118) manaAbilities=[{T}: Add {G}.]
DEBUG_MANA_PAYMENT: filterLand Forest (118) api=Mana manaAb=true canPlay=true checkRestr=true
DEBUG_MANA_PAYMENT: getAIPlayableMana Island (76) manaAbilities=[{T}: Add {U}.]
DEBUG_MANA_PAYMENT: filterLand Island (76) api=Mana manaAb=true canPlay=false checkRestr=true
DEBUG_MANA_PAYMENT: getAIPlayableMana Forest (115) manaAbilities=[{T}: Add {G}.]
DEBUG_MANA_PAYMENT: filterLand Forest (115) api=Mana manaAb=true canPlay=false checkRestr=true
DEBUG_MANA_PAYMENT: getAIPlayableMana Mountain (94) manaAbilities=[{T}: Add {R}.]
DEBUG_MANA_PAYMENT: filterLand Mountain (94) api=Mana manaAb=true canPlay=false checkRestr=true
DEBUG_MANA_PAYMENT: getAIPlayableMana Mountain (87) manaAbilities=[{T}: Add {R}.]
DEBUG_MANA_PAYMENT: filterLand Mountain (87) api=Mana manaAb=true canPlay=false checkRestr=true
DEBUG_MANA_PAYMENT: getAIPlayableMana Swamp (105) manaAbilities=[{T}: Add {B}.]
DEBUG_MANA_PAYMENT: getAIPlayableMana Island (72) manaAbilities=[{T}: Add {U}.]
DEBUG_MANA_PAYMENT: getAIPlayableMana Forest (118) manaAbilities=[{T}: Add {G}.]
DEBUG_MANA_PAYMENT: sortedManaSources = [Swamp (105), Island (72), Forest (118)]
DEBUG_MANA_PAYMENT: groupSourcesByManaColor sourceCard = Swamp (105)
DEBUG_MANA_PAYMENT: getAIPlayableMana Swamp (105) manaAbilities=[{T}: Add {B}.]
DEBUG_MANA_PAYMENT: groupSourcesByManaColor m = {T}: Add {B}.
DEBUG_MANA_PAYMENT: groupSourcesByManaColor manaMap  = {64=[{T}: Add {B}.], 4=[{T}: Add {B}.]}
DEBUG_MANA_PAYMENT: groupSourcesByManaColor sourceCard = Island (72)
DEBUG_MANA_PAYMENT: getAIPlayableMana Island (72) manaAbilities=[{T}: Add {U}.]
DEBUG_MANA_PAYMENT: groupSourcesByManaColor m = {T}: Add {U}.
DEBUG_MANA_PAYMENT: groupSourcesByManaColor manaMap  = {64=[{T}: Add {B}., {T}: Add {U}.], 4=[{T}: Add {B}.], 2=[{T}: Add {U}.]}
DEBUG_MANA_PAYMENT: groupSourcesByManaColor sourceCard = Forest (118)
DEBUG_MANA_PAYMENT: getAIPlayableMana Forest (118) manaAbilities=[{T}: Add {G}.]
DEBUG_MANA_PAYMENT: groupSourcesByManaColor m = {T}: Add {G}.
DEBUG_MANA_PAYMENT: groupSourcesByManaColor manaMap  = {64=[{T}: Add {B}., {T}: Add {U}., {T}: Add {G}.], 4=[{T}: Add {B}.], 2=[{T}: Add {U}.], 16=[{T}: Add {G}.]}
DEBUG_MANA_PAYMENT: manaAbilityMap = {64=[{T}: Add {B}., {T}: Add {U}., {T}: Add {G}.], 4=[{T}: Add {B}.], 2=[{T}: Add {U}.], 16=[{T}: Add {G}.]}
DEBUG_MANA_PAYMENT: shard = {R}
Ordered Cards: 0
DEBUG_MANA_PAYMENT: sourcesForShards = {}
DEBUG_MANA_PAYMENT: groupSourcesByManaColor player=tttttttt game=forge.game.Game@5918e61 battlefield=[Swamp (105), Island (72), Forest (118), Elvish Archers (84), Mountain (94)] hand=[Island (76), Giant Growth (114), Forest (115), Elvish Warrior (63), Shock (124), Mountain (87)]
DEBUG_MANA_PAYMENT: getAIPlayableMana Swamp (105) manaAbilities=[{T}: Add {B}.]
DEBUG_MANA_PAYMENT: filterLand Swamp (105) api=Mana manaAb=true canPlay=true checkRestr=true
DEBUG_MANA_PAYMENT: getAIPlayableMana Island (72) manaAbilities=[{T}: Add {U}.]
DEBUG_MANA_PAYMENT: filterLand Island (72) api=Mana manaAb=true canPlay=true checkRestr=true
DEBUG_MANA_PAYMENT: getAIPlayableMana Forest (118) manaAbilities=[{T}: Add {G}.]
DEBUG_MANA_PAYMENT: filterLand Forest (118) api=Mana manaAb=true canPlay=true checkRestr=true
DEBUG_MANA_PAYMENT: getAIPlayableMana Mountain (94) manaAbilities=[{T}: Add {R}.]
DEBUG_MANA_PAYMENT: filterLand Mountain (94) api=Mana manaAb=true canPlay=true checkRestr=true
DEBUG_MANA_PAYMENT: getAIPlayableMana Island (76) manaAbilities=[{T}: Add {U}.]
DEBUG_MANA_PAYMENT: filterLand Island (76) api=Mana manaAb=true canPlay=false checkRestr=true
DEBUG_MANA_PAYMENT: getAIPlayableMana Forest (115) manaAbilities=[{T}: Add {G}.]
DEBUG_MANA_PAYMENT: filterLand Forest (115) api=Mana manaAb=true canPlay=false checkRestr=true
DEBUG_MANA_PAYMENT: getAIPlayableMana Mountain (87) manaAbilities=[{T}: Add {R}.]
DEBUG_MANA_PAYMENT: filterLand Mountain (87) api=Mana manaAb=true canPlay=false checkRestr=true
DEBUG_MANA_PAYMENT: getAIPlayableMana Swamp (105) manaAbilities=[{T}: Add {B}.]
DEBUG_MANA_PAYMENT: getAIPlayableMana Island (72) manaAbilities=[{T}: Add {U}.]
DEBUG_MANA_PAYMENT: getAIPlayableMana Forest (118) manaAbilities=[{T}: Add {G}.]
DEBUG_MANA_PAYMENT: getAIPlayableMana Mountain (94) manaAbilities=[{T}: Add {R}.]
DEBUG_MANA_PAYMENT: sortedManaSources = [Swamp (105), Island (72), Forest (118), Mountain (94)]
DEBUG_MANA_PAYMENT: groupSourcesByManaColor sourceCard = Swamp (105)
DEBUG_MANA_PAYMENT: getAIPlayableMana Swamp (105) manaAbilities=[{T}: Add {B}.]
DEBUG_MANA_PAYMENT: groupSourcesByManaColor m = {T}: Add {B}.
DEBUG_MANA_PAYMENT: groupSourcesByManaColor manaMap  = {64=[{T}: Add {B}.], 4=[{T}: Add {B}.]}
DEBUG_MANA_PAYMENT: groupSourcesByManaColor sourceCard = Island (72)
DEBUG_MANA_PAYMENT: getAIPlayableMana Island (72) manaAbilities=[{T}: Add {U}.]
DEBUG_MANA_PAYMENT: groupSourcesByManaColor m = {T}: Add {U}.
DEBUG_MANA_PAYMENT: groupSourcesByManaColor manaMap  = {64=[{T}: Add {B}., {T}: Add {U}.], 4=[{T}: Add {B}.], 2=[{T}: Add {U}.]}
DEBUG_MANA_PAYMENT: groupSourcesByManaColor sourceCard = Forest (118)
DEBUG_MANA_PAYMENT: getAIPlayableMana Forest (118) manaAbilities=[{T}: Add {G}.]
DEBUG_MANA_PAYMENT: groupSourcesByManaColor m = {T}: Add {G}.
DEBUG_MANA_PAYMENT: groupSourcesByManaColor manaMap  = {64=[{T}: Add {B}., {T}: Add {U}., {T}: Add {G}.], 4=[{T}: Add {B}.], 2=[{T}: Add {U}.], 16=[{T}: Add {G}.]}
DEBUG_MANA_PAYMENT: groupSourcesByManaColor sourceCard = Mountain (94)
DEBUG_MANA_PAYMENT: getAIPlayableMana Mountain (94) manaAbilities=[{T}: Add {R}.]
DEBUG_MANA_PAYMENT: groupSourcesByManaColor m = {T}: Add {R}.
DEBUG_MANA_PAYMENT: groupSourcesByManaColor manaMap  = {64=[{T}: Add {B}., {T}: Add {U}., {T}: Add {G}., {T}: Add {R}.], 4=[{T}: Add {B}.], 2=[{T}: Add {U}.], 16=[{T}: Add {G}.], 8=[{T}: Add {R}.]}
DEBUG_MANA_PAYMENT: manaAbilityMap = {64=[{T}: Add {B}., {T}: Add {U}., {T}: Add {G}., {T}: Add {R}.], 4=[{T}: Add {B}.], 2=[{T}: Add {U}.], 16=[{T}: Add {G}.], 8=[{T}: Add {R}.]}
DEBUG_MANA_PAYMENT: shard = {R}
Ordered Cards: 1Mountain, 
Unsorted Abilities: [{T}: Add {R}.]
Sorted Abilities: [{T}: Add {R}.]
DEBUG_MANA_PAYMENT: sourcesForShards = {{R}=[{T}: Add {R}.]}
DEBUG_MANA_PAYMENT: groupSourcesByManaColor player=tttttttt game=forge.game.Game@5918e61 battlefield=[Swamp (105), Island (72), Forest (118), Elvish Archers (84), Mountain (94)] hand=[Island (76), Giant Growth (114), Forest (115), Elvish Warrior (63), Shock (124), Mountain (87)]
DEBUG_MANA_PAYMENT: getAIPlayableMana Swamp (105) manaAbilities=[{T}: Add {B}.]
DEBUG_MANA_PAYMENT: filterLand Swamp (105) api=Mana manaAb=true canPlay=true checkRestr=true
DEBUG_MANA_PAYMENT: getAIPlayableMana Island (72) manaAbilities=[{T}: Add {U}.]
DEBUG_MANA_PAYMENT: filterLand Island (72) api=Mana manaAb=true canPlay=true checkRestr=true
DEBUG_MANA_PAYMENT: getAIPlayableMana Forest (118) manaAbilities=[{T}: Add {G}.]
DEBUG_MANA_PAYMENT: filterLand Forest (118) api=Mana manaAb=true canPlay=true checkRestr=true
DEBUG_MANA_PAYMENT: getAIPlayableMana Mountain (94) manaAbilities=[{T}: Add {R}.]
DEBUG_MANA_PAYMENT: filterLand Mountain (94) api=Mana manaAb=true canPlay=true checkRestr=true
DEBUG_MANA_PAYMENT: getAIPlayableMana Island (76) manaAbilities=[{T}: Add {U}.]
DEBUG_MANA_PAYMENT: filterLand Island (76) api=Mana manaAb=true canPlay=false checkRestr=true
DEBUG_MANA_PAYMENT: getAIPlayableMana Forest (115) manaAbilities=[{T}: Add {G}.]
DEBUG_MANA_PAYMENT: filterLand Forest (115) api=Mana manaAb=true canPlay=false checkRestr=true
DEBUG_MANA_PAYMENT: getAIPlayableMana Mountain (87) manaAbilities=[{T}: Add {R}.]
DEBUG_MANA_PAYMENT: filterLand Mountain (87) api=Mana manaAb=true canPlay=false checkRestr=true
DEBUG_MANA_PAYMENT: getAIPlayableMana Swamp (105) manaAbilities=[{T}: Add {B}.]
DEBUG_MANA_PAYMENT: getAIPlayableMana Island (72) manaAbilities=[{T}: Add {U}.]
DEBUG_MANA_PAYMENT: getAIPlayableMana Forest (118) manaAbilities=[{T}: Add {G}.]
DEBUG_MANA_PAYMENT: getAIPlayableMana Mountain (94) manaAbilities=[{T}: Add {R}.]
DEBUG_MANA_PAYMENT: sortedManaSources = [Swamp (105), Island (72), Forest (118), Mountain (94)]
DEBUG_MANA_PAYMENT: groupSourcesByManaColor sourceCard = Swamp (105)
DEBUG_MANA_PAYMENT: getAIPlayableMana Swamp (105) manaAbilities=[{T}: Add {B}.]
DEBUG_MANA_PAYMENT: groupSourcesByManaColor m = {T}: Add {B}.
DEBUG_MANA_PAYMENT: groupSourcesByManaColor manaMap  = {64=[{T}: Add {B}.], 4=[{T}: Add {B}.]}
DEBUG_MANA_PAYMENT: groupSourcesByManaColor sourceCard = Island (72)
DEBUG_MANA_PAYMENT: getAIPlayableMana Island (72) manaAbilities=[{T}: Add {U}.]
DEBUG_MANA_PAYMENT: groupSourcesByManaColor m = {T}: Add {U}.
DEBUG_MANA_PAYMENT: groupSourcesByManaColor manaMap  = {64=[{T}: Add {B}., {T}: Add {U}.], 4=[{T}: Add {B}.], 2=[{T}: Add {U}.]}
DEBUG_MANA_PAYMENT: groupSourcesByManaColor sourceCard = Forest (118)
DEBUG_MANA_PAYMENT: getAIPlayableMana Forest (118) manaAbilities=[{T}: Add {G}.]
DEBUG_MANA_PAYMENT: groupSourcesByManaColor m = {T}: Add {G}.
DEBUG_MANA_PAYMENT: groupSourcesByManaColor manaMap  = {64=[{T}: Add {B}., {T}: Add {U}., {T}: Add {G}.], 4=[{T}: Add {B}.], 2=[{T}: Add {U}.], 16=[{T}: Add {G}.]}
DEBUG_MANA_PAYMENT: groupSourcesByManaColor sourceCard = Mountain (94)
DEBUG_MANA_PAYMENT: getAIPlayableMana Mountain (94) manaAbilities=[{T}: Add {R}.]
DEBUG_MANA_PAYMENT: groupSourcesByManaColor m = {T}: Add {R}.
DEBUG_MANA_PAYMENT: groupSourcesByManaColor manaMap  = {64=[{T}: Add {B}., {T}: Add {U}., {T}: Add {G}., {T}: Add {R}.], 4=[{T}: Add {B}.], 2=[{T}: Add {U}.], 16=[{T}: Add {G}.], 8=[{T}: Add {R}.]}
DEBUG_MANA_PAYMENT: manaAbilityMap = {64=[{T}: Add {B}., {T}: Add {U}., {T}: Add {G}., {T}: Add {R}.], 4=[{T}: Add {B}.], 2=[{T}: Add {U}.], 16=[{T}: Add {G}.], 8=[{T}: Add {R}.]}
DEBUG_MANA_PAYMENT: shard = {R}
Ordered Cards: 1Mountain, 
Unsorted Abilities: [{T}: Add {R}.]
Sorted Abilities: [{T}: Add {R}.]
DEBUG_MANA_PAYMENT: sourcesForShards = {{R}=[{T}: Add {R}.]}
DEBUG_MANA_PAYMENT: groupSourcesByManaColor player=tttttttt game=forge.game.Game@7f109972 battlefield=[Swamp (105), Island (72), Forest (118), Elvish Archers (84), Mountain (94)] hand=[Island (76), Giant Growth (114), Forest (115), Elvish Warrior (63), Shock (124), Mountain (87)]
DEBUG_MANA_PAYMENT: getAIPlayableMana Swamp (105) manaAbilities=[{T}: Add {B}.]
DEBUG_MANA_PAYMENT: filterLand Swamp (105) api=Mana manaAb=true canPlay=true checkRestr=true
DEBUG_MANA_PAYMENT: getAIPlayableMana Island (72) manaAbilities=[{T}: Add {U}.]
DEBUG_MANA_PAYMENT: filterLand Island (72) api=Mana manaAb=true canPlay=true checkRestr=true
DEBUG_MANA_PAYMENT: getAIPlayableMana Forest (118) manaAbilities=[{T}: Add {G}.]
DEBUG_MANA_PAYMENT: filterLand Forest (118) api=Mana manaAb=true canPlay=true checkRestr=true
DEBUG_MANA_PAYMENT: getAIPlayableMana Mountain (94) manaAbilities=[{T}: Add {R}.]
DEBUG_MANA_PAYMENT: filterLand Mountain (94) api=Mana manaAb=true canPlay=true checkRestr=true
DEBUG_MANA_PAYMENT: getAIPlayableMana Island (76) manaAbilities=[{T}: Add {U}.]
DEBUG_MANA_PAYMENT: filterLand Island (76) api=Mana manaAb=true canPlay=false checkRestr=true
DEBUG_MANA_PAYMENT: getAIPlayableMana Forest (115) manaAbilities=[{T}: Add {G}.]
DEBUG_MANA_PAYMENT: filterLand Forest (115) api=Mana manaAb=true canPlay=false checkRestr=true
DEBUG_MANA_PAYMENT: getAIPlayableMana Mountain (87) manaAbilities=[{T}: Add {R}.]
DEBUG_MANA_PAYMENT: filterLand Mountain (87) api=Mana manaAb=true canPlay=false checkRestr=true
DEBUG_MANA_PAYMENT: getAIPlayableMana Swamp (105) manaAbilities=[{T}: Add {B}.]
DEBUG_MANA_PAYMENT: getAIPlayableMana Island (72) manaAbilities=[{T}: Add {U}.]
DEBUG_MANA_PAYMENT: getAIPlayableMana Forest (118) manaAbilities=[{T}: Add {G}.]
DEBUG_MANA_PAYMENT: getAIPlayableMana Mountain (94) manaAbilities=[{T}: Add {R}.]
DEBUG_MANA_PAYMENT: sortedManaSources = [Swamp (105), Island (72), Forest (118), Mountain (94)]
DEBUG_MANA_PAYMENT: groupSourcesByManaColor sourceCard = Swamp (105)
DEBUG_MANA_PAYMENT: getAIPlayableMana Swamp (105) manaAbilities=[{T}: Add {B}.]
DEBUG_MANA_PAYMENT: groupSourcesByManaColor m = {T}: Add {B}.
DEBUG_MANA_PAYMENT: groupSourcesByManaColor manaMap  = {64=[{T}: Add {B}.], 4=[{T}: Add {B}.]}
DEBUG_MANA_PAYMENT: groupSourcesByManaColor sourceCard = Island (72)
DEBUG_MANA_PAYMENT: getAIPlayableMana Island (72) manaAbilities=[{T}: Add {U}.]
DEBUG_MANA_PAYMENT: groupSourcesByManaColor m = {T}: Add {U}.
DEBUG_MANA_PAYMENT: groupSourcesByManaColor manaMap  = {64=[{T}: Add {B}., {T}: Add {U}.], 4=[{T}: Add {B}.], 2=[{T}: Add {U}.]}
DEBUG_MANA_PAYMENT: groupSourcesByManaColor sourceCard = Forest (118)
DEBUG_MANA_PAYMENT: getAIPlayableMana Forest (118) manaAbilities=[{T}: Add {G}.]
DEBUG_MANA_PAYMENT: groupSourcesByManaColor m = {T}: Add {G}.
DEBUG_MANA_PAYMENT: groupSourcesByManaColor manaMap  = {64=[{T}: Add {B}., {T}: Add {U}., {T}: Add {G}.], 4=[{T}: Add {B}.], 2=[{T}: Add {U}.], 16=[{T}: Add {G}.]}
DEBUG_MANA_PAYMENT: groupSourcesByManaColor sourceCard = Mountain (94)
DEBUG_MANA_PAYMENT: getAIPlayableMana Mountain (94) manaAbilities=[{T}: Add {R}.]
DEBUG_MANA_PAYMENT: groupSourcesByManaColor m = {T}: Add {R}.
DEBUG_MANA_PAYMENT: groupSourcesByManaColor manaMap  = {64=[{T}: Add {B}., {T}: Add {U}., {T}: Add {G}., {T}: Add {R}.], 4=[{T}: Add {B}.], 2=[{T}: Add {U}.], 16=[{T}: Add {G}.], 8=[{T}: Add {R}.]}
DEBUG_MANA_PAYMENT: manaAbilityMap = {64=[{T}: Add {B}., {T}: Add {U}., {T}: Add {G}., {T}: Add {R}.], 4=[{T}: Add {B}.], 2=[{T}: Add {U}.], 16=[{T}: Add {G}.], 8=[{T}: Add {R}.]}
DEBUG_MANA_PAYMENT: shard = {R}
Ordered Cards: 1Mountain, 
Unsorted Abilities: [{T}: Add {R}.]
Sorted Abilities: [{T}: Add {R}.]
DEBUG_MANA_PAYMENT: sourcesForShards = {{R}=[{T}: Add {R}.]}
DEBUG_MANA_PAYMENT: groupSourcesByManaColor player=tttttttt game=forge.game.Game@7f109972 battlefield=[Swamp (105), Island (72), Forest (118), Elvish Archers (84), Mountain (94)] hand=[Island (76), Giant Growth (114), Forest (115), Elvish Warrior (63), Shock (124), Mountain (87)]
DEBUG_MANA_PAYMENT: getAIPlayableMana Swamp (105) manaAbilities=[{T}: Add {B}.]
DEBUG_MANA_PAYMENT: filterLand Swamp (105) api=Mana manaAb=true canPlay=true checkRestr=true
DEBUG_MANA_PAYMENT: getAIPlayableMana Island (72) manaAbilities=[{T}: Add {U}.]
DEBUG_MANA_PAYMENT: filterLand Island (72) api=Mana manaAb=true canPlay=true checkRestr=true
DEBUG_MANA_PAYMENT: getAIPlayableMana Forest (118) manaAbilities=[{T}: Add {G}.]
DEBUG_MANA_PAYMENT: filterLand Forest (118) api=Mana manaAb=true canPlay=true checkRestr=true
DEBUG_MANA_PAYMENT: getAIPlayableMana Mountain (94) manaAbilities=[{T}: Add {R}.]
DEBUG_MANA_PAYMENT: filterLand Mountain (94) api=Mana manaAb=true canPlay=true checkRestr=true
DEBUG_MANA_PAYMENT: getAIPlayableMana Island (76) manaAbilities=[{T}: Add {U}.]
DEBUG_MANA_PAYMENT: filterLand Island (76) api=Mana manaAb=true canPlay=false checkRestr=true
DEBUG_MANA_PAYMENT: getAIPlayableMana Forest (115) manaAbilities=[{T}: Add {G}.]
DEBUG_MANA_PAYMENT: filterLand Forest (115) api=Mana manaAb=true canPlay=false checkRestr=true
DEBUG_MANA_PAYMENT: getAIPlayableMana Mountain (87) manaAbilities=[{T}: Add {R}.]
DEBUG_MANA_PAYMENT: filterLand Mountain (87) api=Mana manaAb=true canPlay=false checkRestr=true
DEBUG_MANA_PAYMENT: getAIPlayableMana Swamp (105) manaAbilities=[{T}: Add {B}.]
DEBUG_MANA_PAYMENT: getAIPlayableMana Island (72) manaAbilities=[{T}: Add {U}.]
DEBUG_MANA_PAYMENT: getAIPlayableMana Forest (118) manaAbilities=[{T}: Add {G}.]
DEBUG_MANA_PAYMENT: getAIPlayableMana Mountain (94) manaAbilities=[{T}: Add {R}.]
DEBUG_MANA_PAYMENT: sortedManaSources = [Swamp (105), Island (72), Forest (118), Mountain (94)]
DEBUG_MANA_PAYMENT: groupSourcesByManaColor sourceCard = Swamp (105)
DEBUG_MANA_PAYMENT: getAIPlayableMana Swamp (105) manaAbilities=[{T}: Add {B}.]
DEBUG_MANA_PAYMENT: groupSourcesByManaColor m = {T}: Add {B}.
DEBUG_MANA_PAYMENT: groupSourcesByManaColor manaMap  = {64=[{T}: Add {B}.], 4=[{T}: Add {B}.]}
DEBUG_MANA_PAYMENT: groupSourcesByManaColor sourceCard = Island (72)
DEBUG_MANA_PAYMENT: getAIPlayableMana Island (72) manaAbilities=[{T}: Add {U}.]
DEBUG_MANA_PAYMENT: groupSourcesByManaColor m = {T}: Add {U}.
DEBUG_MANA_PAYMENT: groupSourcesByManaColor manaMap  = {64=[{T}: Add {B}., {T}: Add {U}.], 4=[{T}: Add {B}.], 2=[{T}: Add {U}.]}
DEBUG_MANA_PAYMENT: groupSourcesByManaColor sourceCard = Forest (118)
DEBUG_MANA_PAYMENT: getAIPlayableMana Forest (118) manaAbilities=[{T}: Add {G}.]
DEBUG_MANA_PAYMENT: groupSourcesByManaColor m = {T}: Add {G}.
DEBUG_MANA_PAYMENT: groupSourcesByManaColor manaMap  = {64=[{T}: Add {B}., {T}: Add {U}., {T}: Add {G}.], 4=[{T}: Add {B}.], 2=[{T}: Add {U}.], 16=[{T}: Add {G}.]}
DEBUG_MANA_PAYMENT: groupSourcesByManaColor sourceCard = Mountain (94)
DEBUG_MANA_PAYMENT: getAIPlayableMana Mountain (94) manaAbilities=[{T}: Add {R}.]
DEBUG_MANA_PAYMENT: groupSourcesByManaColor m = {T}: Add {R}.
DEBUG_MANA_PAYMENT: groupSourcesByManaColor manaMap  = {64=[{T}: Add {B}., {T}: Add {U}., {T}: Add {G}., {T}: Add {R}.], 4=[{T}: Add {B}.], 2=[{T}: Add {U}.], 16=[{T}: Add {G}.], 8=[{T}: Add {R}.]}
DEBUG_MANA_PAYMENT: manaAbilityMap = {64=[{T}: Add {B}., {T}: Add {U}., {T}: Add {G}., {T}: Add {R}.], 4=[{T}: Add {B}.], 2=[{T}: Add {U}.], 16=[{T}: Add {G}.], 8=[{T}: Add {R}.]}
DEBUG_MANA_PAYMENT: shard = {R}
Ordered Cards: 1Mountain, 
Unsorted Abilities: [{T}: Add {R}.]
Sorted Abilities: [{T}: Add {R}.]
DEBUG_MANA_PAYMENT: sourcesForShards = {{R}=[{T}: Add {R}.]}
DEBUG_MANA_PAYMENT: groupSourcesByManaColor player=tttttttt game=forge.game.Game@7f109972 battlefield=[Swamp (105), Island (72), Forest (118), Elvish Archers (84), Mountain (94)] hand=[Island (76), Giant Growth (114), Forest (115), Elvish Warrior (63), Shock (124), Mountain (87)]
DEBUG_MANA_PAYMENT: getAIPlayableMana Swamp (105) manaAbilities=[{T}: Add {B}.]
DEBUG_MANA_PAYMENT: filterLand Swamp (105) api=Mana manaAb=true canPlay=true checkRestr=true
DEBUG_MANA_PAYMENT: getAIPlayableMana Island (72) manaAbilities=[{T}: Add {U}.]
DEBUG_MANA_PAYMENT: filterLand Island (72) api=Mana manaAb=true canPlay=true checkRestr=true
DEBUG_MANA_PAYMENT: getAIPlayableMana Forest (118) manaAbilities=[{T}: Add {G}.]
DEBUG_MANA_PAYMENT: filterLand Forest (118) api=Mana manaAb=true canPlay=true checkRestr=true
DEBUG_MANA_PAYMENT: getAIPlayableMana Mountain (94) manaAbilities=[{T}: Add {R}.]
DEBUG_MANA_PAYMENT: filterLand Mountain (94) api=Mana manaAb=true canPlay=true checkRestr=true
DEBUG_MANA_PAYMENT: getAIPlayableMana Island (76) manaAbilities=[{T}: Add {U}.]
DEBUG_MANA_PAYMENT: filterLand Island (76) api=Mana manaAb=true canPlay=false checkRestr=true
DEBUG_MANA_PAYMENT: getAIPlayableMana Forest (115) manaAbilities=[{T}: Add {G}.]
DEBUG_MANA_PAYMENT: filterLand Forest (115) api=Mana manaAb=true canPlay=false checkRestr=true
DEBUG_MANA_PAYMENT: getAIPlayableMana Mountain (87) manaAbilities=[{T}: Add {R}.]
DEBUG_MANA_PAYMENT: filterLand Mountain (87) api=Mana manaAb=true canPlay=false checkRestr=true
DEBUG_MANA_PAYMENT: getAIPlayableMana Swamp (105) manaAbilities=[{T}: Add {B}.]
DEBUG_MANA_PAYMENT: getAIPlayableMana Island (72) manaAbilities=[{T}: Add {U}.]
DEBUG_MANA_PAYMENT: getAIPlayableMana Forest (118) manaAbilities=[{T}: Add {G}.]
DEBUG_MANA_PAYMENT: getAIPlayableMana Mountain (94) manaAbilities=[{T}: Add {R}.]
DEBUG_MANA_PAYMENT: sortedManaSources = [Swamp (105), Island (72), Forest (118), Mountain (94)]
DEBUG_MANA_PAYMENT: groupSourcesByManaColor sourceCard = Swamp (105)
DEBUG_MANA_PAYMENT: getAIPlayableMana Swamp (105) manaAbilities=[{T}: Add {B}.]
DEBUG_MANA_PAYMENT: groupSourcesByManaColor m = {T}: Add {B}.
DEBUG_MANA_PAYMENT: groupSourcesByManaColor manaMap  = {64=[{T}: Add {B}.], 4=[{T}: Add {B}.]}
DEBUG_MANA_PAYMENT: groupSourcesByManaColor sourceCard = Island (72)
DEBUG_MANA_PAYMENT: getAIPlayableMana Island (72) manaAbilities=[{T}: Add {U}.]
DEBUG_MANA_PAYMENT: groupSourcesByManaColor m = {T}: Add {U}.
DEBUG_MANA_PAYMENT: groupSourcesByManaColor manaMap  = {64=[{T}: Add {B}., {T}: Add {U}.], 4=[{T}: Add {B}.], 2=[{T}: Add {U}.]}
DEBUG_MANA_PAYMENT: groupSourcesByManaColor sourceCard = Forest (118)
DEBUG_MANA_PAYMENT: getAIPlayableMana Forest (118) manaAbilities=[{T}: Add {G}.]
DEBUG_MANA_PAYMENT: groupSourcesByManaColor m = {T}: Add {G}.
DEBUG_MANA_PAYMENT: groupSourcesByManaColor manaMap  = {64=[{T}: Add {B}., {T}: Add {U}., {T}: Add {G}.], 4=[{T}: Add {B}.], 2=[{T}: Add {U}.], 16=[{T}: Add {G}.]}
DEBUG_MANA_PAYMENT: groupSourcesByManaColor sourceCard = Mountain (94)
DEBUG_MANA_PAYMENT: getAIPlayableMana Mountain (94) manaAbilities=[{T}: Add {R}.]
DEBUG_MANA_PAYMENT: groupSourcesByManaColor m = {T}: Add {R}.
DEBUG_MANA_PAYMENT: groupSourcesByManaColor manaMap  = {64=[{T}: Add {B}., {T}: Add {U}., {T}: Add {G}., {T}: Add {R}.], 4=[{T}: Add {B}.], 2=[{T}: Add {U}.], 16=[{T}: Add {G}.], 8=[{T}: Add {R}.]}
DEBUG_MANA_PAYMENT: manaAbilityMap = {64=[{T}: Add {B}., {T}: Add {U}., {T}: Add {G}., {T}: Add {R}.], 4=[{T}: Add {B}.], 2=[{T}: Add {U}.], 16=[{T}: Add {G}.], 8=[{T}: Add {R}.]}
DEBUG_MANA_PAYMENT: shard = {R}
Ordered Cards: 1Mountain, 
Unsorted Abilities: [{T}: Add {R}.]
Sorted Abilities: [{T}: Add {R}.]
DEBUG_MANA_PAYMENT: sourcesForShards = {{R}=[{T}: Add {R}.]}
DEBUG_MANA_PAYMENT: groupSourcesByManaColor player=tttttttt game=forge.game.Game@7f109972 battlefield=[Swamp (105), Island (72), Forest (118), Elvish Archers (84), Mountain (94)] hand=[Island (76), Giant Growth (114), Forest (115), Elvish Warrior (63), Shock (124), Mountain (87)]
DEBUG_MANA_PAYMENT: getAIPlayableMana Swamp (105) manaAbilities=[{T}: Add {B}.]
DEBUG_MANA_PAYMENT: filterLand Swamp (105) api=Mana manaAb=true canPlay=true checkRestr=true
DEBUG_MANA_PAYMENT: getAIPlayableMana Island (72) manaAbilities=[{T}: Add {U}.]
DEBUG_MANA_PAYMENT: filterLand Island (72) api=Mana manaAb=true canPlay=true checkRestr=true
DEBUG_MANA_PAYMENT: getAIPlayableMana Forest (118) manaAbilities=[{T}: Add {G}.]
DEBUG_MANA_PAYMENT: filterLand Forest (118) api=Mana manaAb=true canPlay=true checkRestr=true
DEBUG_MANA_PAYMENT: getAIPlayableMana Mountain (94) manaAbilities=[{T}: Add {R}.]
DEBUG_MANA_PAYMENT: filterLand Mountain (94) api=Mana manaAb=true canPlay=true checkRestr=true
DEBUG_MANA_PAYMENT: getAIPlayableMana Island (76) manaAbilities=[{T}: Add {U}.]
DEBUG_MANA_PAYMENT: filterLand Island (76) api=Mana manaAb=true canPlay=false checkRestr=true
DEBUG_MANA_PAYMENT: getAIPlayableMana Forest (115) manaAbilities=[{T}: Add {G}.]
DEBUG_MANA_PAYMENT: filterLand Forest (115) api=Mana manaAb=true canPlay=false checkRestr=true
DEBUG_MANA_PAYMENT: getAIPlayableMana Mountain (87) manaAbilities=[{T}: Add {R}.]
DEBUG_MANA_PAYMENT: filterLand Mountain (87) api=Mana manaAb=true canPlay=false checkRestr=true
DEBUG_MANA_PAYMENT: getAIPlayableMana Swamp (105) manaAbilities=[{T}: Add {B}.]
DEBUG_MANA_PAYMENT: getAIPlayableMana Island (72) manaAbilities=[{T}: Add {U}.]
DEBUG_MANA_PAYMENT: getAIPlayableMana Forest (118) manaAbilities=[{T}: Add {G}.]
DEBUG_MANA_PAYMENT: getAIPlayableMana Mountain (94) manaAbilities=[{T}: Add {R}.]
DEBUG_MANA_PAYMENT: sortedManaSources = [Swamp (105), Island (72), Forest (118), Mountain (94)]
DEBUG_MANA_PAYMENT: groupSourcesByManaColor sourceCard = Swamp (105)
DEBUG_MANA_PAYMENT: getAIPlayableMana Swamp (105) manaAbilities=[{T}: Add {B}.]
DEBUG_MANA_PAYMENT: groupSourcesByManaColor m = {T}: Add {B}.
DEBUG_MANA_PAYMENT: groupSourcesByManaColor manaMap  = {64=[{T}: Add {B}.], 4=[{T}: Add {B}.]}
DEBUG_MANA_PAYMENT: groupSourcesByManaColor sourceCard = Island (72)
DEBUG_MANA_PAYMENT: getAIPlayableMana Island (72) manaAbilities=[{T}: Add {U}.]
DEBUG_MANA_PAYMENT: groupSourcesByManaColor m = {T}: Add {U}.
DEBUG_MANA_PAYMENT: groupSourcesByManaColor manaMap  = {64=[{T}: Add {B}., {T}: Add {U}.], 4=[{T}: Add {B}.], 2=[{T}: Add {U}.]}
DEBUG_MANA_PAYMENT: groupSourcesByManaColor sourceCard = Forest (118)
DEBUG_MANA_PAYMENT: getAIPlayableMana Forest (118) manaAbilities=[{T}: Add {G}.]
DEBUG_MANA_PAYMENT: groupSourcesByManaColor m = {T}: Add {G}.
DEBUG_MANA_PAYMENT: groupSourcesByManaColor manaMap  = {64=[{T}: Add {B}., {T}: Add {U}., {T}: Add {G}.], 4=[{T}: Add {B}.], 2=[{T}: Add {U}.], 16=[{T}: Add {G}.]}
DEBUG_MANA_PAYMENT: groupSourcesByManaColor sourceCard = Mountain (94)
DEBUG_MANA_PAYMENT: getAIPlayableMana Mountain (94) manaAbilities=[{T}: Add {R}.]
DEBUG_MANA_PAYMENT: groupSourcesByManaColor m = {T}: Add {R}.
DEBUG_MANA_PAYMENT: groupSourcesByManaColor manaMap  = {64=[{T}: Add {B}., {T}: Add {U}., {T}: Add {G}., {T}: Add {R}.], 4=[{T}: Add {B}.], 2=[{T}: Add {U}.], 16=[{T}: Add {G}.], 8=[{T}: Add {R}.]}
DEBUG_MANA_PAYMENT: manaAbilityMap = {64=[{T}: Add {B}., {T}: Add {U}., {T}: Add {G}., {T}: Add {R}.], 4=[{T}: Add {B}.], 2=[{T}: Add {U}.], 16=[{T}: Add {G}.], 8=[{T}: Add {R}.]}
DEBUG_MANA_PAYMENT: shard = {R}
Ordered Cards: 1Mountain, 
Unsorted Abilities: [{T}: Add {R}.]
Sorted Abilities: [{T}: Add {R}.]
DEBUG_MANA_PAYMENT: sourcesForShards = {{R}=[{T}: Add {R}.]}
DEBUG_MANA_PAYMENT: groupSourcesByManaColor player=tttttttt game=forge.game.Game@7f109972 battlefield=[Swamp (105), Island (72), Forest (118), Elvish Archers (84), Mountain (94)] hand=[Island (76), Giant Growth (114), Forest (115), Elvish Warrior (63), Shock (124), Mountain (87)]
DEBUG_MANA_PAYMENT: getAIPlayableMana Swamp (105) manaAbilities=[{T}: Add {B}.]
DEBUG_MANA_PAYMENT: filterLand Swamp (105) api=Mana manaAb=true canPlay=true checkRestr=true
DEBUG_MANA_PAYMENT: getAIPlayableMana Island (72) manaAbilities=[{T}: Add {U}.]
DEBUG_MANA_PAYMENT: filterLand Island (72) api=Mana manaAb=true canPlay=true checkRestr=true
DEBUG_MANA_PAYMENT: getAIPlayableMana Forest (118) manaAbilities=[{T}: Add {G}.]
DEBUG_MANA_PAYMENT: filterLand Forest (118) api=Mana manaAb=true canPlay=true checkRestr=true
DEBUG_MANA_PAYMENT: getAIPlayableMana Mountain (94) manaAbilities=[{T}: Add {R}.]
DEBUG_MANA_PAYMENT: filterLand Mountain (94) api=Mana manaAb=true canPlay=true checkRestr=true
DEBUG_MANA_PAYMENT: getAIPlayableMana Island (76) manaAbilities=[{T}: Add {U}.]
DEBUG_MANA_PAYMENT: filterLand Island (76) api=Mana manaAb=true canPlay=false checkRestr=true
DEBUG_MANA_PAYMENT: getAIPlayableMana Forest (115) manaAbilities=[{T}: Add {G}.]
DEBUG_MANA_PAYMENT: filterLand Forest (115) api=Mana manaAb=true canPlay=false checkRestr=true
DEBUG_MANA_PAYMENT: getAIPlayableMana Mountain (87) manaAbilities=[{T}: Add {R}.]
DEBUG_MANA_PAYMENT: filterLand Mountain (87) api=Mana manaAb=true canPlay=false checkRestr=true
DEBUG_MANA_PAYMENT: getAIPlayableMana Swamp (105) manaAbilities=[{T}: Add {B}.]
DEBUG_MANA_PAYMENT: getAIPlayableMana Island (72) manaAbilities=[{T}: Add {U}.]
DEBUG_MANA_PAYMENT: getAIPlayableMana Forest (118) manaAbilities=[{T}: Add {G}.]
DEBUG_MANA_PAYMENT: getAIPlayableMana Mountain (94) manaAbilities=[{T}: Add {R}.]
DEBUG_MANA_PAYMENT: sortedManaSources = [Swamp (105), Island (72), Forest (118), Mountain (94)]
DEBUG_MANA_PAYMENT: groupSourcesByManaColor sourceCard = Swamp (105)
DEBUG_MANA_PAYMENT: getAIPlayableMana Swamp (105) manaAbilities=[{T}: Add {B}.]
DEBUG_MANA_PAYMENT: groupSourcesByManaColor m = {T}: Add {B}.
DEBUG_MANA_PAYMENT: groupSourcesByManaColor manaMap  = {64=[{T}: Add {B}.], 4=[{T}: Add {B}.]}
DEBUG_MANA_PAYMENT: groupSourcesByManaColor sourceCard = Island (72)
DEBUG_MANA_PAYMENT: getAIPlayableMana Island (72) manaAbilities=[{T}: Add {U}.]
DEBUG_MANA_PAYMENT: groupSourcesByManaColor m = {T}: Add {U}.
DEBUG_MANA_PAYMENT: groupSourcesByManaColor manaMap  = {64=[{T}: Add {B}., {T}: Add {U}.], 4=[{T}: Add {B}.], 2=[{T}: Add {U}.]}
DEBUG_MANA_PAYMENT: groupSourcesByManaColor sourceCard = Forest (118)
DEBUG_MANA_PAYMENT: getAIPlayableMana Forest (118) manaAbilities=[{T}: Add {G}.]
DEBUG_MANA_PAYMENT: groupSourcesByManaColor m = {T}: Add {G}.
DEBUG_MANA_PAYMENT: groupSourcesByManaColor manaMap  = {64=[{T}: Add {B}., {T}: Add {U}., {T}: Add {G}.], 4=[{T}: Add {B}.], 2=[{T}: Add {U}.], 16=[{T}: Add {G}.]}
DEBUG_MANA_PAYMENT: groupSourcesByManaColor sourceCard = Mountain (94)
DEBUG_MANA_PAYMENT: getAIPlayableMana Mountain (94) manaAbilities=[{T}: Add {R}.]
DEBUG_MANA_PAYMENT: groupSourcesByManaColor m = {T}: Add {R}.
DEBUG_MANA_PAYMENT: groupSourcesByManaColor manaMap  = {64=[{T}: Add {B}., {T}: Add {U}., {T}: Add {G}., {T}: Add {R}.], 4=[{T}: Add {B}.], 2=[{T}: Add {U}.], 16=[{T}: Add {G}.], 8=[{T}: Add {R}.]}
DEBUG_MANA_PAYMENT: manaAbilityMap = {64=[{T}: Add {B}., {T}: Add {U}., {T}: Add {G}., {T}: Add {R}.], 4=[{T}: Add {B}.], 2=[{T}: Add {U}.], 16=[{T}: Add {G}.], 8=[{T}: Add {R}.]}
DEBUG_MANA_PAYMENT: shard = {G}
Ordered Cards: 1Forest, 
Unsorted Abilities: [{T}: Add {G}.]
Sorted Abilities: [{T}: Add {G}.]
DEBUG_MANA_PAYMENT: sourcesForShards = {{G}=[{T}: Add {G}.]}
DEBUG_MANA_PAYMENT: groupSourcesByManaColor player=tttttttt game=forge.game.Game@433fbee7 battlefield=[Swamp (105), Island (72), Forest (118), Elvish Archers (84), Mountain (94)] hand=[Island (76), Giant Growth (114), Forest (115), Elvish Warrior (63), Shock (124), Mountain (87), Plains (96)]
DEBUG_MANA_PAYMENT: getAIPlayableMana Swamp (105) manaAbilities=[{T}: Add {B}.]
DEBUG_MANA_PAYMENT: filterLand Swamp (105) api=Mana manaAb=true canPlay=true checkRestr=true
DEBUG_MANA_PAYMENT: getAIPlayableMana Island (72) manaAbilities=[{T}: Add {U}.]
DEBUG_MANA_PAYMENT: filterLand Island (72) api=Mana manaAb=true canPlay=true checkRestr=true
DEBUG_MANA_PAYMENT: getAIPlayableMana Forest (118) manaAbilities=[{T}: Add {G}.]
DEBUG_MANA_PAYMENT: filterLand Forest (118) api=Mana manaAb=true canPlay=true checkRestr=true
DEBUG_MANA_PAYMENT: getAIPlayableMana Mountain (94) manaAbilities=[{T}: Add {R}.]
DEBUG_MANA_PAYMENT: filterLand Mountain (94) api=Mana manaAb=true canPlay=true checkRestr=true
DEBUG_MANA_PAYMENT: getAIPlayableMana Island (76) manaAbilities=[{T}: Add {U}.]
DEBUG_MANA_PAYMENT: filterLand Island (76) api=Mana manaAb=true canPlay=false checkRestr=true
DEBUG_MANA_PAYMENT: getAIPlayableMana Forest (115) manaAbilities=[{T}: Add {G}.]
DEBUG_MANA_PAYMENT: filterLand Forest (115) api=Mana manaAb=true canPlay=false checkRestr=true
DEBUG_MANA_PAYMENT: getAIPlayableMana Mountain (87) manaAbilities=[{T}: Add {R}.]
DEBUG_MANA_PAYMENT: filterLand Mountain (87) api=Mana manaAb=true canPlay=false checkRestr=true
DEBUG_MANA_PAYMENT: getAIPlayableMana Plains (96) manaAbilities=[{T}: Add {W}.]
DEBUG_MANA_PAYMENT: filterLand Plains (96) api=Mana manaAb=true canPlay=false checkRestr=true
DEBUG_MANA_PAYMENT: getAIPlayableMana Swamp (105) manaAbilities=[{T}: Add {B}.]
DEBUG_MANA_PAYMENT: getAIPlayableMana Island (72) manaAbilities=[{T}: Add {U}.]
DEBUG_MANA_PAYMENT: getAIPlayableMana Forest (118) manaAbilities=[{T}: Add {G}.]
DEBUG_MANA_PAYMENT: getAIPlayableMana Mountain (94) manaAbilities=[{T}: Add {R}.]
DEBUG_MANA_PAYMENT: sortedManaSources = [Swamp (105), Island (72), Forest (118), Mountain (94)]
DEBUG_MANA_PAYMENT: groupSourcesByManaColor sourceCard = Swamp (105)
DEBUG_MANA_PAYMENT: getAIPlayableMana Swamp (105) manaAbilities=[{T}: Add {B}.]
DEBUG_MANA_PAYMENT: groupSourcesByManaColor m = {T}: Add {B}.
DEBUG_MANA_PAYMENT: groupSourcesByManaColor manaMap  = {64=[{T}: Add {B}.], 4=[{T}: Add {B}.]}
DEBUG_MANA_PAYMENT: groupSourcesByManaColor sourceCard = Island (72)
DEBUG_MANA_PAYMENT: getAIPlayableMana Island (72) manaAbilities=[{T}: Add {U}.]
DEBUG_MANA_PAYMENT: groupSourcesByManaColor m = {T}: Add {U}.
DEBUG_MANA_PAYMENT: groupSourcesByManaColor manaMap  = {64=[{T}: Add {B}., {T}: Add {U}.], 4=[{T}: Add {B}.], 2=[{T}: Add {U}.]}
DEBUG_MANA_PAYMENT: groupSourcesByManaColor sourceCard = Forest (118)
DEBUG_MANA_PAYMENT: getAIPlayableMana Forest (118) manaAbilities=[{T}: Add {G}.]
DEBUG_MANA_PAYMENT: groupSourcesByManaColor m = {T}: Add {G}.
DEBUG_MANA_PAYMENT: groupSourcesByManaColor manaMap  = {64=[{T}: Add {B}., {T}: Add {U}., {T}: Add {G}.], 4=[{T}: Add {B}.], 2=[{T}: Add {U}.], 16=[{T}: Add {G}.]}
DEBUG_MANA_PAYMENT: groupSourcesByManaColor sourceCard = Mountain (94)
DEBUG_MANA_PAYMENT: getAIPlayableMana Mountain (94) manaAbilities=[{T}: Add {R}.]
DEBUG_MANA_PAYMENT: groupSourcesByManaColor m = {T}: Add {R}.
DEBUG_MANA_PAYMENT: groupSourcesByManaColor manaMap  = {64=[{T}: Add {B}., {T}: Add {U}., {T}: Add {G}., {T}: Add {R}.], 4=[{T}: Add {B}.], 2=[{T}: Add {U}.], 16=[{T}: Add {G}.], 8=[{T}: Add {R}.]}
DEBUG_MANA_PAYMENT: manaAbilityMap = {64=[{T}: Add {B}., {T}: Add {U}., {T}: Add {G}., {T}: Add {R}.], 4=[{T}: Add {B}.], 2=[{T}: Add {U}.], 16=[{T}: Add {G}.], 8=[{T}: Add {R}.]}
DEBUG_MANA_PAYMENT: shard = {R}
Ordered Cards: 1Mountain, 
Unsorted Abilities: [{T}: Add {R}.]
Sorted Abilities: [{T}: Add {R}.]
DEBUG_MANA_PAYMENT: sourcesForShards = {{R}=[{T}: Add {R}.]}
DEBUG_MANA_PAYMENT: groupSourcesByManaColor player=tttttttt game=forge.game.Game@433fbee7 battlefield=[Swamp (105), Island (72), Forest (118), Elvish Archers (84), Mountain (94)] hand=[Island (76), Giant Growth (114), Forest (115), Elvish Warrior (63), Shock (124), Mountain (87), Plains (96)]
DEBUG_MANA_PAYMENT: getAIPlayableMana Swamp (105) manaAbilities=[{T}: Add {B}.]
DEBUG_MANA_PAYMENT: filterLand Swamp (105) api=Mana manaAb=true canPlay=true checkRestr=true
DEBUG_MANA_PAYMENT: getAIPlayableMana Island (72) manaAbilities=[{T}: Add {U}.]
DEBUG_MANA_PAYMENT: filterLand Island (72) api=Mana manaAb=true canPlay=true checkRestr=true
DEBUG_MANA_PAYMENT: getAIPlayableMana Forest (118) manaAbilities=[{T}: Add {G}.]
DEBUG_MANA_PAYMENT: filterLand Forest (118) api=Mana manaAb=true canPlay=true checkRestr=true
DEBUG_MANA_PAYMENT: getAIPlayableMana Mountain (94) manaAbilities=[{T}: Add {R}.]
DEBUG_MANA_PAYMENT: filterLand Mountain (94) api=Mana manaAb=true canPlay=true checkRestr=true
DEBUG_MANA_PAYMENT: getAIPlayableMana Island (76) manaAbilities=[{T}: Add {U}.]
DEBUG_MANA_PAYMENT: filterLand Island (76) api=Mana manaAb=true canPlay=false checkRestr=true
DEBUG_MANA_PAYMENT: getAIPlayableMana Forest (115) manaAbilities=[{T}: Add {G}.]
DEBUG_MANA_PAYMENT: filterLand Forest (115) api=Mana manaAb=true canPlay=false checkRestr=true
DEBUG_MANA_PAYMENT: getAIPlayableMana Mountain (87) manaAbilities=[{T}: Add {R}.]
DEBUG_MANA_PAYMENT: filterLand Mountain (87) api=Mana manaAb=true canPlay=false checkRestr=true
DEBUG_MANA_PAYMENT: getAIPlayableMana Plains (96) manaAbilities=[{T}: Add {W}.]
DEBUG_MANA_PAYMENT: filterLand Plains (96) api=Mana manaAb=true canPlay=false checkRestr=true
DEBUG_MANA_PAYMENT: getAIPlayableMana Swamp (105) manaAbilities=[{T}: Add {B}.]
DEBUG_MANA_PAYMENT: getAIPlayableMana Island (72) manaAbilities=[{T}: Add {U}.]
DEBUG_MANA_PAYMENT: getAIPlayableMana Forest (118) manaAbilities=[{T}: Add {G}.]
DEBUG_MANA_PAYMENT: getAIPlayableMana Mountain (94) manaAbilities=[{T}: Add {R}.]
DEBUG_MANA_PAYMENT: sortedManaSources = [Swamp (105), Island (72), Forest (118), Mountain (94)]
DEBUG_MANA_PAYMENT: groupSourcesByManaColor sourceCard = Swamp (105)
DEBUG_MANA_PAYMENT: getAIPlayableMana Swamp (105) manaAbilities=[{T}: Add {B}.]
DEBUG_MANA_PAYMENT: groupSourcesByManaColor m = {T}: Add {B}.
DEBUG_MANA_PAYMENT: groupSourcesByManaColor manaMap  = {64=[{T}: Add {B}.], 4=[{T}: Add {B}.]}
DEBUG_MANA_PAYMENT: groupSourcesByManaColor sourceCard = Island (72)
DEBUG_MANA_PAYMENT: getAIPlayableMana Island (72) manaAbilities=[{T}: Add {U}.]
DEBUG_MANA_PAYMENT: groupSourcesByManaColor m = {T}: Add {U}.
DEBUG_MANA_PAYMENT: groupSourcesByManaColor manaMap  = {64=[{T}: Add {B}., {T}: Add {U}.], 4=[{T}: Add {B}.], 2=[{T}: Add {U}.]}
DEBUG_MANA_PAYMENT: groupSourcesByManaColor sourceCard = Forest (118)
DEBUG_MANA_PAYMENT: getAIPlayableMana Forest (118) manaAbilities=[{T}: Add {G}.]
DEBUG_MANA_PAYMENT: groupSourcesByManaColor m = {T}: Add {G}.
DEBUG_MANA_PAYMENT: groupSourcesByManaColor manaMap  = {64=[{T}: Add {B}., {T}: Add {U}., {T}: Add {G}.], 4=[{T}: Add {B}.], 2=[{T}: Add {U}.], 16=[{T}: Add {G}.]}
DEBUG_MANA_PAYMENT: groupSourcesByManaColor sourceCard = Mountain (94)
DEBUG_MANA_PAYMENT: getAIPlayableMana Mountain (94) manaAbilities=[{T}: Add {R}.]
DEBUG_MANA_PAYMENT: groupSourcesByManaColor m = {T}: Add {R}.
DEBUG_MANA_PAYMENT: groupSourcesByManaColor manaMap  = {64=[{T}: Add {B}., {T}: Add {U}., {T}: Add {G}., {T}: Add {R}.], 4=[{T}: Add {B}.], 2=[{T}: Add {U}.], 16=[{T}: Add {G}.], 8=[{T}: Add {R}.]}
DEBUG_MANA_PAYMENT: manaAbilityMap = {64=[{T}: Add {B}., {T}: Add {U}., {T}: Add {G}., {T}: Add {R}.], 4=[{T}: Add {B}.], 2=[{T}: Add {U}.], 16=[{T}: Add {G}.], 8=[{T}: Add {R}.]}
DEBUG_MANA_PAYMENT: shard = {R}
Ordered Cards: 1Mountain, 
Unsorted Abilities: [{T}: Add {R}.]
Sorted Abilities: [{T}: Add {R}.]
DEBUG_MANA_PAYMENT: sourcesForShards = {{R}=[{T}: Add {R}.]}
DEBUG_MANA_PAYMENT: groupSourcesByManaColor player=tttttttt game=forge.game.Game@49e01da2 battlefield=[Swamp (105), Island (72), Forest (118), Elvish Archers (84), Mountain (94)] hand=[Island (76), Giant Growth (114), Forest (115), Elvish Warrior (63), Shock (124), Mountain (87), Plains (96)]
DEBUG_MANA_PAYMENT: getAIPlayableMana Swamp (105) manaAbilities=[{T}: Add {B}.]
DEBUG_MANA_PAYMENT: filterLand Swamp (105) api=Mana manaAb=true canPlay=true checkRestr=true
DEBUG_MANA_PAYMENT: getAIPlayableMana Island (72) manaAbilities=[{T}: Add {U}.]
DEBUG_MANA_PAYMENT: filterLand Island (72) api=Mana manaAb=true canPlay=true checkRestr=true
DEBUG_MANA_PAYMENT: getAIPlayableMana Forest (118) manaAbilities=[{T}: Add {G}.]
DEBUG_MANA_PAYMENT: filterLand Forest (118) api=Mana manaAb=true canPlay=true checkRestr=true
DEBUG_MANA_PAYMENT: getAIPlayableMana Mountain (94) manaAbilities=[{T}: Add {R}.]
DEBUG_MANA_PAYMENT: filterLand Mountain (94) api=Mana manaAb=true canPlay=true checkRestr=true
DEBUG_MANA_PAYMENT: getAIPlayableMana Island (76) manaAbilities=[{T}: Add {U}.]
DEBUG_MANA_PAYMENT: filterLand Island (76) api=Mana manaAb=true canPlay=false checkRestr=true
DEBUG_MANA_PAYMENT: getAIPlayableMana Forest (115) manaAbilities=[{T}: Add {G}.]
DEBUG_MANA_PAYMENT: filterLand Forest (115) api=Mana manaAb=true canPlay=false checkRestr=true
DEBUG_MANA_PAYMENT: getAIPlayableMana Mountain (87) manaAbilities=[{T}: Add {R}.]
DEBUG_MANA_PAYMENT: filterLand Mountain (87) api=Mana manaAb=true canPlay=false checkRestr=true
DEBUG_MANA_PAYMENT: getAIPlayableMana Plains (96) manaAbilities=[{T}: Add {W}.]
DEBUG_MANA_PAYMENT: filterLand Plains (96) api=Mana manaAb=true canPlay=false checkRestr=true
DEBUG_MANA_PAYMENT: getAIPlayableMana Swamp (105) manaAbilities=[{T}: Add {B}.]
DEBUG_MANA_PAYMENT: getAIPlayableMana Island (72) manaAbilities=[{T}: Add {U}.]
DEBUG_MANA_PAYMENT: getAIPlayableMana Forest (118) manaAbilities=[{T}: Add {G}.]
DEBUG_MANA_PAYMENT: getAIPlayableMana Mountain (94) manaAbilities=[{T}: Add {R}.]
DEBUG_MANA_PAYMENT: sortedManaSources = [Swamp (105), Island (72), Forest (118), Mountain (94)]
DEBUG_MANA_PAYMENT: groupSourcesByManaColor sourceCard = Swamp (105)
DEBUG_MANA_PAYMENT: getAIPlayableMana Swamp (105) manaAbilities=[{T}: Add {B}.]
DEBUG_MANA_PAYMENT: groupSourcesByManaColor m = {T}: Add {B}.
DEBUG_MANA_PAYMENT: groupSourcesByManaColor manaMap  = {64=[{T}: Add {B}.], 4=[{T}: Add {B}.]}
DEBUG_MANA_PAYMENT: groupSourcesByManaColor sourceCard = Island (72)
DEBUG_MANA_PAYMENT: getAIPlayableMana Island (72) manaAbilities=[{T}: Add {U}.]
DEBUG_MANA_PAYMENT: groupSourcesByManaColor m = {T}: Add {U}.
DEBUG_MANA_PAYMENT: groupSourcesByManaColor manaMap  = {64=[{T}: Add {B}., {T}: Add {U}.], 4=[{T}: Add {B}.], 2=[{T}: Add {U}.]}
DEBUG_MANA_PAYMENT: groupSourcesByManaColor sourceCard = Forest (118)
DEBUG_MANA_PAYMENT: getAIPlayableMana Forest (118) manaAbilities=[{T}: Add {G}.]
DEBUG_MANA_PAYMENT: groupSourcesByManaColor m = {T}: Add {G}.
DEBUG_MANA_PAYMENT: groupSourcesByManaColor manaMap  = {64=[{T}: Add {B}., {T}: Add {U}., {T}: Add {G}.], 4=[{T}: Add {B}.], 2=[{T}: Add {U}.], 16=[{T}: Add {G}.]}
DEBUG_MANA_PAYMENT: groupSourcesByManaColor sourceCard = Mountain (94)
DEBUG_MANA_PAYMENT: getAIPlayableMana Mountain (94) manaAbilities=[{T}: Add {R}.]
DEBUG_MANA_PAYMENT: groupSourcesByManaColor m = {T}: Add {R}.
DEBUG_MANA_PAYMENT: groupSourcesByManaColor manaMap  = {64=[{T}: Add {B}., {T}: Add {U}., {T}: Add {G}., {T}: Add {R}.], 4=[{T}: Add {B}.], 2=[{T}: Add {U}.], 16=[{T}: Add {G}.], 8=[{T}: Add {R}.]}
DEBUG_MANA_PAYMENT: manaAbilityMap = {64=[{T}: Add {B}., {T}: Add {U}., {T}: Add {G}., {T}: Add {R}.], 4=[{T}: Add {B}.], 2=[{T}: Add {U}.], 16=[{T}: Add {G}.], 8=[{T}: Add {R}.]}
DEBUG_MANA_PAYMENT: shard = {R}
Ordered Cards: 1Mountain, 
Unsorted Abilities: [{T}: Add {R}.]
Sorted Abilities: [{T}: Add {R}.]
DEBUG_MANA_PAYMENT: sourcesForShards = {{R}=[{T}: Add {R}.]}
DEBUG_MANA_PAYMENT: groupSourcesByManaColor player=tttttttt game=forge.game.Game@49e01da2 battlefield=[Swamp (105), Island (72), Forest (118), Elvish Archers (84), Mountain (94)] hand=[Island (76), Giant Growth (114), Forest (115), Elvish Warrior (63), Shock (124), Mountain (87), Plains (96)]
DEBUG_MANA_PAYMENT: getAIPlayableMana Swamp (105) manaAbilities=[{T}: Add {B}.]
DEBUG_MANA_PAYMENT: filterLand Swamp (105) api=Mana manaAb=true canPlay=true checkRestr=true
DEBUG_MANA_PAYMENT: getAIPlayableMana Island (72) manaAbilities=[{T}: Add {U}.]
DEBUG_MANA_PAYMENT: filterLand Island (72) api=Mana manaAb=true canPlay=true checkRestr=true
DEBUG_MANA_PAYMENT: getAIPlayableMana Forest (118) manaAbilities=[{T}: Add {G}.]
DEBUG_MANA_PAYMENT: filterLand Forest (118) api=Mana manaAb=true canPlay=true checkRestr=true
DEBUG_MANA_PAYMENT: getAIPlayableMana Mountain (94) manaAbilities=[{T}: Add {R}.]
DEBUG_MANA_PAYMENT: filterLand Mountain (94) api=Mana manaAb=true canPlay=true checkRestr=true
DEBUG_MANA_PAYMENT: getAIPlayableMana Island (76) manaAbilities=[{T}: Add {U}.]
DEBUG_MANA_PAYMENT: filterLand Island (76) api=Mana manaAb=true canPlay=false checkRestr=true
DEBUG_MANA_PAYMENT: getAIPlayableMana Forest (115) manaAbilities=[{T}: Add {G}.]
DEBUG_MANA_PAYMENT: filterLand Forest (115) api=Mana manaAb=true canPlay=false checkRestr=true
DEBUG_MANA_PAYMENT: getAIPlayableMana Mountain (87) manaAbilities=[{T}: Add {R}.]
DEBUG_MANA_PAYMENT: filterLand Mountain (87) api=Mana manaAb=true canPlay=false checkRestr=true
DEBUG_MANA_PAYMENT: getAIPlayableMana Plains (96) manaAbilities=[{T}: Add {W}.]
DEBUG_MANA_PAYMENT: filterLand Plains (96) api=Mana manaAb=true canPlay=false checkRestr=true
DEBUG_MANA_PAYMENT: getAIPlayableMana Swamp (105) manaAbilities=[{T}: Add {B}.]
DEBUG_MANA_PAYMENT: getAIPlayableMana Island (72) manaAbilities=[{T}: Add {U}.]
DEBUG_MANA_PAYMENT: getAIPlayableMana Forest (118) manaAbilities=[{T}: Add {G}.]
DEBUG_MANA_PAYMENT: getAIPlayableMana Mountain (94) manaAbilities=[{T}: Add {R}.]
DEBUG_MANA_PAYMENT: sortedManaSources = [Swamp (105), Island (72), Forest (118), Mountain (94)]
DEBUG_MANA_PAYMENT: groupSourcesByManaColor sourceCard = Swamp (105)
DEBUG_MANA_PAYMENT: getAIPlayableMana Swamp (105) manaAbilities=[{T}: Add {B}.]
DEBUG_MANA_PAYMENT: groupSourcesByManaColor m = {T}: Add {B}.
DEBUG_MANA_PAYMENT: groupSourcesByManaColor manaMap  = {64=[{T}: Add {B}.], 4=[{T}: Add {B}.]}
DEBUG_MANA_PAYMENT: groupSourcesByManaColor sourceCard = Island (72)
DEBUG_MANA_PAYMENT: getAIPlayableMana Island (72) manaAbilities=[{T}: Add {U}.]
DEBUG_MANA_PAYMENT: groupSourcesByManaColor m = {T}: Add {U}.
DEBUG_MANA_PAYMENT: groupSourcesByManaColor manaMap  = {64=[{T}: Add {B}., {T}: Add {U}.], 4=[{T}: Add {B}.], 2=[{T}: Add {U}.]}
DEBUG_MANA_PAYMENT: groupSourcesByManaColor sourceCard = Forest (118)
DEBUG_MANA_PAYMENT: getAIPlayableMana Forest (118) manaAbilities=[{T}: Add {G}.]
DEBUG_MANA_PAYMENT: groupSourcesByManaColor m = {T}: Add {G}.
DEBUG_MANA_PAYMENT: groupSourcesByManaColor manaMap  = {64=[{T}: Add {B}., {T}: Add {U}., {T}: Add {G}.], 4=[{T}: Add {B}.], 2=[{T}: Add {U}.], 16=[{T}: Add {G}.]}
DEBUG_MANA_PAYMENT: groupSourcesByManaColor sourceCard = Mountain (94)
DEBUG_MANA_PAYMENT: getAIPlayableMana Mountain (94) manaAbilities=[{T}: Add {R}.]
DEBUG_MANA_PAYMENT: groupSourcesByManaColor m = {T}: Add {R}.
DEBUG_MANA_PAYMENT: groupSourcesByManaColor manaMap  = {64=[{T}: Add {B}., {T}: Add {U}., {T}: Add {G}., {T}: Add {R}.], 4=[{T}: Add {B}.], 2=[{T}: Add {U}.], 16=[{T}: Add {G}.], 8=[{T}: Add {R}.]}
DEBUG_MANA_PAYMENT: manaAbilityMap = {64=[{T}: Add {B}., {T}: Add {U}., {T}: Add {G}., {T}: Add {R}.], 4=[{T}: Add {B}.], 2=[{T}: Add {U}.], 16=[{T}: Add {G}.], 8=[{T}: Add {R}.]}
DEBUG_MANA_PAYMENT: shard = {R}
Ordered Cards: 1Mountain, 
Unsorted Abilities: [{T}: Add {R}.]
Sorted Abilities: [{T}: Add {R}.]
DEBUG_MANA_PAYMENT: sourcesForShards = {{R}=[{T}: Add {R}.]}
DEBUG_MANA_PAYMENT: groupSourcesByManaColor player=tttttttt game=forge.game.Game@1c2c9d5 battlefield=[Swamp (105), Island (72), Forest (118), Elvish Archers (84), Mountain (94), Plains (96)] hand=[Island (76), Giant Growth (114), Forest (115), Elvish Warrior (63), Shock (124), Mountain (87)]
DEBUG_MANA_PAYMENT: getAIPlayableMana Swamp (105) manaAbilities=[{T}: Add {B}.]
DEBUG_MANA_PAYMENT: filterLand Swamp (105) api=Mana manaAb=true canPlay=true checkRestr=true
DEBUG_MANA_PAYMENT: getAIPlayableMana Island (72) manaAbilities=[{T}: Add {U}.]
DEBUG_MANA_PAYMENT: filterLand Island (72) api=Mana manaAb=true canPlay=true checkRestr=true
DEBUG_MANA_PAYMENT: getAIPlayableMana Forest (118) manaAbilities=[{T}: Add {G}.]
DEBUG_MANA_PAYMENT: filterLand Forest (118) api=Mana manaAb=true canPlay=true checkRestr=true
DEBUG_MANA_PAYMENT: getAIPlayableMana Mountain (94) manaAbilities=[{T}: Add {R}.]
DEBUG_MANA_PAYMENT: filterLand Mountain (94) api=Mana manaAb=true canPlay=true checkRestr=true
DEBUG_MANA_PAYMENT: getAIPlayableMana Plains (96) manaAbilities=[{T}: Add {W}.]
DEBUG_MANA_PAYMENT: filterLand Plains (96) api=Mana manaAb=true canPlay=true checkRestr=true
DEBUG_MANA_PAYMENT: getAIPlayableMana Island (76) manaAbilities=[{T}: Add {U}.]
DEBUG_MANA_PAYMENT: filterLand Island (76) api=Mana manaAb=true canPlay=false checkRestr=true
DEBUG_MANA_PAYMENT: getAIPlayableMana Forest (115) manaAbilities=[{T}: Add {G}.]
DEBUG_MANA_PAYMENT: filterLand Forest (115) api=Mana manaAb=true canPlay=false checkRestr=true
DEBUG_MANA_PAYMENT: getAIPlayableMana Mountain (87) manaAbilities=[{T}: Add {R}.]
DEBUG_MANA_PAYMENT: filterLand Mountain (87) api=Mana manaAb=true canPlay=false checkRestr=true
DEBUG_MANA_PAYMENT: getAIPlayableMana Swamp (105) manaAbilities=[{T}: Add {B}.]
DEBUG_MANA_PAYMENT: getAIPlayableMana Island (72) manaAbilities=[{T}: Add {U}.]
DEBUG_MANA_PAYMENT: getAIPlayableMana Forest (118) manaAbilities=[{T}: Add {G}.]
DEBUG_MANA_PAYMENT: getAIPlayableMana Mountain (94) manaAbilities=[{T}: Add {R}.]
DEBUG_MANA_PAYMENT: getAIPlayableMana Plains (96) manaAbilities=[{T}: Add {W}.]
DEBUG_MANA_PAYMENT: sortedManaSources = [Swamp (105), Island (72), Forest (118), Mountain (94), Plains (96)]
DEBUG_MANA_PAYMENT: groupSourcesByManaColor sourceCard = Swamp (105)
DEBUG_MANA_PAYMENT: getAIPlayableMana Swamp (105) manaAbilities=[{T}: Add {B}.]
DEBUG_MANA_PAYMENT: groupSourcesByManaColor m = {T}: Add {B}.
DEBUG_MANA_PAYMENT: groupSourcesByManaColor manaMap  = {64=[{T}: Add {B}.], 4=[{T}: Add {B}.]}
DEBUG_MANA_PAYMENT: groupSourcesByManaColor sourceCard = Island (72)
DEBUG_MANA_PAYMENT: getAIPlayableMana Island (72) manaAbilities=[{T}: Add {U}.]
DEBUG_MANA_PAYMENT: groupSourcesByManaColor m = {T}: Add {U}.
DEBUG_MANA_PAYMENT: groupSourcesByManaColor manaMap  = {64=[{T}: Add {B}., {T}: Add {U}.], 4=[{T}: Add {B}.], 2=[{T}: Add {U}.]}
DEBUG_MANA_PAYMENT: groupSourcesByManaColor sourceCard = Forest (118)
DEBUG_MANA_PAYMENT: getAIPlayableMana Forest (118) manaAbilities=[{T}: Add {G}.]
DEBUG_MANA_PAYMENT: groupSourcesByManaColor m = {T}: Add {G}.
DEBUG_MANA_PAYMENT: groupSourcesByManaColor manaMap  = {64=[{T}: Add {B}., {T}: Add {U}., {T}: Add {G}.], 4=[{T}: Add {B}.], 2=[{T}: Add {U}.], 16=[{T}: Add {G}.]}
DEBUG_MANA_PAYMENT: groupSourcesByManaColor sourceCard = Mountain (94)
DEBUG_MANA_PAYMENT: getAIPlayableMana Mountain (94) manaAbilities=[{T}: Add {R}.]
DEBUG_MANA_PAYMENT: groupSourcesByManaColor m = {T}: Add {R}.
DEBUG_MANA_PAYMENT: groupSourcesByManaColor manaMap  = {64=[{T}: Add {B}., {T}: Add {U}., {T}: Add {G}., {T}: Add {R}.], 4=[{T}: Add {B}.], 2=[{T}: Add {U}.], 16=[{T}: Add {G}.], 8=[{T}: Add {R}.]}
DEBUG_MANA_PAYMENT: groupSourcesByManaColor sourceCard = Plains (96)
DEBUG_MANA_PAYMENT: getAIPlayableMana Plains (96) manaAbilities=[{T}: Add {W}.]
DEBUG_MANA_PAYMENT: groupSourcesByManaColor m = {T}: Add {W}.
DEBUG_MANA_PAYMENT: groupSourcesByManaColor manaMap  = {64=[{T}: Add {B}., {T}: Add {U}., {T}: Add {G}., {T}: Add {R}., {T}: Add {W}.], 4=[{T}: Add {B}.], 2=[{T}: Add {U}.], 16=[{T}: Add {G}.], 8=[{T}: Add {R}.], 1=[{T}: Add {W}.]}
DEBUG_MANA_PAYMENT: manaAbilityMap = {64=[{T}: Add {B}., {T}: Add {U}., {T}: Add {G}., {T}: Add {R}., {T}: Add {W}.], 4=[{T}: Add {B}.], 2=[{T}: Add {U}.], 16=[{T}: Add {G}.], 8=[{T}: Add {R}.], 1=[{T}: Add {W}.]}
DEBUG_MANA_PAYMENT: shard = {R}
Ordered Cards: 1Mountain, 
Unsorted Abilities: [{T}: Add {R}.]
Sorted Abilities: [{T}: Add {R}.]
DEBUG_MANA_PAYMENT: sourcesForShards = {{R}=[{T}: Add {R}.]}
DEBUG_MANA_PAYMENT: groupSourcesByManaColor player=tttttttt game=forge.game.Game@1c2c9d5 battlefield=[Swamp (105), Island (72), Forest (118), Elvish Archers (84), Mountain (94), Plains (96)] hand=[Island (76), Giant Growth (114), Forest (115), Elvish Warrior (63), Shock (124), Mountain (87)]
DEBUG_MANA_PAYMENT: getAIPlayableMana Swamp (105) manaAbilities=[{T}: Add {B}.]
DEBUG_MANA_PAYMENT: filterLand Swamp (105) api=Mana manaAb=true canPlay=true checkRestr=true
DEBUG_MANA_PAYMENT: getAIPlayableMana Island (72) manaAbilities=[{T}: Add {U}.]
DEBUG_MANA_PAYMENT: filterLand Island (72) api=Mana manaAb=true canPlay=true checkRestr=true
DEBUG_MANA_PAYMENT: getAIPlayableMana Forest (118) manaAbilities=[{T}: Add {G}.]
DEBUG_MANA_PAYMENT: filterLand Forest (118) api=Mana manaAb=true canPlay=true checkRestr=true
DEBUG_MANA_PAYMENT: getAIPlayableMana Mountain (94) manaAbilities=[{T}: Add {R}.]
DEBUG_MANA_PAYMENT: filterLand Mountain (94) api=Mana manaAb=true canPlay=true checkRestr=true
DEBUG_MANA_PAYMENT: getAIPlayableMana Plains (96) manaAbilities=[{T}: Add {W}.]
DEBUG_MANA_PAYMENT: filterLand Plains (96) api=Mana manaAb=true canPlay=true checkRestr=true
DEBUG_MANA_PAYMENT: getAIPlayableMana Island (76) manaAbilities=[{T}: Add {U}.]
DEBUG_MANA_PAYMENT: filterLand Island (76) api=Mana manaAb=true canPlay=false checkRestr=true
DEBUG_MANA_PAYMENT: getAIPlayableMana Forest (115) manaAbilities=[{T}: Add {G}.]
DEBUG_MANA_PAYMENT: filterLand Forest (115) api=Mana manaAb=true canPlay=false checkRestr=true
DEBUG_MANA_PAYMENT: getAIPlayableMana Mountain (87) manaAbilities=[{T}: Add {R}.]
DEBUG_MANA_PAYMENT: filterLand Mountain (87) api=Mana manaAb=true canPlay=false checkRestr=true
DEBUG_MANA_PAYMENT: getAIPlayableMana Swamp (105) manaAbilities=[{T}: Add {B}.]
DEBUG_MANA_PAYMENT: getAIPlayableMana Island (72) manaAbilities=[{T}: Add {U}.]
DEBUG_MANA_PAYMENT: getAIPlayableMana Forest (118) manaAbilities=[{T}: Add {G}.]
DEBUG_MANA_PAYMENT: getAIPlayableMana Mountain (94) manaAbilities=[{T}: Add {R}.]
DEBUG_MANA_PAYMENT: getAIPlayableMana Plains (96) manaAbilities=[{T}: Add {W}.]
DEBUG_MANA_PAYMENT: sortedManaSources = [Swamp (105), Island (72), Forest (118), Mountain (94), Plains (96)]
DEBUG_MANA_PAYMENT: groupSourcesByManaColor sourceCard = Swamp (105)
DEBUG_MANA_PAYMENT: getAIPlayableMana Swamp (105) manaAbilities=[{T}: Add {B}.]
DEBUG_MANA_PAYMENT: groupSourcesByManaColor m = {T}: Add {B}.
DEBUG_MANA_PAYMENT: groupSourcesByManaColor manaMap  = {64=[{T}: Add {B}.], 4=[{T}: Add {B}.]}
DEBUG_MANA_PAYMENT: groupSourcesByManaColor sourceCard = Island (72)
DEBUG_MANA_PAYMENT: getAIPlayableMana Island (72) manaAbilities=[{T}: Add {U}.]
DEBUG_MANA_PAYMENT: groupSourcesByManaColor m = {T}: Add {U}.
DEBUG_MANA_PAYMENT: groupSourcesByManaColor manaMap  = {64=[{T}: Add {B}., {T}: Add {U}.], 4=[{T}: Add {B}.], 2=[{T}: Add {U}.]}
DEBUG_MANA_PAYMENT: groupSourcesByManaColor sourceCard = Forest (118)
DEBUG_MANA_PAYMENT: getAIPlayableMana Forest (118) manaAbilities=[{T}: Add {G}.]
DEBUG_MANA_PAYMENT: groupSourcesByManaColor m = {T}: Add {G}.
DEBUG_MANA_PAYMENT: groupSourcesByManaColor manaMap  = {64=[{T}: Add {B}., {T}: Add {U}., {T}: Add {G}.], 4=[{T}: Add {B}.], 2=[{T}: Add {U}.], 16=[{T}: Add {G}.]}
DEBUG_MANA_PAYMENT: groupSourcesByManaColor sourceCard = Mountain (94)
DEBUG_MANA_PAYMENT: getAIPlayableMana Mountain (94) manaAbilities=[{T}: Add {R}.]
DEBUG_MANA_PAYMENT: groupSourcesByManaColor m = {T}: Add {R}.
DEBUG_MANA_PAYMENT: groupSourcesByManaColor manaMap  = {64=[{T}: Add {B}., {T}: Add {U}., {T}: Add {G}., {T}: Add {R}.], 4=[{T}: Add {B}.], 2=[{T}: Add {U}.], 16=[{T}: Add {G}.], 8=[{T}: Add {R}.]}
DEBUG_MANA_PAYMENT: groupSourcesByManaColor sourceCard = Plains (96)
DEBUG_MANA_PAYMENT: getAIPlayableMana Plains (96) manaAbilities=[{T}: Add {W}.]
DEBUG_MANA_PAYMENT: groupSourcesByManaColor m = {T}: Add {W}.
DEBUG_MANA_PAYMENT: groupSourcesByManaColor manaMap  = {64=[{T}: Add {B}., {T}: Add {U}., {T}: Add {G}., {T}: Add {R}., {T}: Add {W}.], 4=[{T}: Add {B}.], 2=[{T}: Add {U}.], 16=[{T}: Add {G}.], 8=[{T}: Add {R}.], 1=[{T}: Add {W}.]}
DEBUG_MANA_PAYMENT: manaAbilityMap = {64=[{T}: Add {B}., {T}: Add {U}., {T}: Add {G}., {T}: Add {R}., {T}: Add {W}.], 4=[{T}: Add {B}.], 2=[{T}: Add {U}.], 16=[{T}: Add {G}.], 8=[{T}: Add {R}.], 1=[{T}: Add {W}.]}
DEBUG_MANA_PAYMENT: shard = {R}
Ordered Cards: 1Mountain, 
Unsorted Abilities: [{T}: Add {R}.]
Sorted Abilities: [{T}: Add {R}.]
DEBUG_MANA_PAYMENT: sourcesForShards = {{R}=[{T}: Add {R}.]}
DEBUG_MANA_PAYMENT: groupSourcesByManaColor player=tttttttt game=forge.game.Game@7f109972 battlefield=[Swamp (105), Island (72), Forest (118), Elvish Archers (84), Mountain (94), Plains (96)] hand=[Island (76), Giant Growth (114), Forest (115), Elvish Warrior (63), Shock (124), Mountain (87)]
DEBUG_MANA_PAYMENT: getAIPlayableMana Swamp (105) manaAbilities=[{T}: Add {B}.]
DEBUG_MANA_PAYMENT: filterLand Swamp (105) api=Mana manaAb=true canPlay=true checkRestr=true
DEBUG_MANA_PAYMENT: getAIPlayableMana Island (72) manaAbilities=[{T}: Add {U}.]
DEBUG_MANA_PAYMENT: filterLand Island (72) api=Mana manaAb=true canPlay=true checkRestr=true
DEBUG_MANA_PAYMENT: getAIPlayableMana Forest (118) manaAbilities=[{T}: Add {G}.]
DEBUG_MANA_PAYMENT: filterLand Forest (118) api=Mana manaAb=true canPlay=true checkRestr=true
DEBUG_MANA_PAYMENT: getAIPlayableMana Mountain (94) manaAbilities=[{T}: Add {R}.]
DEBUG_MANA_PAYMENT: filterLand Mountain (94) api=Mana manaAb=true canPlay=true checkRestr=true
DEBUG_MANA_PAYMENT: getAIPlayableMana Plains (96) manaAbilities=[{T}: Add {W}.]
DEBUG_MANA_PAYMENT: filterLand Plains (96) api=Mana manaAb=true canPlay=true checkRestr=true
DEBUG_MANA_PAYMENT: getAIPlayableMana Island (76) manaAbilities=[{T}: Add {U}.]
DEBUG_MANA_PAYMENT: filterLand Island (76) api=Mana manaAb=true canPlay=false checkRestr=true
DEBUG_MANA_PAYMENT: getAIPlayableMana Forest (115) manaAbilities=[{T}: Add {G}.]
DEBUG_MANA_PAYMENT: filterLand Forest (115) api=Mana manaAb=true canPlay=false checkRestr=true
DEBUG_MANA_PAYMENT: getAIPlayableMana Mountain (87) manaAbilities=[{T}: Add {R}.]
DEBUG_MANA_PAYMENT: filterLand Mountain (87) api=Mana manaAb=true canPlay=false checkRestr=true
DEBUG_MANA_PAYMENT: getAIPlayableMana Swamp (105) manaAbilities=[{T}: Add {B}.]
DEBUG_MANA_PAYMENT: getAIPlayableMana Island (72) manaAbilities=[{T}: Add {U}.]
DEBUG_MANA_PAYMENT: getAIPlayableMana Forest (118) manaAbilities=[{T}: Add {G}.]
DEBUG_MANA_PAYMENT: getAIPlayableMana Mountain (94) manaAbilities=[{T}: Add {R}.]
DEBUG_MANA_PAYMENT: getAIPlayableMana Plains (96) manaAbilities=[{T}: Add {W}.]
DEBUG_MANA_PAYMENT: sortedManaSources = [Swamp (105), Island (72), Forest (118), Mountain (94), Plains (96)]
DEBUG_MANA_PAYMENT: groupSourcesByManaColor sourceCard = Swamp (105)
DEBUG_MANA_PAYMENT: getAIPlayableMana Swamp (105) manaAbilities=[{T}: Add {B}.]
DEBUG_MANA_PAYMENT: groupSourcesByManaColor m = {T}: Add {B}.
DEBUG_MANA_PAYMENT: groupSourcesByManaColor manaMap  = {64=[{T}: Add {B}.], 4=[{T}: Add {B}.]}
DEBUG_MANA_PAYMENT: groupSourcesByManaColor sourceCard = Island (72)
DEBUG_MANA_PAYMENT: getAIPlayableMana Island (72) manaAbilities=[{T}: Add {U}.]
DEBUG_MANA_PAYMENT: groupSourcesByManaColor m = {T}: Add {U}.
DEBUG_MANA_PAYMENT: groupSourcesByManaColor manaMap  = {64=[{T}: Add {B}., {T}: Add {U}.], 4=[{T}: Add {B}.], 2=[{T}: Add {U}.]}
DEBUG_MANA_PAYMENT: groupSourcesByManaColor sourceCard = Forest (118)
DEBUG_MANA_PAYMENT: getAIPlayableMana Forest (118) manaAbilities=[{T}: Add {G}.]
DEBUG_MANA_PAYMENT: groupSourcesByManaColor m = {T}: Add {G}.
DEBUG_MANA_PAYMENT: groupSourcesByManaColor manaMap  = {64=[{T}: Add {B}., {T}: Add {U}., {T}: Add {G}.], 4=[{T}: Add {B}.], 2=[{T}: Add {U}.], 16=[{T}: Add {G}.]}
DEBUG_MANA_PAYMENT: groupSourcesByManaColor sourceCard = Mountain (94)
DEBUG_MANA_PAYMENT: getAIPlayableMana Mountain (94) manaAbilities=[{T}: Add {R}.]
DEBUG_MANA_PAYMENT: groupSourcesByManaColor m = {T}: Add {R}.
DEBUG_MANA_PAYMENT: groupSourcesByManaColor manaMap  = {64=[{T}: Add {B}., {T}: Add {U}., {T}: Add {G}., {T}: Add {R}.], 4=[{T}: Add {B}.], 2=[{T}: Add {U}.], 16=[{T}: Add {G}.], 8=[{T}: Add {R}.]}
DEBUG_MANA_PAYMENT: groupSourcesByManaColor sourceCard = Plains (96)
DEBUG_MANA_PAYMENT: getAIPlayableMana Plains (96) manaAbilities=[{T}: Add {W}.]
DEBUG_MANA_PAYMENT: groupSourcesByManaColor m = {T}: Add {W}.
DEBUG_MANA_PAYMENT: groupSourcesByManaColor manaMap  = {64=[{T}: Add {B}., {T}: Add {U}., {T}: Add {G}., {T}: Add {R}., {T}: Add {W}.], 4=[{T}: Add {B}.], 2=[{T}: Add {U}.], 16=[{T}: Add {G}.], 8=[{T}: Add {R}.], 1=[{T}: Add {W}.]}
DEBUG_MANA_PAYMENT: manaAbilityMap = {64=[{T}: Add {B}., {T}: Add {U}., {T}: Add {G}., {T}: Add {R}., {T}: Add {W}.], 4=[{T}: Add {B}.], 2=[{T}: Add {U}.], 16=[{T}: Add {G}.], 8=[{T}: Add {R}.], 1=[{T}: Add {W}.]}
DEBUG_MANA_PAYMENT: shard = {R}
Ordered Cards: 1Mountain, 
Unsorted Abilities: [{T}: Add {R}.]
Sorted Abilities: [{T}: Add {R}.]
DEBUG_MANA_PAYMENT: sourcesForShards = {{R}=[{T}: Add {R}.]}
DEBUG_MANA_PAYMENT: groupSourcesByManaColor player=tttttttt game=forge.game.Game@7f109972 battlefield=[Swamp (105), Island (72), Forest (118), Elvish Archers (84), Mountain (94), Plains (96)] hand=[Island (76), Giant Growth (114), Forest (115), Elvish Warrior (63), Shock (124), Mountain (87)]
DEBUG_MANA_PAYMENT: getAIPlayableMana Swamp (105) manaAbilities=[{T}: Add {B}.]
DEBUG_MANA_PAYMENT: filterLand Swamp (105) api=Mana manaAb=true canPlay=true checkRestr=true
DEBUG_MANA_PAYMENT: getAIPlayableMana Island (72) manaAbilities=[{T}: Add {U}.]
DEBUG_MANA_PAYMENT: filterLand Island (72) api=Mana manaAb=true canPlay=true checkRestr=true
DEBUG_MANA_PAYMENT: getAIPlayableMana Forest (118) manaAbilities=[{T}: Add {G}.]
DEBUG_MANA_PAYMENT: filterLand Forest (118) api=Mana manaAb=true canPlay=true checkRestr=true
DEBUG_MANA_PAYMENT: getAIPlayableMana Mountain (94) manaAbilities=[{T}: Add {R}.]
DEBUG_MANA_PAYMENT: filterLand Mountain (94) api=Mana manaAb=true canPlay=true checkRestr=true
DEBUG_MANA_PAYMENT: getAIPlayableMana Plains (96) manaAbilities=[{T}: Add {W}.]
DEBUG_MANA_PAYMENT: filterLand Plains (96) api=Mana manaAb=true canPlay=true checkRestr=true
DEBUG_MANA_PAYMENT: getAIPlayableMana Island (76) manaAbilities=[{T}: Add {U}.]
DEBUG_MANA_PAYMENT: filterLand Island (76) api=Mana manaAb=true canPlay=false checkRestr=true
DEBUG_MANA_PAYMENT: getAIPlayableMana Forest (115) manaAbilities=[{T}: Add {G}.]
DEBUG_MANA_PAYMENT: filterLand Forest (115) api=Mana manaAb=true canPlay=false checkRestr=true
DEBUG_MANA_PAYMENT: getAIPlayableMana Mountain (87) manaAbilities=[{T}: Add {R}.]
DEBUG_MANA_PAYMENT: filterLand Mountain (87) api=Mana manaAb=true canPlay=false checkRestr=true
DEBUG_MANA_PAYMENT: getAIPlayableMana Swamp (105) manaAbilities=[{T}: Add {B}.]
DEBUG_MANA_PAYMENT: getAIPlayableMana Island (72) manaAbilities=[{T}: Add {U}.]
DEBUG_MANA_PAYMENT: getAIPlayableMana Forest (118) manaAbilities=[{T}: Add {G}.]
DEBUG_MANA_PAYMENT: getAIPlayableMana Mountain (94) manaAbilities=[{T}: Add {R}.]
DEBUG_MANA_PAYMENT: getAIPlayableMana Plains (96) manaAbilities=[{T}: Add {W}.]
DEBUG_MANA_PAYMENT: sortedManaSources = [Swamp (105), Island (72), Forest (118), Mountain (94), Plains (96)]
DEBUG_MANA_PAYMENT: groupSourcesByManaColor sourceCard = Swamp (105)
DEBUG_MANA_PAYMENT: getAIPlayableMana Swamp (105) manaAbilities=[{T}: Add {B}.]
DEBUG_MANA_PAYMENT: groupSourcesByManaColor m = {T}: Add {B}.
DEBUG_MANA_PAYMENT: groupSourcesByManaColor manaMap  = {64=[{T}: Add {B}.], 4=[{T}: Add {B}.]}
DEBUG_MANA_PAYMENT: groupSourcesByManaColor sourceCard = Island (72)
DEBUG_MANA_PAYMENT: getAIPlayableMana Island (72) manaAbilities=[{T}: Add {U}.]
DEBUG_MANA_PAYMENT: groupSourcesByManaColor m = {T}: Add {U}.
DEBUG_MANA_PAYMENT: groupSourcesByManaColor manaMap  = {64=[{T}: Add {B}., {T}: Add {U}.], 4=[{T}: Add {B}.], 2=[{T}: Add {U}.]}
DEBUG_MANA_PAYMENT: groupSourcesByManaColor sourceCard = Forest (118)
DEBUG_MANA_PAYMENT: getAIPlayableMana Forest (118) manaAbilities=[{T}: Add {G}.]
DEBUG_MANA_PAYMENT: groupSourcesByManaColor m = {T}: Add {G}.
DEBUG_MANA_PAYMENT: groupSourcesByManaColor manaMap  = {64=[{T}: Add {B}., {T}: Add {U}., {T}: Add {G}.], 4=[{T}: Add {B}.], 2=[{T}: Add {U}.], 16=[{T}: Add {G}.]}
DEBUG_MANA_PAYMENT: groupSourcesByManaColor sourceCard = Mountain (94)
DEBUG_MANA_PAYMENT: getAIPlayableMana Mountain (94) manaAbilities=[{T}: Add {R}.]
DEBUG_MANA_PAYMENT: groupSourcesByManaColor m = {T}: Add {R}.
DEBUG_MANA_PAYMENT: groupSourcesByManaColor manaMap  = {64=[{T}: Add {B}., {T}: Add {U}., {T}: Add {G}., {T}: Add {R}.], 4=[{T}: Add {B}.], 2=[{T}: Add {U}.], 16=[{T}: Add {G}.], 8=[{T}: Add {R}.]}
DEBUG_MANA_PAYMENT: groupSourcesByManaColor sourceCard = Plains (96)
DEBUG_MANA_PAYMENT: getAIPlayableMana Plains (96) manaAbilities=[{T}: Add {W}.]
DEBUG_MANA_PAYMENT: groupSourcesByManaColor m = {T}: Add {W}.
DEBUG_MANA_PAYMENT: groupSourcesByManaColor manaMap  = {64=[{T}: Add {B}., {T}: Add {U}., {T}: Add {G}., {T}: Add {R}., {T}: Add {W}.], 4=[{T}: Add {B}.], 2=[{T}: Add {U}.], 16=[{T}: Add {G}.], 8=[{T}: Add {R}.], 1=[{T}: Add {W}.]}
DEBUG_MANA_PAYMENT: manaAbilityMap = {64=[{T}: Add {B}., {T}: Add {U}., {T}: Add {G}., {T}: Add {R}., {T}: Add {W}.], 4=[{T}: Add {B}.], 2=[{T}: Add {U}.], 16=[{T}: Add {G}.], 8=[{T}: Add {R}.], 1=[{T}: Add {W}.]}
DEBUG_MANA_PAYMENT: shard = {R}
Ordered Cards: 1Mountain, 
Unsorted Abilities: [{T}: Add {R}.]
Sorted Abilities: [{T}: Add {R}.]
DEBUG_MANA_PAYMENT: sourcesForShards = {{R}=[{T}: Add {R}.]}
DEBUG_MANA_PAYMENT: groupSourcesByManaColor player=tttttttt game=forge.game.Game@7f109972 battlefield=[Swamp (105), Island (72), Forest (118), Elvish Archers (84), Mountain (94), Plains (96)] hand=[Island (76), Giant Growth (114), Forest (115), Elvish Warrior (63), Shock (124), Mountain (87)]
DEBUG_MANA_PAYMENT: getAIPlayableMana Swamp (105) manaAbilities=[{T}: Add {B}.]
DEBUG_MANA_PAYMENT: filterLand Swamp (105) api=Mana manaAb=true canPlay=true checkRestr=true
DEBUG_MANA_PAYMENT: getAIPlayableMana Island (72) manaAbilities=[{T}: Add {U}.]
DEBUG_MANA_PAYMENT: filterLand Island (72) api=Mana manaAb=true canPlay=true checkRestr=true
DEBUG_MANA_PAYMENT: getAIPlayableMana Forest (118) manaAbilities=[{T}: Add {G}.]
DEBUG_MANA_PAYMENT: filterLand Forest (118) api=Mana manaAb=true canPlay=true checkRestr=true
DEBUG_MANA_PAYMENT: getAIPlayableMana Mountain (94) manaAbilities=[{T}: Add {R}.]
DEBUG_MANA_PAYMENT: filterLand Mountain (94) api=Mana manaAb=true canPlay=true checkRestr=true
DEBUG_MANA_PAYMENT: getAIPlayableMana Plains (96) manaAbilities=[{T}: Add {W}.]
DEBUG_MANA_PAYMENT: filterLand Plains (96) api=Mana manaAb=true canPlay=true checkRestr=true
DEBUG_MANA_PAYMENT: getAIPlayableMana Island (76) manaAbilities=[{T}: Add {U}.]
DEBUG_MANA_PAYMENT: filterLand Island (76) api=Mana manaAb=true canPlay=false checkRestr=true
DEBUG_MANA_PAYMENT: getAIPlayableMana Forest (115) manaAbilities=[{T}: Add {G}.]
DEBUG_MANA_PAYMENT: filterLand Forest (115) api=Mana manaAb=true canPlay=false checkRestr=true
DEBUG_MANA_PAYMENT: getAIPlayableMana Mountain (87) manaAbilities=[{T}: Add {R}.]
DEBUG_MANA_PAYMENT: filterLand Mountain (87) api=Mana manaAb=true canPlay=false checkRestr=true
DEBUG_MANA_PAYMENT: getAIPlayableMana Swamp (105) manaAbilities=[{T}: Add {B}.]
DEBUG_MANA_PAYMENT: getAIPlayableMana Island (72) manaAbilities=[{T}: Add {U}.]
DEBUG_MANA_PAYMENT: getAIPlayableMana Forest (118) manaAbilities=[{T}: Add {G}.]
DEBUG_MANA_PAYMENT: getAIPlayableMana Mountain (94) manaAbilities=[{T}: Add {R}.]
DEBUG_MANA_PAYMENT: getAIPlayableMana Plains (96) manaAbilities=[{T}: Add {W}.]
DEBUG_MANA_PAYMENT: sortedManaSources = [Swamp (105), Island (72), Forest (118), Mountain (94), Plains (96)]
DEBUG_MANA_PAYMENT: groupSourcesByManaColor sourceCard = Swamp (105)
DEBUG_MANA_PAYMENT: getAIPlayableMana Swamp (105) manaAbilities=[{T}: Add {B}.]
DEBUG_MANA_PAYMENT: groupSourcesByManaColor m = {T}: Add {B}.
DEBUG_MANA_PAYMENT: groupSourcesByManaColor manaMap  = {64=[{T}: Add {B}.], 4=[{T}: Add {B}.]}
DEBUG_MANA_PAYMENT: groupSourcesByManaColor sourceCard = Island (72)
DEBUG_MANA_PAYMENT: getAIPlayableMana Island (72) manaAbilities=[{T}: Add {U}.]
DEBUG_MANA_PAYMENT: groupSourcesByManaColor m = {T}: Add {U}.
DEBUG_MANA_PAYMENT: groupSourcesByManaColor manaMap  = {64=[{T}: Add {B}., {T}: Add {U}.], 4=[{T}: Add {B}.], 2=[{T}: Add {U}.]}
DEBUG_MANA_PAYMENT: groupSourcesByManaColor sourceCard = Forest (118)
DEBUG_MANA_PAYMENT: getAIPlayableMana Forest (118) manaAbilities=[{T}: Add {G}.]
DEBUG_MANA_PAYMENT: groupSourcesByManaColor m = {T}: Add {G}.
DEBUG_MANA_PAYMENT: groupSourcesByManaColor manaMap  = {64=[{T}: Add {B}., {T}: Add {U}., {T}: Add {G}.], 4=[{T}: Add {B}.], 2=[{T}: Add {U}.], 16=[{T}: Add {G}.]}
DEBUG_MANA_PAYMENT: groupSourcesByManaColor sourceCard = Mountain (94)
DEBUG_MANA_PAYMENT: getAIPlayableMana Mountain (94) manaAbilities=[{T}: Add {R}.]
DEBUG_MANA_PAYMENT: groupSourcesByManaColor m = {T}: Add {R}.
DEBUG_MANA_PAYMENT: groupSourcesByManaColor manaMap  = {64=[{T}: Add {B}., {T}: Add {U}., {T}: Add {G}., {T}: Add {R}.], 4=[{T}: Add {B}.], 2=[{T}: Add {U}.], 16=[{T}: Add {G}.], 8=[{T}: Add {R}.]}
DEBUG_MANA_PAYMENT: groupSourcesByManaColor sourceCard = Plains (96)
DEBUG_MANA_PAYMENT: getAIPlayableMana Plains (96) manaAbilities=[{T}: Add {W}.]
DEBUG_MANA_PAYMENT: groupSourcesByManaColor m = {T}: Add {W}.
DEBUG_MANA_PAYMENT: groupSourcesByManaColor manaMap  = {64=[{T}: Add {B}., {T}: Add {U}., {T}: Add {G}., {T}: Add {R}., {T}: Add {W}.], 4=[{T}: Add {B}.], 2=[{T}: Add {U}.], 16=[{T}: Add {G}.], 8=[{T}: Add {R}.], 1=[{T}: Add {W}.]}
DEBUG_MANA_PAYMENT: manaAbilityMap = {64=[{T}: Add {B}., {T}: Add {U}., {T}: Add {G}., {T}: Add {R}., {T}: Add {W}.], 4=[{T}: Add {B}.], 2=[{T}: Add {U}.], 16=[{T}: Add {G}.], 8=[{T}: Add {R}.], 1=[{T}: Add {W}.]}
DEBUG_MANA_PAYMENT: shard = {R}
Ordered Cards: 1Mountain, 
Unsorted Abilities: [{T}: Add {R}.]
Sorted Abilities: [{T}: Add {R}.]
DEBUG_MANA_PAYMENT: sourcesForShards = {{R}=[{T}: Add {R}.]}
DEBUG_MANA_PAYMENT: groupSourcesByManaColor player=tttttttt game=forge.game.Game@7f109972 battlefield=[Swamp (105), Island (72), Forest (118), Elvish Archers (84), Mountain (94), Plains (96)] hand=[Island (76), Giant Growth (114), Forest (115), Elvish Warrior (63), Shock (124), Mountain (87)]
DEBUG_MANA_PAYMENT: getAIPlayableMana Swamp (105) manaAbilities=[{T}: Add {B}.]
DEBUG_MANA_PAYMENT: filterLand Swamp (105) api=Mana manaAb=true canPlay=true checkRestr=true
DEBUG_MANA_PAYMENT: getAIPlayableMana Island (72) manaAbilities=[{T}: Add {U}.]
DEBUG_MANA_PAYMENT: filterLand Island (72) api=Mana manaAb=true canPlay=true checkRestr=true
DEBUG_MANA_PAYMENT: getAIPlayableMana Forest (118) manaAbilities=[{T}: Add {G}.]
DEBUG_MANA_PAYMENT: filterLand Forest (118) api=Mana manaAb=true canPlay=true checkRestr=true
DEBUG_MANA_PAYMENT: getAIPlayableMana Mountain (94) manaAbilities=[{T}: Add {R}.]
DEBUG_MANA_PAYMENT: filterLand Mountain (94) api=Mana manaAb=true canPlay=true checkRestr=true
DEBUG_MANA_PAYMENT: getAIPlayableMana Plains (96) manaAbilities=[{T}: Add {W}.]
DEBUG_MANA_PAYMENT: filterLand Plains (96) api=Mana manaAb=true canPlay=true checkRestr=true
DEBUG_MANA_PAYMENT: getAIPlayableMana Island (76) manaAbilities=[{T}: Add {U}.]
DEBUG_MANA_PAYMENT: filterLand Island (76) api=Mana manaAb=true canPlay=false checkRestr=true
DEBUG_MANA_PAYMENT: getAIPlayableMana Forest (115) manaAbilities=[{T}: Add {G}.]
DEBUG_MANA_PAYMENT: filterLand Forest (115) api=Mana manaAb=true canPlay=false checkRestr=true
DEBUG_MANA_PAYMENT: getAIPlayableMana Mountain (87) manaAbilities=[{T}: Add {R}.]
DEBUG_MANA_PAYMENT: filterLand Mountain (87) api=Mana manaAb=true canPlay=false checkRestr=true
DEBUG_MANA_PAYMENT: getAIPlayableMana Swamp (105) manaAbilities=[{T}: Add {B}.]
DEBUG_MANA_PAYMENT: getAIPlayableMana Island (72) manaAbilities=[{T}: Add {U}.]
DEBUG_MANA_PAYMENT: getAIPlayableMana Forest (118) manaAbilities=[{T}: Add {G}.]
DEBUG_MANA_PAYMENT: getAIPlayableMana Mountain (94) manaAbilities=[{T}: Add {R}.]
DEBUG_MANA_PAYMENT: getAIPlayableMana Plains (96) manaAbilities=[{T}: Add {W}.]
DEBUG_MANA_PAYMENT: sortedManaSources = [Swamp (105), Island (72), Forest (118), Mountain (94), Plains (96)]
DEBUG_MANA_PAYMENT: groupSourcesByManaColor sourceCard = Swamp (105)
DEBUG_MANA_PAYMENT: getAIPlayableMana Swamp (105) manaAbilities=[{T}: Add {B}.]
DEBUG_MANA_PAYMENT: groupSourcesByManaColor m = {T}: Add {B}.
DEBUG_MANA_PAYMENT: groupSourcesByManaColor manaMap  = {64=[{T}: Add {B}.], 4=[{T}: Add {B}.]}
DEBUG_MANA_PAYMENT: groupSourcesByManaColor sourceCard = Island (72)
DEBUG_MANA_PAYMENT: getAIPlayableMana Island (72) manaAbilities=[{T}: Add {U}.]
DEBUG_MANA_PAYMENT: groupSourcesByManaColor m = {T}: Add {U}.
DEBUG_MANA_PAYMENT: groupSourcesByManaColor manaMap  = {64=[{T}: Add {B}., {T}: Add {U}.], 4=[{T}: Add {B}.], 2=[{T}: Add {U}.]}
DEBUG_MANA_PAYMENT: groupSourcesByManaColor sourceCard = Forest (118)
DEBUG_MANA_PAYMENT: getAIPlayableMana Forest (118) manaAbilities=[{T}: Add {G}.]
DEBUG_MANA_PAYMENT: groupSourcesByManaColor m = {T}: Add {G}.
DEBUG_MANA_PAYMENT: groupSourcesByManaColor manaMap  = {64=[{T}: Add {B}., {T}: Add {U}., {T}: Add {G}.], 4=[{T}: Add {B}.], 2=[{T}: Add {U}.], 16=[{T}: Add {G}.]}
DEBUG_MANA_PAYMENT: groupSourcesByManaColor sourceCard = Mountain (94)
DEBUG_MANA_PAYMENT: getAIPlayableMana Mountain (94) manaAbilities=[{T}: Add {R}.]
DEBUG_MANA_PAYMENT: groupSourcesByManaColor m = {T}: Add {R}.
DEBUG_MANA_PAYMENT: groupSourcesByManaColor manaMap  = {64=[{T}: Add {B}., {T}: Add {U}., {T}: Add {G}., {T}: Add {R}.], 4=[{T}: Add {B}.], 2=[{T}: Add {U}.], 16=[{T}: Add {G}.], 8=[{T}: Add {R}.]}
DEBUG_MANA_PAYMENT: groupSourcesByManaColor sourceCard = Plains (96)
DEBUG_MANA_PAYMENT: getAIPlayableMana Plains (96) manaAbilities=[{T}: Add {W}.]
DEBUG_MANA_PAYMENT: groupSourcesByManaColor m = {T}: Add {W}.
DEBUG_MANA_PAYMENT: groupSourcesByManaColor manaMap  = {64=[{T}: Add {B}., {T}: Add {U}., {T}: Add {G}., {T}: Add {R}., {T}: Add {W}.], 4=[{T}: Add {B}.], 2=[{T}: Add {U}.], 16=[{T}: Add {G}.], 8=[{T}: Add {R}.], 1=[{T}: Add {W}.]}
DEBUG_MANA_PAYMENT: manaAbilityMap = {64=[{T}: Add {B}., {T}: Add {U}., {T}: Add {G}., {T}: Add {R}., {T}: Add {W}.], 4=[{T}: Add {B}.], 2=[{T}: Add {U}.], 16=[{T}: Add {G}.], 8=[{T}: Add {R}.], 1=[{T}: Add {W}.]}
DEBUG_MANA_PAYMENT: shard = {R}
Ordered Cards: 1Mountain, 
Unsorted Abilities: [{T}: Add {R}.]
Sorted Abilities: [{T}: Add {R}.]
DEBUG_MANA_PAYMENT: sourcesForShards = {{R}=[{T}: Add {R}.]}
DEBUG_MANA_PAYMENT: groupSourcesByManaColor player=tttttttt game=forge.game.Game@7f109972 battlefield=[Swamp (105), Island (72), Forest (118), Elvish Archers (84), Mountain (94), Plains (96)] hand=[Island (76), Giant Growth (114), Forest (115), Elvish Warrior (63), Shock (124), Mountain (87)]
DEBUG_MANA_PAYMENT: getAIPlayableMana Swamp (105) manaAbilities=[{T}: Add {B}.]
DEBUG_MANA_PAYMENT: filterLand Swamp (105) api=Mana manaAb=true canPlay=true checkRestr=true
DEBUG_MANA_PAYMENT: getAIPlayableMana Island (72) manaAbilities=[{T}: Add {U}.]
DEBUG_MANA_PAYMENT: filterLand Island (72) api=Mana manaAb=true canPlay=true checkRestr=true
DEBUG_MANA_PAYMENT: getAIPlayableMana Forest (118) manaAbilities=[{T}: Add {G}.]
DEBUG_MANA_PAYMENT: filterLand Forest (118) api=Mana manaAb=true canPlay=true checkRestr=true
DEBUG_MANA_PAYMENT: getAIPlayableMana Mountain (94) manaAbilities=[{T}: Add {R}.]
DEBUG_MANA_PAYMENT: filterLand Mountain (94) api=Mana manaAb=true canPlay=true checkRestr=true
DEBUG_MANA_PAYMENT: getAIPlayableMana Plains (96) manaAbilities=[{T}: Add {W}.]
DEBUG_MANA_PAYMENT: filterLand Plains (96) api=Mana manaAb=true canPlay=true checkRestr=true
DEBUG_MANA_PAYMENT: getAIPlayableMana Island (76) manaAbilities=[{T}: Add {U}.]
DEBUG_MANA_PAYMENT: filterLand Island (76) api=Mana manaAb=true canPlay=false checkRestr=true
DEBUG_MANA_PAYMENT: getAIPlayableMana Forest (115) manaAbilities=[{T}: Add {G}.]
DEBUG_MANA_PAYMENT: filterLand Forest (115) api=Mana manaAb=true canPlay=false checkRestr=true
DEBUG_MANA_PAYMENT: getAIPlayableMana Mountain (87) manaAbilities=[{T}: Add {R}.]
DEBUG_MANA_PAYMENT: filterLand Mountain (87) api=Mana manaAb=true canPlay=false checkRestr=true
DEBUG_MANA_PAYMENT: getAIPlayableMana Swamp (105) manaAbilities=[{T}: Add {B}.]
DEBUG_MANA_PAYMENT: getAIPlayableMana Island (72) manaAbilities=[{T}: Add {U}.]
DEBUG_MANA_PAYMENT: getAIPlayableMana Forest (118) manaAbilities=[{T}: Add {G}.]
DEBUG_MANA_PAYMENT: getAIPlayableMana Mountain (94) manaAbilities=[{T}: Add {R}.]
DEBUG_MANA_PAYMENT: getAIPlayableMana Plains (96) manaAbilities=[{T}: Add {W}.]
DEBUG_MANA_PAYMENT: sortedManaSources = [Swamp (105), Island (72), Forest (118), Mountain (94), Plains (96)]
DEBUG_MANA_PAYMENT: groupSourcesByManaColor sourceCard = Swamp (105)
DEBUG_MANA_PAYMENT: getAIPlayableMana Swamp (105) manaAbilities=[{T}: Add {B}.]
DEBUG_MANA_PAYMENT: groupSourcesByManaColor m = {T}: Add {B}.
DEBUG_MANA_PAYMENT: groupSourcesByManaColor manaMap  = {64=[{T}: Add {B}.], 4=[{T}: Add {B}.]}
DEBUG_MANA_PAYMENT: groupSourcesByManaColor sourceCard = Island (72)
DEBUG_MANA_PAYMENT: getAIPlayableMana Island (72) manaAbilities=[{T}: Add {U}.]
DEBUG_MANA_PAYMENT: groupSourcesByManaColor m = {T}: Add {U}.
DEBUG_MANA_PAYMENT: groupSourcesByManaColor manaMap  = {64=[{T}: Add {B}., {T}: Add {U}.], 4=[{T}: Add {B}.], 2=[{T}: Add {U}.]}
DEBUG_MANA_PAYMENT: groupSourcesByManaColor sourceCard = Forest (118)
DEBUG_MANA_PAYMENT: getAIPlayableMana Forest (118) manaAbilities=[{T}: Add {G}.]
DEBUG_MANA_PAYMENT: groupSourcesByManaColor m = {T}: Add {G}.
DEBUG_MANA_PAYMENT: groupSourcesByManaColor manaMap  = {64=[{T}: Add {B}., {T}: Add {U}., {T}: Add {G}.], 4=[{T}: Add {B}.], 2=[{T}: Add {U}.], 16=[{T}: Add {G}.]}
DEBUG_MANA_PAYMENT: groupSourcesByManaColor sourceCard = Mountain (94)
DEBUG_MANA_PAYMENT: getAIPlayableMana Mountain (94) manaAbilities=[{T}: Add {R}.]
DEBUG_MANA_PAYMENT: groupSourcesByManaColor m = {T}: Add {R}.
DEBUG_MANA_PAYMENT: groupSourcesByManaColor manaMap  = {64=[{T}: Add {B}., {T}: Add {U}., {T}: Add {G}., {T}: Add {R}.], 4=[{T}: Add {B}.], 2=[{T}: Add {U}.], 16=[{T}: Add {G}.], 8=[{T}: Add {R}.]}
DEBUG_MANA_PAYMENT: groupSourcesByManaColor sourceCard = Plains (96)
DEBUG_MANA_PAYMENT: getAIPlayableMana Plains (96) manaAbilities=[{T}: Add {W}.]
DEBUG_MANA_PAYMENT: groupSourcesByManaColor m = {T}: Add {W}.
DEBUG_MANA_PAYMENT: groupSourcesByManaColor manaMap  = {64=[{T}: Add {B}., {T}: Add {U}., {T}: Add {G}., {T}: Add {R}., {T}: Add {W}.], 4=[{T}: Add {B}.], 2=[{T}: Add {U}.], 16=[{T}: Add {G}.], 8=[{T}: Add {R}.], 1=[{T}: Add {W}.]}
DEBUG_MANA_PAYMENT: manaAbilityMap = {64=[{T}: Add {B}., {T}: Add {U}., {T}: Add {G}., {T}: Add {R}., {T}: Add {W}.], 4=[{T}: Add {B}.], 2=[{T}: Add {U}.], 16=[{T}: Add {G}.], 8=[{T}: Add {R}.], 1=[{T}: Add {W}.]}
DEBUG_MANA_PAYMENT: shard = {G}
Ordered Cards: 1Forest, 
Unsorted Abilities: [{T}: Add {G}.]
Sorted Abilities: [{T}: Add {G}.]
DEBUG_MANA_PAYMENT: sourcesForShards = {{G}=[{T}: Add {G}.]}
DEBUG_MANA_PAYMENT: groupSourcesByManaColor player=tttttttt game=forge.game.Game@7f109972 battlefield=[Swamp (105), Island (72), Forest (118), Elvish Archers (84), Mountain (94), Plains (96)] hand=[Island (76), Giant Growth (114), Forest (115), Elvish Warrior (63), Shock (124), Mountain (87)]
DEBUG_MANA_PAYMENT: getAIPlayableMana Swamp (105) manaAbilities=[{T}: Add {B}.]
DEBUG_MANA_PAYMENT: filterLand Swamp (105) api=Mana manaAb=true canPlay=true checkRestr=true
DEBUG_MANA_PAYMENT: getAIPlayableMana Island (72) manaAbilities=[{T}: Add {U}.]
DEBUG_MANA_PAYMENT: filterLand Island (72) api=Mana manaAb=true canPlay=true checkRestr=true
DEBUG_MANA_PAYMENT: getAIPlayableMana Forest (118) manaAbilities=[{T}: Add {G}.]
DEBUG_MANA_PAYMENT: filterLand Forest (118) api=Mana manaAb=true canPlay=true checkRestr=true
DEBUG_MANA_PAYMENT: getAIPlayableMana Mountain (94) manaAbilities=[{T}: Add {R}.]
DEBUG_MANA_PAYMENT: filterLand Mountain (94) api=Mana manaAb=true canPlay=true checkRestr=true
DEBUG_MANA_PAYMENT: getAIPlayableMana Plains (96) manaAbilities=[{T}: Add {W}.]
DEBUG_MANA_PAYMENT: filterLand Plains (96) api=Mana manaAb=true canPlay=true checkRestr=true
DEBUG_MANA_PAYMENT: getAIPlayableMana Island (76) manaAbilities=[{T}: Add {U}.]
DEBUG_MANA_PAYMENT: filterLand Island (76) api=Mana manaAb=true canPlay=false checkRestr=true
DEBUG_MANA_PAYMENT: getAIPlayableMana Forest (115) manaAbilities=[{T}: Add {G}.]
DEBUG_MANA_PAYMENT: filterLand Forest (115) api=Mana manaAb=true canPlay=false checkRestr=true
DEBUG_MANA_PAYMENT: getAIPlayableMana Mountain (87) manaAbilities=[{T}: Add {R}.]
DEBUG_MANA_PAYMENT: filterLand Mountain (87) api=Mana manaAb=true canPlay=false checkRestr=true
DEBUG_MANA_PAYMENT: getAIPlayableMana Swamp (105) manaAbilities=[{T}: Add {B}.]
DEBUG_MANA_PAYMENT: getAIPlayableMana Island (72) manaAbilities=[{T}: Add {U}.]
DEBUG_MANA_PAYMENT: getAIPlayableMana Forest (118) manaAbilities=[{T}: Add {G}.]
DEBUG_MANA_PAYMENT: getAIPlayableMana Mountain (94) manaAbilities=[{T}: Add {R}.]
DEBUG_MANA_PAYMENT: getAIPlayableMana Plains (96) manaAbilities=[{T}: Add {W}.]
DEBUG_MANA_PAYMENT: sortedManaSources = [Swamp (105), Island (72), Forest (118), Mountain (94), Plains (96)]
DEBUG_MANA_PAYMENT: groupSourcesByManaColor sourceCard = Swamp (105)
DEBUG_MANA_PAYMENT: getAIPlayableMana Swamp (105) manaAbilities=[{T}: Add {B}.]
DEBUG_MANA_PAYMENT: groupSourcesByManaColor m = {T}: Add {B}.
DEBUG_MANA_PAYMENT: groupSourcesByManaColor manaMap  = {64=[{T}: Add {B}.], 4=[{T}: Add {B}.]}
DEBUG_MANA_PAYMENT: groupSourcesByManaColor sourceCard = Island (72)
DEBUG_MANA_PAYMENT: getAIPlayableMana Island (72) manaAbilities=[{T}: Add {U}.]
DEBUG_MANA_PAYMENT: groupSourcesByManaColor m = {T}: Add {U}.
DEBUG_MANA_PAYMENT: groupSourcesByManaColor manaMap  = {64=[{T}: Add {B}., {T}: Add {U}.], 4=[{T}: Add {B}.], 2=[{T}: Add {U}.]}
DEBUG_MANA_PAYMENT: groupSourcesByManaColor sourceCard = Forest (118)
DEBUG_MANA_PAYMENT: getAIPlayableMana Forest (118) manaAbilities=[{T}: Add {G}.]
DEBUG_MANA_PAYMENT: groupSourcesByManaColor m = {T}: Add {G}.
DEBUG_MANA_PAYMENT: groupSourcesByManaColor manaMap  = {64=[{T}: Add {B}., {T}: Add {U}., {T}: Add {G}.], 4=[{T}: Add {B}.], 2=[{T}: Add {U}.], 16=[{T}: Add {G}.]}
DEBUG_MANA_PAYMENT: groupSourcesByManaColor sourceCard = Mountain (94)
DEBUG_MANA_PAYMENT: getAIPlayableMana Mountain (94) manaAbilities=[{T}: Add {R}.]
DEBUG_MANA_PAYMENT: groupSourcesByManaColor m = {T}: Add {R}.
DEBUG_MANA_PAYMENT: groupSourcesByManaColor manaMap  = {64=[{T}: Add {B}., {T}: Add {U}., {T}: Add {G}., {T}: Add {R}.], 4=[{T}: Add {B}.], 2=[{T}: Add {U}.], 16=[{T}: Add {G}.], 8=[{T}: Add {R}.]}
DEBUG_MANA_PAYMENT: groupSourcesByManaColor sourceCard = Plains (96)
DEBUG_MANA_PAYMENT: getAIPlayableMana Plains (96) manaAbilities=[{T}: Add {W}.]
DEBUG_MANA_PAYMENT: groupSourcesByManaColor m = {T}: Add {W}.
DEBUG_MANA_PAYMENT: groupSourcesByManaColor manaMap  = {64=[{T}: Add {B}., {T}: Add {U}., {T}: Add {G}., {T}: Add {R}., {T}: Add {W}.], 4=[{T}: Add {B}.], 2=[{T}: Add {U}.], 16=[{T}: Add {G}.], 8=[{T}: Add {R}.], 1=[{T}: Add {W}.]}
DEBUG_MANA_PAYMENT: manaAbilityMap = {64=[{T}: Add {B}., {T}: Add {U}., {T}: Add {G}., {T}: Add {R}., {T}: Add {W}.], 4=[{T}: Add {B}.], 2=[{T}: Add {U}.], 16=[{T}: Add {G}.], 8=[{T}: Add {R}.], 1=[{T}: Add {W}.]}
DEBUG_MANA_PAYMENT: shard = {R}
Ordered Cards: 1Mountain, 
Unsorted Abilities: [{T}: Add {R}.]
Sorted Abilities: [{T}: Add {R}.]
DEBUG_MANA_PAYMENT: sourcesForShards = {{R}=[{T}: Add {R}.]}
DEBUG_MANA_PAYMENT: groupSourcesByManaColor player=tttttttt game=forge.game.Game@709e3ff8 battlefield=[Swamp (105), Island (72), Forest (118), Elvish Archers (84), Mountain (94), Plains (96)] hand=[Island (76), Giant Growth (114), Forest (115), Elvish Warrior (63), Mountain (87)]
DEBUG_MANA_PAYMENT: getAIPlayableMana Swamp (105) manaAbilities=[{T}: Add {B}.]
DEBUG_MANA_PAYMENT: filterLand Swamp (105) api=Mana manaAb=true canPlay=true checkRestr=true
DEBUG_MANA_PAYMENT: getAIPlayableMana Island (72) manaAbilities=[{T}: Add {U}.]
DEBUG_MANA_PAYMENT: filterLand Island (72) api=Mana manaAb=true canPlay=true checkRestr=true
DEBUG_MANA_PAYMENT: getAIPlayableMana Forest (118) manaAbilities=[{T}: Add {G}.]
DEBUG_MANA_PAYMENT: filterLand Forest (118) api=Mana manaAb=true canPlay=true checkRestr=true
DEBUG_MANA_PAYMENT: getAIPlayableMana Mountain (94) manaAbilities=[{T}: Add {R}.]
DEBUG_MANA_PAYMENT: filterLand Mountain (94) api=Mana manaAb=true canPlay=true checkRestr=true
DEBUG_MANA_PAYMENT: getAIPlayableMana Plains (96) manaAbilities=[{T}: Add {W}.]
DEBUG_MANA_PAYMENT: filterLand Plains (96) api=Mana manaAb=true canPlay=true checkRestr=true
DEBUG_MANA_PAYMENT: getAIPlayableMana Island (76) manaAbilities=[{T}: Add {U}.]
DEBUG_MANA_PAYMENT: filterLand Island (76) api=Mana manaAb=true canPlay=false checkRestr=true
DEBUG_MANA_PAYMENT: getAIPlayableMana Forest (115) manaAbilities=[{T}: Add {G}.]
DEBUG_MANA_PAYMENT: filterLand Forest (115) api=Mana manaAb=true canPlay=false checkRestr=true
DEBUG_MANA_PAYMENT: getAIPlayableMana Mountain (87) manaAbilities=[{T}: Add {R}.]
DEBUG_MANA_PAYMENT: filterLand Mountain (87) api=Mana manaAb=true canPlay=false checkRestr=true
DEBUG_MANA_PAYMENT: getAIPlayableMana Swamp (105) manaAbilities=[{T}: Add {B}.]
DEBUG_MANA_PAYMENT: getAIPlayableMana Island (72) manaAbilities=[{T}: Add {U}.]
DEBUG_MANA_PAYMENT: getAIPlayableMana Forest (118) manaAbilities=[{T}: Add {G}.]
DEBUG_MANA_PAYMENT: getAIPlayableMana Mountain (94) manaAbilities=[{T}: Add {R}.]
DEBUG_MANA_PAYMENT: getAIPlayableMana Plains (96) manaAbilities=[{T}: Add {W}.]
DEBUG_MANA_PAYMENT: sortedManaSources = [Swamp (105), Island (72), Forest (118), Mountain (94), Plains (96)]
DEBUG_MANA_PAYMENT: groupSourcesByManaColor sourceCard = Swamp (105)
DEBUG_MANA_PAYMENT: getAIPlayableMana Swamp (105) manaAbilities=[{T}: Add {B}.]
DEBUG_MANA_PAYMENT: groupSourcesByManaColor m = {T}: Add {B}.
DEBUG_MANA_PAYMENT: groupSourcesByManaColor manaMap  = {64=[{T}: Add {B}.], 4=[{T}: Add {B}.]}
DEBUG_MANA_PAYMENT: groupSourcesByManaColor sourceCard = Island (72)
DEBUG_MANA_PAYMENT: getAIPlayableMana Island (72) manaAbilities=[{T}: Add {U}.]
DEBUG_MANA_PAYMENT: groupSourcesByManaColor m = {T}: Add {U}.
DEBUG_MANA_PAYMENT: groupSourcesByManaColor manaMap  = {64=[{T}: Add {B}., {T}: Add {U}.], 4=[{T}: Add {B}.], 2=[{T}: Add {U}.]}
DEBUG_MANA_PAYMENT: groupSourcesByManaColor sourceCard = Forest (118)
DEBUG_MANA_PAYMENT: getAIPlayableMana Forest (118) manaAbilities=[{T}: Add {G}.]
DEBUG_MANA_PAYMENT: groupSourcesByManaColor m = {T}: Add {G}.
DEBUG_MANA_PAYMENT: groupSourcesByManaColor manaMap  = {64=[{T}: Add {B}., {T}: Add {U}., {T}: Add {G}.], 4=[{T}: Add {B}.], 2=[{T}: Add {U}.], 16=[{T}: Add {G}.]}
DEBUG_MANA_PAYMENT: groupSourcesByManaColor sourceCard = Mountain (94)
DEBUG_MANA_PAYMENT: getAIPlayableMana Mountain (94) manaAbilities=[{T}: Add {R}.]
DEBUG_MANA_PAYMENT: groupSourcesByManaColor m = {T}: Add {R}.
DEBUG_MANA_PAYMENT: groupSourcesByManaColor manaMap  = {64=[{T}: Add {B}., {T}: Add {U}., {T}: Add {G}., {T}: Add {R}.], 4=[{T}: Add {B}.], 2=[{T}: Add {U}.], 16=[{T}: Add {G}.], 8=[{T}: Add {R}.]}
DEBUG_MANA_PAYMENT: groupSourcesByManaColor sourceCard = Plains (96)
DEBUG_MANA_PAYMENT: getAIPlayableMana Plains (96) manaAbilities=[{T}: Add {W}.]
DEBUG_MANA_PAYMENT: groupSourcesByManaColor m = {T}: Add {W}.
DEBUG_MANA_PAYMENT: groupSourcesByManaColor manaMap  = {64=[{T}: Add {B}., {T}: Add {U}., {T}: Add {G}., {T}: Add {R}., {T}: Add {W}.], 4=[{T}: Add {B}.], 2=[{T}: Add {U}.], 16=[{T}: Add {G}.], 8=[{T}: Add {R}.], 1=[{T}: Add {W}.]}
DEBUG_MANA_PAYMENT: manaAbilityMap = {64=[{T}: Add {B}., {T}: Add {U}., {T}: Add {G}., {T}: Add {R}., {T}: Add {W}.], 4=[{T}: Add {B}.], 2=[{T}: Add {U}.], 16=[{T}: Add {G}.], 8=[{T}: Add {R}.], 1=[{T}: Add {W}.]}
DEBUG_MANA_PAYMENT: shard = {R}
Ordered Cards: 1Mountain, 
Unsorted Abilities: [{T}: Add {R}.]
Sorted Abilities: [{T}: Add {R}.]
DEBUG_MANA_PAYMENT: sourcesForShards = {{R}=[{T}: Add {R}.]}
DEBUG_MANA_PAYMENT: groupSourcesByManaColor player=tttttttt game=forge.game.Game@7f109972 battlefield=[Swamp (105), Island (72), Forest (118), Elvish Archers (84), Mountain (94), Plains (96)] hand=[Island (76), Giant Growth (114), Forest (115), Elvish Warrior (63), Mountain (87)]
DEBUG_MANA_PAYMENT: getAIPlayableMana Swamp (105) manaAbilities=[{T}: Add {B}.]
DEBUG_MANA_PAYMENT: filterLand Swamp (105) api=Mana manaAb=true canPlay=true checkRestr=true
DEBUG_MANA_PAYMENT: getAIPlayableMana Island (72) manaAbilities=[{T}: Add {U}.]
DEBUG_MANA_PAYMENT: filterLand Island (72) api=Mana manaAb=true canPlay=true checkRestr=true
DEBUG_MANA_PAYMENT: getAIPlayableMana Forest (118) manaAbilities=[{T}: Add {G}.]
DEBUG_MANA_PAYMENT: filterLand Forest (118) api=Mana manaAb=true canPlay=true checkRestr=true
DEBUG_MANA_PAYMENT: getAIPlayableMana Mountain (94) manaAbilities=[{T}: Add {R}.]
DEBUG_MANA_PAYMENT: filterLand Mountain (94) api=Mana manaAb=true canPlay=true checkRestr=true
DEBUG_MANA_PAYMENT: getAIPlayableMana Plains (96) manaAbilities=[{T}: Add {W}.]
DEBUG_MANA_PAYMENT: filterLand Plains (96) api=Mana manaAb=true canPlay=true checkRestr=true
DEBUG_MANA_PAYMENT: getAIPlayableMana Island (76) manaAbilities=[{T}: Add {U}.]
DEBUG_MANA_PAYMENT: filterLand Island (76) api=Mana manaAb=true canPlay=false checkRestr=true
DEBUG_MANA_PAYMENT: getAIPlayableMana Forest (115) manaAbilities=[{T}: Add {G}.]
DEBUG_MANA_PAYMENT: filterLand Forest (115) api=Mana manaAb=true canPlay=false checkRestr=true
DEBUG_MANA_PAYMENT: getAIPlayableMana Mountain (87) manaAbilities=[{T}: Add {R}.]
DEBUG_MANA_PAYMENT: filterLand Mountain (87) api=Mana manaAb=true canPlay=false checkRestr=true
DEBUG_MANA_PAYMENT: getAIPlayableMana Swamp (105) manaAbilities=[{T}: Add {B}.]
DEBUG_MANA_PAYMENT: getAIPlayableMana Island (72) manaAbilities=[{T}: Add {U}.]
DEBUG_MANA_PAYMENT: getAIPlayableMana Forest (118) manaAbilities=[{T}: Add {G}.]
DEBUG_MANA_PAYMENT: getAIPlayableMana Mountain (94) manaAbilities=[{T}: Add {R}.]
DEBUG_MANA_PAYMENT: getAIPlayableMana Plains (96) manaAbilities=[{T}: Add {W}.]
DEBUG_MANA_PAYMENT: sortedManaSources = [Swamp (105), Island (72), Forest (118), Mountain (94), Plains (96)]
DEBUG_MANA_PAYMENT: groupSourcesByManaColor sourceCard = Swamp (105)
DEBUG_MANA_PAYMENT: getAIPlayableMana Swamp (105) manaAbilities=[{T}: Add {B}.]
DEBUG_MANA_PAYMENT: groupSourcesByManaColor m = {T}: Add {B}.
DEBUG_MANA_PAYMENT: groupSourcesByManaColor manaMap  = {64=[{T}: Add {B}.], 4=[{T}: Add {B}.]}
DEBUG_MANA_PAYMENT: groupSourcesByManaColor sourceCard = Island (72)
DEBUG_MANA_PAYMENT: getAIPlayableMana Island (72) manaAbilities=[{T}: Add {U}.]
DEBUG_MANA_PAYMENT: groupSourcesByManaColor m = {T}: Add {U}.
DEBUG_MANA_PAYMENT: groupSourcesByManaColor manaMap  = {64=[{T}: Add {B}., {T}: Add {U}.], 4=[{T}: Add {B}.], 2=[{T}: Add {U}.]}
DEBUG_MANA_PAYMENT: groupSourcesByManaColor sourceCard = Forest (118)
DEBUG_MANA_PAYMENT: getAIPlayableMana Forest (118) manaAbilities=[{T}: Add {G}.]
DEBUG_MANA_PAYMENT: groupSourcesByManaColor m = {T}: Add {G}.
DEBUG_MANA_PAYMENT: groupSourcesByManaColor manaMap  = {64=[{T}: Add {B}., {T}: Add {U}., {T}: Add {G}.], 4=[{T}: Add {B}.], 2=[{T}: Add {U}.], 16=[{T}: Add {G}.]}
DEBUG_MANA_PAYMENT: groupSourcesByManaColor sourceCard = Mountain (94)
DEBUG_MANA_PAYMENT: getAIPlayableMana Mountain (94) manaAbilities=[{T}: Add {R}.]
DEBUG_MANA_PAYMENT: groupSourcesByManaColor m = {T}: Add {R}.
DEBUG_MANA_PAYMENT: groupSourcesByManaColor manaMap  = {64=[{T}: Add {B}., {T}: Add {U}., {T}: Add {G}., {T}: Add {R}.], 4=[{T}: Add {B}.], 2=[{T}: Add {U}.], 16=[{T}: Add {G}.], 8=[{T}: Add {R}.]}
DEBUG_MANA_PAYMENT: groupSourcesByManaColor sourceCard = Plains (96)
DEBUG_MANA_PAYMENT: getAIPlayableMana Plains (96) manaAbilities=[{T}: Add {W}.]
DEBUG_MANA_PAYMENT: groupSourcesByManaColor m = {T}: Add {W}.
DEBUG_MANA_PAYMENT: groupSourcesByManaColor manaMap  = {64=[{T}: Add {B}., {T}: Add {U}., {T}: Add {G}., {T}: Add {R}., {T}: Add {W}.], 4=[{T}: Add {B}.], 2=[{T}: Add {U}.], 16=[{T}: Add {G}.], 8=[{T}: Add {R}.], 1=[{T}: Add {W}.]}
DEBUG_MANA_PAYMENT: manaAbilityMap = {64=[{T}: Add {B}., {T}: Add {U}., {T}: Add {G}., {T}: Add {R}., {T}: Add {W}.], 4=[{T}: Add {B}.], 2=[{T}: Add {U}.], 16=[{T}: Add {G}.], 8=[{T}: Add {R}.], 1=[{T}: Add {W}.]}
DEBUG_MANA_PAYMENT: shard = {R}
Ordered Cards: 1Mountain, 
Unsorted Abilities: [{T}: Add {R}.]
Sorted Abilities: [{T}: Add {R}.]
DEBUG_MANA_PAYMENT: sourcesForShards = {{R}=[{T}: Add {R}.]}
DEBUG_MANA_PAYMENT: groupSourcesByManaColor player=tttttttt game=forge.game.Game@7f109972 battlefield=[Swamp (105), Island (72), Forest (118), Elvish Archers (84), Mountain (94), Plains (96), Island (76)] hand=[Giant Growth (114), Forest (115), Elvish Warrior (63), Mountain (87), Island (79)]
DEBUG_MANA_PAYMENT: getAIPlayableMana Swamp (105) manaAbilities=[{T}: Add {B}.]
DEBUG_MANA_PAYMENT: filterLand Swamp (105) api=Mana manaAb=true canPlay=true checkRestr=true
DEBUG_MANA_PAYMENT: getAIPlayableMana Island (72) manaAbilities=[{T}: Add {U}.]
DEBUG_MANA_PAYMENT: filterLand Island (72) api=Mana manaAb=true canPlay=true checkRestr=true
DEBUG_MANA_PAYMENT: getAIPlayableMana Forest (118) manaAbilities=[{T}: Add {G}.]
DEBUG_MANA_PAYMENT: filterLand Forest (118) api=Mana manaAb=true canPlay=true checkRestr=true
DEBUG_MANA_PAYMENT: getAIPlayableMana Mountain (94) manaAbilities=[{T}: Add {R}.]
DEBUG_MANA_PAYMENT: filterLand Mountain (94) api=Mana manaAb=true canPlay=true checkRestr=true
DEBUG_MANA_PAYMENT: getAIPlayableMana Plains (96) manaAbilities=[{T}: Add {W}.]
DEBUG_MANA_PAYMENT: filterLand Plains (96) api=Mana manaAb=true canPlay=true checkRestr=true
DEBUG_MANA_PAYMENT: getAIPlayableMana Island (76) manaAbilities=[{T}: Add {U}.]
DEBUG_MANA_PAYMENT: filterLand Island (76) api=Mana manaAb=true canPlay=true checkRestr=true
DEBUG_MANA_PAYMENT: getAIPlayableMana Forest (115) manaAbilities=[{T}: Add {G}.]
DEBUG_MANA_PAYMENT: filterLand Forest (115) api=Mana manaAb=true canPlay=false checkRestr=true
DEBUG_MANA_PAYMENT: getAIPlayableMana Mountain (87) manaAbilities=[{T}: Add {R}.]
DEBUG_MANA_PAYMENT: filterLand Mountain (87) api=Mana manaAb=true canPlay=false checkRestr=true
DEBUG_MANA_PAYMENT: getAIPlayableMana Island (79) manaAbilities=[{T}: Add {U}.]
DEBUG_MANA_PAYMENT: filterLand Island (79) api=Mana manaAb=true canPlay=false checkRestr=true
DEBUG_MANA_PAYMENT: getAIPlayableMana Swamp (105) manaAbilities=[{T}: Add {B}.]
DEBUG_MANA_PAYMENT: getAIPlayableMana Island (72) manaAbilities=[{T}: Add {U}.]
DEBUG_MANA_PAYMENT: getAIPlayableMana Forest (118) manaAbilities=[{T}: Add {G}.]
DEBUG_MANA_PAYMENT: getAIPlayableMana Mountain (94) manaAbilities=[{T}: Add {R}.]
DEBUG_MANA_PAYMENT: getAIPlayableMana Plains (96) manaAbilities=[{T}: Add {W}.]
DEBUG_MANA_PAYMENT: getAIPlayableMana Island (76) manaAbilities=[{T}: Add {U}.]
DEBUG_MANA_PAYMENT: sortedManaSources = [Swamp (105), Island (72), Forest (118), Mountain (94), Plains (96), Island (76)]
DEBUG_MANA_PAYMENT: groupSourcesByManaColor sourceCard = Swamp (105)
DEBUG_MANA_PAYMENT: getAIPlayableMana Swamp (105) manaAbilities=[{T}: Add {B}.]
DEBUG_MANA_PAYMENT: groupSourcesByManaColor m = {T}: Add {B}.
DEBUG_MANA_PAYMENT: groupSourcesByManaColor manaMap  = {64=[{T}: Add {B}.], 4=[{T}: Add {B}.]}
DEBUG_MANA_PAYMENT: groupSourcesByManaColor sourceCard = Island (72)
DEBUG_MANA_PAYMENT: getAIPlayableMana Island (72) manaAbilities=[{T}: Add {U}.]
DEBUG_MANA_PAYMENT: groupSourcesByManaColor m = {T}: Add {U}.
DEBUG_MANA_PAYMENT: groupSourcesByManaColor manaMap  = {64=[{T}: Add {B}., {T}: Add {U}.], 4=[{T}: Add {B}.], 2=[{T}: Add {U}.]}
DEBUG_MANA_PAYMENT: groupSourcesByManaColor sourceCard = Forest (118)
DEBUG_MANA_PAYMENT: getAIPlayableMana Forest (118) manaAbilities=[{T}: Add {G}.]
DEBUG_MANA_PAYMENT: groupSourcesByManaColor m = {T}: Add {G}.
DEBUG_MANA_PAYMENT: groupSourcesByManaColor manaMap  = {64=[{T}: Add {B}., {T}: Add {U}., {T}: Add {G}.], 4=[{T}: Add {B}.], 2=[{T}: Add {U}.], 16=[{T}: Add {G}.]}
DEBUG_MANA_PAYMENT: groupSourcesByManaColor sourceCard = Mountain (94)
DEBUG_MANA_PAYMENT: getAIPlayableMana Mountain (94) manaAbilities=[{T}: Add {R}.]
DEBUG_MANA_PAYMENT: groupSourcesByManaColor m = {T}: Add {R}.
DEBUG_MANA_PAYMENT: groupSourcesByManaColor manaMap  = {64=[{T}: Add {B}., {T}: Add {U}., {T}: Add {G}., {T}: Add {R}.], 4=[{T}: Add {B}.], 2=[{T}: Add {U}.], 16=[{T}: Add {G}.], 8=[{T}: Add {R}.]}
DEBUG_MANA_PAYMENT: groupSourcesByManaColor sourceCard = Plains (96)
DEBUG_MANA_PAYMENT: getAIPlayableMana Plains (96) manaAbilities=[{T}: Add {W}.]
DEBUG_MANA_PAYMENT: groupSourcesByManaColor m = {T}: Add {W}.
DEBUG_MANA_PAYMENT: groupSourcesByManaColor manaMap  = {64=[{T}: Add {B}., {T}: Add {U}., {T}: Add {G}., {T}: Add {R}., {T}: Add {W}.], 4=[{T}: Add {B}.], 2=[{T}: Add {U}.], 16=[{T}: Add {G}.], 8=[{T}: Add {R}.], 1=[{T}: Add {W}.]}
DEBUG_MANA_PAYMENT: groupSourcesByManaColor sourceCard = Island (76)
DEBUG_MANA_PAYMENT: getAIPlayableMana Island (76) manaAbilities=[{T}: Add {U}.]
DEBUG_MANA_PAYMENT: groupSourcesByManaColor m = {T}: Add {U}.
DEBUG_MANA_PAYMENT: groupSourcesByManaColor manaMap  = {64=[{T}: Add {B}., {T}: Add {U}., {T}: Add {G}., {T}: Add {R}., {T}: Add {W}., {T}: Add {U}.], 4=[{T}: Add {B}.], 2=[{T}: Add {U}., {T}: Add {U}.], 16=[{T}: Add {G}.], 8=[{T}: Add {R}.], 1=[{T}: Add {W}.]}
DEBUG_MANA_PAYMENT: manaAbilityMap = {64=[{T}: Add {B}., {T}: Add {U}., {T}: Add {G}., {T}: Add {R}., {T}: Add {W}., {T}: Add {U}.], 4=[{T}: Add {B}.], 2=[{T}: Add {U}., {T}: Add {U}.], 16=[{T}: Add {G}.], 8=[{T}: Add {R}.], 1=[{T}: Add {W}.]}
DEBUG_MANA_PAYMENT: shard = {G}
Ordered Cards: 1Forest, 
Unsorted Abilities: [{T}: Add {G}.]
Sorted Abilities: [{T}: Add {G}.]
DEBUG_MANA_PAYMENT: sourcesForShards = {{G}=[{T}: Add {G}.]}
DEBUG_MANA_PAYMENT: groupSourcesByManaColor player=tttttttt game=forge.game.Game@7f109972 battlefield=[Swamp (105), Island (72), Forest (118), Elvish Archers (84), Mountain (94), Plains (96), Island (76), Forest (115)] hand=[Giant Growth (114), Elvish Warrior (63), Mountain (87), Island (79), Island (74)]
DEBUG_MANA_PAYMENT: getAIPlayableMana Swamp (105) manaAbilities=[{T}: Add {B}.]
DEBUG_MANA_PAYMENT: filterLand Swamp (105) api=Mana manaAb=true canPlay=true checkRestr=true
DEBUG_MANA_PAYMENT: getAIPlayableMana Island (72) manaAbilities=[{T}: Add {U}.]
DEBUG_MANA_PAYMENT: filterLand Island (72) api=Mana manaAb=true canPlay=true checkRestr=true
DEBUG_MANA_PAYMENT: getAIPlayableMana Forest (118) manaAbilities=[{T}: Add {G}.]
DEBUG_MANA_PAYMENT: filterLand Forest (118) api=Mana manaAb=true canPlay=true checkRestr=true
DEBUG_MANA_PAYMENT: getAIPlayableMana Mountain (94) manaAbilities=[{T}: Add {R}.]
DEBUG_MANA_PAYMENT: filterLand Mountain (94) api=Mana manaAb=true canPlay=true checkRestr=true
DEBUG_MANA_PAYMENT: getAIPlayableMana Plains (96) manaAbilities=[{T}: Add {W}.]
DEBUG_MANA_PAYMENT: filterLand Plains (96) api=Mana manaAb=true canPlay=true checkRestr=true
DEBUG_MANA_PAYMENT: getAIPlayableMana Island (76) manaAbilities=[{T}: Add {U}.]
DEBUG_MANA_PAYMENT: filterLand Island (76) api=Mana manaAb=true canPlay=true checkRestr=true
DEBUG_MANA_PAYMENT: getAIPlayableMana Forest (115) manaAbilities=[{T}: Add {G}.]
DEBUG_MANA_PAYMENT: filterLand Forest (115) api=Mana manaAb=true canPlay=true checkRestr=true
DEBUG_MANA_PAYMENT: getAIPlayableMana Mountain (87) manaAbilities=[{T}: Add {R}.]
DEBUG_MANA_PAYMENT: filterLand Mountain (87) api=Mana manaAb=true canPlay=false checkRestr=true
DEBUG_MANA_PAYMENT: getAIPlayableMana Island (79) manaAbilities=[{T}: Add {U}.]
DEBUG_MANA_PAYMENT: filterLand Island (79) api=Mana manaAb=true canPlay=false checkRestr=true
DEBUG_MANA_PAYMENT: getAIPlayableMana Island (74) manaAbilities=[{T}: Add {U}.]
DEBUG_MANA_PAYMENT: filterLand Island (74) api=Mana manaAb=true canPlay=false checkRestr=true
DEBUG_MANA_PAYMENT: getAIPlayableMana Swamp (105) manaAbilities=[{T}: Add {B}.]
DEBUG_MANA_PAYMENT: getAIPlayableMana Island (72) manaAbilities=[{T}: Add {U}.]
DEBUG_MANA_PAYMENT: getAIPlayableMana Forest (118) manaAbilities=[{T}: Add {G}.]
DEBUG_MANA_PAYMENT: getAIPlayableMana Mountain (94) manaAbilities=[{T}: Add {R}.]
DEBUG_MANA_PAYMENT: getAIPlayableMana Plains (96) manaAbilities=[{T}: Add {W}.]
DEBUG_MANA_PAYMENT: getAIPlayableMana Island (76) manaAbilities=[{T}: Add {U}.]
DEBUG_MANA_PAYMENT: getAIPlayableMana Forest (115) manaAbilities=[{T}: Add {G}.]
DEBUG_MANA_PAYMENT: sortedManaSources = [Swamp (105), Island (72), Forest (118), Mountain (94), Plains (96), Island (76), Forest (115)]
DEBUG_MANA_PAYMENT: groupSourcesByManaColor sourceCard = Swamp (105)
DEBUG_MANA_PAYMENT: getAIPlayableMana Swamp (105) manaAbilities=[{T}: Add {B}.]
DEBUG_MANA_PAYMENT: groupSourcesByManaColor m = {T}: Add {B}.
DEBUG_MANA_PAYMENT: groupSourcesByManaColor manaMap  = {64=[{T}: Add {B}.], 4=[{T}: Add {B}.]}
DEBUG_MANA_PAYMENT: groupSourcesByManaColor sourceCard = Island (72)
DEBUG_MANA_PAYMENT: getAIPlayableMana Island (72) manaAbilities=[{T}: Add {U}.]
DEBUG_MANA_PAYMENT: groupSourcesByManaColor m = {T}: Add {U}.
DEBUG_MANA_PAYMENT: groupSourcesByManaColor manaMap  = {64=[{T}: Add {B}., {T}: Add {U}.], 4=[{T}: Add {B}.], 2=[{T}: Add {U}.]}
DEBUG_MANA_PAYMENT: groupSourcesByManaColor sourceCard = Forest (118)
DEBUG_MANA_PAYMENT: getAIPlayableMana Forest (118) manaAbilities=[{T}: Add {G}.]
DEBUG_MANA_PAYMENT: groupSourcesByManaColor m = {T}: Add {G}.
DEBUG_MANA_PAYMENT: groupSourcesByManaColor manaMap  = {64=[{T}: Add {B}., {T}: Add {U}., {T}: Add {G}.], 4=[{T}: Add {B}.], 2=[{T}: Add {U}.], 16=[{T}: Add {G}.]}
DEBUG_MANA_PAYMENT: groupSourcesByManaColor sourceCard = Mountain (94)
DEBUG_MANA_PAYMENT: getAIPlayableMana Mountain (94) manaAbilities=[{T}: Add {R}.]
DEBUG_MANA_PAYMENT: groupSourcesByManaColor m = {T}: Add {R}.
DEBUG_MANA_PAYMENT: groupSourcesByManaColor manaMap  = {64=[{T}: Add {B}., {T}: Add {U}., {T}: Add {G}., {T}: Add {R}.], 4=[{T}: Add {B}.], 2=[{T}: Add {U}.], 16=[{T}: Add {G}.], 8=[{T}: Add {R}.]}
DEBUG_MANA_PAYMENT: groupSourcesByManaColor sourceCard = Plains (96)
DEBUG_MANA_PAYMENT: getAIPlayableMana Plains (96) manaAbilities=[{T}: Add {W}.]
DEBUG_MANA_PAYMENT: groupSourcesByManaColor m = {T}: Add {W}.
DEBUG_MANA_PAYMENT: groupSourcesByManaColor manaMap  = {64=[{T}: Add {B}., {T}: Add {U}., {T}: Add {G}., {T}: Add {R}., {T}: Add {W}.], 4=[{T}: Add {B}.], 2=[{T}: Add {U}.], 16=[{T}: Add {G}.], 8=[{T}: Add {R}.], 1=[{T}: Add {W}.]}
DEBUG_MANA_PAYMENT: groupSourcesByManaColor sourceCard = Island (76)
DEBUG_MANA_PAYMENT: getAIPlayableMana Island (76) manaAbilities=[{T}: Add {U}.]
DEBUG_MANA_PAYMENT: groupSourcesByManaColor m = {T}: Add {U}.
DEBUG_MANA_PAYMENT: groupSourcesByManaColor manaMap  = {64=[{T}: Add {B}., {T}: Add {U}., {T}: Add {G}., {T}: Add {R}., {T}: Add {W}., {T}: Add {U}.], 4=[{T}: Add {B}.], 2=[{T}: Add {U}., {T}: Add {U}.], 16=[{T}: Add {G}.], 8=[{T}: Add {R}.], 1=[{T}: Add {W}.]}
DEBUG_MANA_PAYMENT: groupSourcesByManaColor sourceCard = Forest (115)
DEBUG_MANA_PAYMENT: getAIPlayableMana Forest (115) manaAbilities=[{T}: Add {G}.]
DEBUG_MANA_PAYMENT: groupSourcesByManaColor m = {T}: Add {G}.
DEBUG_MANA_PAYMENT: groupSourcesByManaColor manaMap  = {64=[{T}: Add {B}., {T}: Add {U}., {T}: Add {G}., {T}: Add {R}., {T}: Add {W}., {T}: Add {U}., {T}: Add {G}.], 4=[{T}: Add {B}.], 2=[{T}: Add {U}., {T}: Add {U}.], 16=[{T}: Add {G}., {T}: Add {G}.], 8=[{T}: Add {R}.], 1=[{T}: Add {W}.]}
DEBUG_MANA_PAYMENT: manaAbilityMap = {64=[{T}: Add {B}., {T}: Add {U}., {T}: Add {G}., {T}: Add {R}., {T}: Add {W}., {T}: Add {U}., {T}: Add {G}.], 4=[{T}: Add {B}.], 2=[{T}: Add {U}., {T}: Add {U}.], 16=[{T}: Add {G}., {T}: Add {G}.], 8=[{T}: Add {R}.], 1=[{T}: Add {W}.]}
DEBUG_MANA_PAYMENT: shard = {G}
Ordered Cards: 2Forest, Forest, 
Unsorted Abilities: [{T}: Add {G}., {T}: Add {G}.]
Sorted Abilities: [{T}: Add {G}., {T}: Add {G}.]
DEBUG_MANA_PAYMENT: sourcesForShards = {{G}=[{T}: Add {G}., {T}: Add {G}.]}
DEBUG_MANA_PAYMENT: groupSourcesByManaColor player=tttttttt game=forge.game.Game@4b1a1bbb battlefield=[Swamp (105), Island (72), Forest (118), Elvish Archers (84), Mountain (94), Plains (96), Island (76), Forest (115)] hand=[Giant Growth (114), Mountain (87), Island (79), Island (74)]
DEBUG_MANA_PAYMENT: getAIPlayableMana Swamp (105) manaAbilities=[{T}: Add {B}.]
DEBUG_MANA_PAYMENT: filterLand Swamp (105) api=Mana manaAb=true canPlay=true checkRestr=true
DEBUG_MANA_PAYMENT: getAIPlayableMana Island (72) manaAbilities=[{T}: Add {U}.]
DEBUG_MANA_PAYMENT: filterLand Island (72) api=Mana manaAb=true canPlay=true checkRestr=true
DEBUG_MANA_PAYMENT: getAIPlayableMana Forest (118) manaAbilities=[{T}: Add {G}.]
DEBUG_MANA_PAYMENT: filterLand Forest (118) api=Mana manaAb=true canPlay=true checkRestr=true
DEBUG_MANA_PAYMENT: getAIPlayableMana Mountain (94) manaAbilities=[{T}: Add {R}.]
DEBUG_MANA_PAYMENT: filterLand Mountain (94) api=Mana manaAb=true canPlay=true checkRestr=true
DEBUG_MANA_PAYMENT: getAIPlayableMana Plains (96) manaAbilities=[{T}: Add {W}.]
DEBUG_MANA_PAYMENT: filterLand Plains (96) api=Mana manaAb=true canPlay=true checkRestr=true
DEBUG_MANA_PAYMENT: getAIPlayableMana Island (76) manaAbilities=[{T}: Add {U}.]
DEBUG_MANA_PAYMENT: filterLand Island (76) api=Mana manaAb=true canPlay=true checkRestr=true
DEBUG_MANA_PAYMENT: getAIPlayableMana Forest (115) manaAbilities=[{T}: Add {G}.]
DEBUG_MANA_PAYMENT: filterLand Forest (115) api=Mana manaAb=true canPlay=true checkRestr=true
DEBUG_MANA_PAYMENT: getAIPlayableMana Mountain (87) manaAbilities=[{T}: Add {R}.]
DEBUG_MANA_PAYMENT: filterLand Mountain (87) api=Mana manaAb=true canPlay=false checkRestr=true
DEBUG_MANA_PAYMENT: getAIPlayableMana Island (79) manaAbilities=[{T}: Add {U}.]
DEBUG_MANA_PAYMENT: filterLand Island (79) api=Mana manaAb=true canPlay=false checkRestr=true
DEBUG_MANA_PAYMENT: getAIPlayableMana Island (74) manaAbilities=[{T}: Add {U}.]
DEBUG_MANA_PAYMENT: filterLand Island (74) api=Mana manaAb=true canPlay=false checkRestr=true
DEBUG_MANA_PAYMENT: getAIPlayableMana Swamp (105) manaAbilities=[{T}: Add {B}.]
DEBUG_MANA_PAYMENT: getAIPlayableMana Island (72) manaAbilities=[{T}: Add {U}.]
DEBUG_MANA_PAYMENT: getAIPlayableMana Forest (118) manaAbilities=[{T}: Add {G}.]
DEBUG_MANA_PAYMENT: getAIPlayableMana Mountain (94) manaAbilities=[{T}: Add {R}.]
DEBUG_MANA_PAYMENT: getAIPlayableMana Plains (96) manaAbilities=[{T}: Add {W}.]
DEBUG_MANA_PAYMENT: getAIPlayableMana Island (76) manaAbilities=[{T}: Add {U}.]
DEBUG_MANA_PAYMENT: getAIPlayableMana Forest (115) manaAbilities=[{T}: Add {G}.]
DEBUG_MANA_PAYMENT: sortedManaSources = [Swamp (105), Island (72), Forest (118), Mountain (94), Plains (96), Island (76), Forest (115)]
DEBUG_MANA_PAYMENT: groupSourcesByManaColor sourceCard = Swamp (105)
DEBUG_MANA_PAYMENT: getAIPlayableMana Swamp (105) manaAbilities=[{T}: Add {B}.]
DEBUG_MANA_PAYMENT: groupSourcesByManaColor m = {T}: Add {B}.
DEBUG_MANA_PAYMENT: groupSourcesByManaColor manaMap  = {64=[{T}: Add {B}.], 4=[{T}: Add {B}.]}
DEBUG_MANA_PAYMENT: groupSourcesByManaColor sourceCard = Island (72)
DEBUG_MANA_PAYMENT: getAIPlayableMana Island (72) manaAbilities=[{T}: Add {U}.]
DEBUG_MANA_PAYMENT: groupSourcesByManaColor m = {T}: Add {U}.
DEBUG_MANA_PAYMENT: groupSourcesByManaColor manaMap  = {64=[{T}: Add {B}., {T}: Add {U}.], 4=[{T}: Add {B}.], 2=[{T}: Add {U}.]}
DEBUG_MANA_PAYMENT: groupSourcesByManaColor sourceCard = Forest (118)
DEBUG_MANA_PAYMENT: getAIPlayableMana Forest (118) manaAbilities=[{T}: Add {G}.]
DEBUG_MANA_PAYMENT: groupSourcesByManaColor m = {T}: Add {G}.
DEBUG_MANA_PAYMENT: groupSourcesByManaColor manaMap  = {64=[{T}: Add {B}., {T}: Add {U}., {T}: Add {G}.], 4=[{T}: Add {B}.], 2=[{T}: Add {U}.], 16=[{T}: Add {G}.]}
DEBUG_MANA_PAYMENT: groupSourcesByManaColor sourceCard = Mountain (94)
DEBUG_MANA_PAYMENT: getAIPlayableMana Mountain (94) manaAbilities=[{T}: Add {R}.]
DEBUG_MANA_PAYMENT: groupSourcesByManaColor m = {T}: Add {R}.
DEBUG_MANA_PAYMENT: groupSourcesByManaColor manaMap  = {64=[{T}: Add {B}., {T}: Add {U}., {T}: Add {G}., {T}: Add {R}.], 4=[{T}: Add {B}.], 2=[{T}: Add {U}.], 16=[{T}: Add {G}.], 8=[{T}: Add {R}.]}
DEBUG_MANA_PAYMENT: groupSourcesByManaColor sourceCard = Plains (96)
DEBUG_MANA_PAYMENT: getAIPlayableMana Plains (96) manaAbilities=[{T}: Add {W}.]
DEBUG_MANA_PAYMENT: groupSourcesByManaColor m = {T}: Add {W}.
DEBUG_MANA_PAYMENT: groupSourcesByManaColor manaMap  = {64=[{T}: Add {B}., {T}: Add {U}., {T}: Add {G}., {T}: Add {R}., {T}: Add {W}.], 4=[{T}: Add {B}.], 2=[{T}: Add {U}.], 16=[{T}: Add {G}.], 8=[{T}: Add {R}.], 1=[{T}: Add {W}.]}
DEBUG_MANA_PAYMENT: groupSourcesByManaColor sourceCard = Island (76)
DEBUG_MANA_PAYMENT: getAIPlayableMana Island (76) manaAbilities=[{T}: Add {U}.]
DEBUG_MANA_PAYMENT: groupSourcesByManaColor m = {T}: Add {U}.
DEBUG_MANA_PAYMENT: groupSourcesByManaColor manaMap  = {64=[{T}: Add {B}., {T}: Add {U}., {T}: Add {G}., {T}: Add {R}., {T}: Add {W}., {T}: Add {U}.], 4=[{T}: Add {B}.], 2=[{T}: Add {U}., {T}: Add {U}.], 16=[{T}: Add {G}.], 8=[{T}: Add {R}.], 1=[{T}: Add {W}.]}
DEBUG_MANA_PAYMENT: groupSourcesByManaColor sourceCard = Forest (115)
DEBUG_MANA_PAYMENT: getAIPlayableMana Forest (115) manaAbilities=[{T}: Add {G}.]
DEBUG_MANA_PAYMENT: groupSourcesByManaColor m = {T}: Add {G}.
DEBUG_MANA_PAYMENT: groupSourcesByManaColor manaMap  = {64=[{T}: Add {B}., {T}: Add {U}., {T}: Add {G}., {T}: Add {R}., {T}: Add {W}., {T}: Add {U}., {T}: Add {G}.], 4=[{T}: Add {B}.], 2=[{T}: Add {U}., {T}: Add {U}.], 16=[{T}: Add {G}., {T}: Add {G}.], 8=[{T}: Add {R}.], 1=[{T}: Add {W}.]}
DEBUG_MANA_PAYMENT: manaAbilityMap = {64=[{T}: Add {B}., {T}: Add {U}., {T}: Add {G}., {T}: Add {R}., {T}: Add {W}., {T}: Add {U}., {T}: Add {G}.], 4=[{T}: Add {B}.], 2=[{T}: Add {U}., {T}: Add {U}.], 16=[{T}: Add {G}., {T}: Add {G}.], 8=[{T}: Add {R}.], 1=[{T}: Add {W}.]}
DEBUG_MANA_PAYMENT: shard = {G}
Ordered Cards: 2Forest, Forest, 
Unsorted Abilities: [{T}: Add {G}., {T}: Add {G}.]
Sorted Abilities: [{T}: Add {G}., {T}: Add {G}.]
DEBUG_MANA_PAYMENT: sourcesForShards = {{G}=[{T}: Add {G}., {T}: Add {G}.]}
DEBUG_MANA_PAYMENT: groupSourcesByManaColor player=tttttttt game=forge.game.Game@7f109972 battlefield=[Swamp (105), Island (72), Forest (118), Elvish Archers (84), Mountain (94), Plains (96), Island (76), Forest (115)] hand=[Giant Growth (114), Mountain (87), Island (79), Island (74)]
DEBUG_MANA_PAYMENT: getAIPlayableMana Swamp (105) manaAbilities=[{T}: Add {B}.]
DEBUG_MANA_PAYMENT: filterLand Swamp (105) api=Mana manaAb=true canPlay=true checkRestr=true
DEBUG_MANA_PAYMENT: getAIPlayableMana Island (72) manaAbilities=[{T}: Add {U}.]
DEBUG_MANA_PAYMENT: filterLand Island (72) api=Mana manaAb=true canPlay=true checkRestr=true
DEBUG_MANA_PAYMENT: getAIPlayableMana Forest (118) manaAbilities=[{T}: Add {G}.]
DEBUG_MANA_PAYMENT: filterLand Forest (118) api=Mana manaAb=true canPlay=true checkRestr=true
DEBUG_MANA_PAYMENT: getAIPlayableMana Mountain (94) manaAbilities=[{T}: Add {R}.]
DEBUG_MANA_PAYMENT: filterLand Mountain (94) api=Mana manaAb=true canPlay=true checkRestr=true
DEBUG_MANA_PAYMENT: getAIPlayableMana Plains (96) manaAbilities=[{T}: Add {W}.]
DEBUG_MANA_PAYMENT: filterLand Plains (96) api=Mana manaAb=true canPlay=true checkRestr=true
DEBUG_MANA_PAYMENT: getAIPlayableMana Island (76) manaAbilities=[{T}: Add {U}.]
DEBUG_MANA_PAYMENT: filterLand Island (76) api=Mana manaAb=true canPlay=true checkRestr=true
DEBUG_MANA_PAYMENT: getAIPlayableMana Forest (115) manaAbilities=[{T}: Add {G}.]
DEBUG_MANA_PAYMENT: filterLand Forest (115) api=Mana manaAb=true canPlay=true checkRestr=true
DEBUG_MANA_PAYMENT: getAIPlayableMana Mountain (87) manaAbilities=[{T}: Add {R}.]
DEBUG_MANA_PAYMENT: filterLand Mountain (87) api=Mana manaAb=true canPlay=false checkRestr=true
DEBUG_MANA_PAYMENT: getAIPlayableMana Island (79) manaAbilities=[{T}: Add {U}.]
DEBUG_MANA_PAYMENT: filterLand Island (79) api=Mana manaAb=true canPlay=false checkRestr=true
DEBUG_MANA_PAYMENT: getAIPlayableMana Island (74) manaAbilities=[{T}: Add {U}.]
DEBUG_MANA_PAYMENT: filterLand Island (74) api=Mana manaAb=true canPlay=false checkRestr=true
DEBUG_MANA_PAYMENT: getAIPlayableMana Swamp (105) manaAbilities=[{T}: Add {B}.]
DEBUG_MANA_PAYMENT: getAIPlayableMana Island (72) manaAbilities=[{T}: Add {U}.]
DEBUG_MANA_PAYMENT: getAIPlayableMana Forest (118) manaAbilities=[{T}: Add {G}.]
DEBUG_MANA_PAYMENT: getAIPlayableMana Mountain (94) manaAbilities=[{T}: Add {R}.]
DEBUG_MANA_PAYMENT: getAIPlayableMana Plains (96) manaAbilities=[{T}: Add {W}.]
DEBUG_MANA_PAYMENT: getAIPlayableMana Island (76) manaAbilities=[{T}: Add {U}.]
DEBUG_MANA_PAYMENT: getAIPlayableMana Forest (115) manaAbilities=[{T}: Add {G}.]
DEBUG_MANA_PAYMENT: sortedManaSources = [Swamp (105), Island (72), Forest (118), Mountain (94), Plains (96), Island (76), Forest (115)]
DEBUG_MANA_PAYMENT: groupSourcesByManaColor sourceCard = Swamp (105)
DEBUG_MANA_PAYMENT: getAIPlayableMana Swamp (105) manaAbilities=[{T}: Add {B}.]
DEBUG_MANA_PAYMENT: groupSourcesByManaColor m = {T}: Add {B}.
DEBUG_MANA_PAYMENT: groupSourcesByManaColor manaMap  = {64=[{T}: Add {B}.], 4=[{T}: Add {B}.]}
DEBUG_MANA_PAYMENT: groupSourcesByManaColor sourceCard = Island (72)
DEBUG_MANA_PAYMENT: getAIPlayableMana Island (72) manaAbilities=[{T}: Add {U}.]
DEBUG_MANA_PAYMENT: groupSourcesByManaColor m = {T}: Add {U}.
DEBUG_MANA_PAYMENT: groupSourcesByManaColor manaMap  = {64=[{T}: Add {B}., {T}: Add {U}.], 4=[{T}: Add {B}.], 2=[{T}: Add {U}.]}
DEBUG_MANA_PAYMENT: groupSourcesByManaColor sourceCard = Forest (118)
DEBUG_MANA_PAYMENT: getAIPlayableMana Forest (118) manaAbilities=[{T}: Add {G}.]
DEBUG_MANA_PAYMENT: groupSourcesByManaColor m = {T}: Add {G}.
DEBUG_MANA_PAYMENT: groupSourcesByManaColor manaMap  = {64=[{T}: Add {B}., {T}: Add {U}., {T}: Add {G}.], 4=[{T}: Add {B}.], 2=[{T}: Add {U}.], 16=[{T}: Add {G}.]}
DEBUG_MANA_PAYMENT: groupSourcesByManaColor sourceCard = Mountain (94)
DEBUG_MANA_PAYMENT: getAIPlayableMana Mountain (94) manaAbilities=[{T}: Add {R}.]
DEBUG_MANA_PAYMENT: groupSourcesByManaColor m = {T}: Add {R}.
DEBUG_MANA_PAYMENT: groupSourcesByManaColor manaMap  = {64=[{T}: Add {B}., {T}: Add {U}., {T}: Add {G}., {T}: Add {R}.], 4=[{T}: Add {B}.], 2=[{T}: Add {U}.], 16=[{T}: Add {G}.], 8=[{T}: Add {R}.]}
DEBUG_MANA_PAYMENT: groupSourcesByManaColor sourceCard = Plains (96)
DEBUG_MANA_PAYMENT: getAIPlayableMana Plains (96) manaAbilities=[{T}: Add {W}.]
DEBUG_MANA_PAYMENT: groupSourcesByManaColor m = {T}: Add {W}.
DEBUG_MANA_PAYMENT: groupSourcesByManaColor manaMap  = {64=[{T}: Add {B}., {T}: Add {U}., {T}: Add {G}., {T}: Add {R}., {T}: Add {W}.], 4=[{T}: Add {B}.], 2=[{T}: Add {U}.], 16=[{T}: Add {G}.], 8=[{T}: Add {R}.], 1=[{T}: Add {W}.]}
DEBUG_MANA_PAYMENT: groupSourcesByManaColor sourceCard = Island (76)
DEBUG_MANA_PAYMENT: getAIPlayableMana Island (76) manaAbilities=[{T}: Add {U}.]
DEBUG_MANA_PAYMENT: groupSourcesByManaColor m = {T}: Add {U}.
DEBUG_MANA_PAYMENT: groupSourcesByManaColor manaMap  = {64=[{T}: Add {B}., {T}: Add {U}., {T}: Add {G}., {T}: Add {R}., {T}: Add {W}., {T}: Add {U}.], 4=[{T}: Add {B}.], 2=[{T}: Add {U}., {T}: Add {U}.], 16=[{T}: Add {G}.], 8=[{T}: Add {R}.], 1=[{T}: Add {W}.]}
DEBUG_MANA_PAYMENT: groupSourcesByManaColor sourceCard = Forest (115)
DEBUG_MANA_PAYMENT: getAIPlayableMana Forest (115) manaAbilities=[{T}: Add {G}.]
DEBUG_MANA_PAYMENT: groupSourcesByManaColor m = {T}: Add {G}.
DEBUG_MANA_PAYMENT: groupSourcesByManaColor manaMap  = {64=[{T}: Add {B}., {T}: Add {U}., {T}: Add {G}., {T}: Add {R}., {T}: Add {W}., {T}: Add {U}., {T}: Add {G}.], 4=[{T}: Add {B}.], 2=[{T}: Add {U}., {T}: Add {U}.], 16=[{T}: Add {G}., {T}: Add {G}.], 8=[{T}: Add {R}.], 1=[{T}: Add {W}.]}
DEBUG_MANA_PAYMENT: manaAbilityMap = {64=[{T}: Add {B}., {T}: Add {U}., {T}: Add {G}., {T}: Add {R}., {T}: Add {W}., {T}: Add {U}., {T}: Add {G}.], 4=[{T}: Add {B}.], 2=[{T}: Add {U}., {T}: Add {U}.], 16=[{T}: Add {G}., {T}: Add {G}.], 8=[{T}: Add {R}.], 1=[{T}: Add {W}.]}
DEBUG_MANA_PAYMENT: shard = {G}
Ordered Cards: 2Forest, Forest, 
Unsorted Abilities: [{T}: Add {G}., {T}: Add {G}.]
Sorted Abilities: [{T}: Add {G}., {T}: Add {G}.]
DEBUG_MANA_PAYMENT: sourcesForShards = {{G}=[{T}: Add {G}., {T}: Add {G}.]}
DEBUG_MANA_PAYMENT: groupSourcesByManaColor player=tttttttt game=forge.game.Game@7f109972 battlefield=[Swamp (105), Island (72), Forest (118), Elvish Archers (84), Mountain (94), Plains (96), Island (76), Forest (115), Elvish Warrior (63), Mountain (87), Island (79)] hand=[Giant Growth (114), Island (74), Island (73), Island (81)]
DEBUG_MANA_PAYMENT: getAIPlayableMana Swamp (105) manaAbilities=[{T}: Add {B}.]
DEBUG_MANA_PAYMENT: filterLand Swamp (105) api=Mana manaAb=true canPlay=true checkRestr=true
DEBUG_MANA_PAYMENT: getAIPlayableMana Island (72) manaAbilities=[{T}: Add {U}.]
DEBUG_MANA_PAYMENT: filterLand Island (72) api=Mana manaAb=true canPlay=true checkRestr=true
DEBUG_MANA_PAYMENT: getAIPlayableMana Forest (118) manaAbilities=[{T}: Add {G}.]
DEBUG_MANA_PAYMENT: filterLand Forest (118) api=Mana manaAb=true canPlay=true checkRestr=true
DEBUG_MANA_PAYMENT: getAIPlayableMana Mountain (94) manaAbilities=[{T}: Add {R}.]
DEBUG_MANA_PAYMENT: filterLand Mountain (94) api=Mana manaAb=true canPlay=true checkRestr=true
DEBUG_MANA_PAYMENT: getAIPlayableMana Plains (96) manaAbilities=[{T}: Add {W}.]
DEBUG_MANA_PAYMENT: filterLand Plains (96) api=Mana manaAb=true canPlay=true checkRestr=true
DEBUG_MANA_PAYMENT: getAIPlayableMana Island (76) manaAbilities=[{T}: Add {U}.]
DEBUG_MANA_PAYMENT: filterLand Island (76) api=Mana manaAb=true canPlay=true checkRestr=true
DEBUG_MANA_PAYMENT: getAIPlayableMana Forest (115) manaAbilities=[{T}: Add {G}.]
DEBUG_MANA_PAYMENT: filterLand Forest (115) api=Mana manaAb=true canPlay=true checkRestr=true
DEBUG_MANA_PAYMENT: getAIPlayableMana Mountain (87) manaAbilities=[{T}: Add {R}.]
DEBUG_MANA_PAYMENT: filterLand Mountain (87) api=Mana manaAb=true canPlay=true checkRestr=true
DEBUG_MANA_PAYMENT: getAIPlayableMana Island (79) manaAbilities=[{T}: Add {U}.]
DEBUG_MANA_PAYMENT: filterLand Island (79) api=Mana manaAb=true canPlay=true checkRestr=true
DEBUG_MANA_PAYMENT: getAIPlayableMana Island (74) manaAbilities=[{T}: Add {U}.]
DEBUG_MANA_PAYMENT: filterLand Island (74) api=Mana manaAb=true canPlay=false checkRestr=true
DEBUG_MANA_PAYMENT: getAIPlayableMana Island (73) manaAbilities=[{T}: Add {U}.]
DEBUG_MANA_PAYMENT: filterLand Island (73) api=Mana manaAb=true canPlay=false checkRestr=true
DEBUG_MANA_PAYMENT: getAIPlayableMana Island (81) manaAbilities=[{T}: Add {U}.]
DEBUG_MANA_PAYMENT: filterLand Island (81) api=Mana manaAb=true canPlay=false checkRestr=true
DEBUG_MANA_PAYMENT: getAIPlayableMana Swamp (105) manaAbilities=[{T}: Add {B}.]
DEBUG_MANA_PAYMENT: getAIPlayableMana Island (72) manaAbilities=[{T}: Add {U}.]
DEBUG_MANA_PAYMENT: getAIPlayableMana Forest (118) manaAbilities=[{T}: Add {G}.]
DEBUG_MANA_PAYMENT: getAIPlayableMana Mountain (94) manaAbilities=[{T}: Add {R}.]
DEBUG_MANA_PAYMENT: getAIPlayableMana Plains (96) manaAbilities=[{T}: Add {W}.]
DEBUG_MANA_PAYMENT: getAIPlayableMana Island (76) manaAbilities=[{T}: Add {U}.]
DEBUG_MANA_PAYMENT: getAIPlayableMana Forest (115) manaAbilities=[{T}: Add {G}.]
DEBUG_MANA_PAYMENT: getAIPlayableMana Mountain (87) manaAbilities=[{T}: Add {R}.]
DEBUG_MANA_PAYMENT: getAIPlayableMana Island (79) manaAbilities=[{T}: Add {U}.]
DEBUG_MANA_PAYMENT: sortedManaSources = [Swamp (105), Island (72), Forest (118), Mountain (94), Plains (96), Island (76), Forest (115), Mountain (87), Island (79)]
DEBUG_MANA_PAYMENT: groupSourcesByManaColor sourceCard = Swamp (105)
DEBUG_MANA_PAYMENT: getAIPlayableMana Swamp (105) manaAbilities=[{T}: Add {B}.]
DEBUG_MANA_PAYMENT: groupSourcesByManaColor m = {T}: Add {B}.
DEBUG_MANA_PAYMENT: groupSourcesByManaColor manaMap  = {64=[{T}: Add {B}.], 4=[{T}: Add {B}.]}
DEBUG_MANA_PAYMENT: groupSourcesByManaColor sourceCard = Island (72)
DEBUG_MANA_PAYMENT: getAIPlayableMana Island (72) manaAbilities=[{T}: Add {U}.]
DEBUG_MANA_PAYMENT: groupSourcesByManaColor m = {T}: Add {U}.
DEBUG_MANA_PAYMENT: groupSourcesByManaColor manaMap  = {64=[{T}: Add {B}., {T}: Add {U}.], 4=[{T}: Add {B}.], 2=[{T}: Add {U}.]}
DEBUG_MANA_PAYMENT: groupSourcesByManaColor sourceCard = Forest (118)
DEBUG_MANA_PAYMENT: getAIPlayableMana Forest (118) manaAbilities=[{T}: Add {G}.]
DEBUG_MANA_PAYMENT: groupSourcesByManaColor m = {T}: Add {G}.
DEBUG_MANA_PAYMENT: groupSourcesByManaColor manaMap  = {64=[{T}: Add {B}., {T}: Add {U}., {T}: Add {G}.], 4=[{T}: Add {B}.], 2=[{T}: Add {U}.], 16=[{T}: Add {G}.]}
DEBUG_MANA_PAYMENT: groupSourcesByManaColor sourceCard = Mountain (94)
DEBUG_MANA_PAYMENT: getAIPlayableMana Mountain (94) manaAbilities=[{T}: Add {R}.]
DEBUG_MANA_PAYMENT: groupSourcesByManaColor m = {T}: Add {R}.
DEBUG_MANA_PAYMENT: groupSourcesByManaColor manaMap  = {64=[{T}: Add {B}., {T}: Add {U}., {T}: Add {G}., {T}: Add {R}.], 4=[{T}: Add {B}.], 2=[{T}: Add {U}.], 16=[{T}: Add {G}.], 8=[{T}: Add {R}.]}
DEBUG_MANA_PAYMENT: groupSourcesByManaColor sourceCard = Plains (96)
DEBUG_MANA_PAYMENT: getAIPlayableMana Plains (96) manaAbilities=[{T}: Add {W}.]
DEBUG_MANA_PAYMENT: groupSourcesByManaColor m = {T}: Add {W}.
DEBUG_MANA_PAYMENT: groupSourcesByManaColor manaMap  = {64=[{T}: Add {B}., {T}: Add {U}., {T}: Add {G}., {T}: Add {R}., {T}: Add {W}.], 4=[{T}: Add {B}.], 2=[{T}: Add {U}.], 16=[{T}: Add {G}.], 8=[{T}: Add {R}.], 1=[{T}: Add {W}.]}
DEBUG_MANA_PAYMENT: groupSourcesByManaColor sourceCard = Island (76)
DEBUG_MANA_PAYMENT: getAIPlayableMana Island (76) manaAbilities=[{T}: Add {U}.]
DEBUG_MANA_PAYMENT: groupSourcesByManaColor m = {T}: Add {U}.
DEBUG_MANA_PAYMENT: groupSourcesByManaColor manaMap  = {64=[{T}: Add {B}., {T}: Add {U}., {T}: Add {G}., {T}: Add {R}., {T}: Add {W}., {T}: Add {U}.], 4=[{T}: Add {B}.], 2=[{T}: Add {U}., {T}: Add {U}.], 16=[{T}: Add {G}.], 8=[{T}: Add {R}.], 1=[{T}: Add {W}.]}
DEBUG_MANA_PAYMENT: groupSourcesByManaColor sourceCard = Forest (115)
DEBUG_MANA_PAYMENT: getAIPlayableMana Forest (115) manaAbilities=[{T}: Add {G}.]
DEBUG_MANA_PAYMENT: groupSourcesByManaColor m = {T}: Add {G}.
DEBUG_MANA_PAYMENT: groupSourcesByManaColor manaMap  = {64=[{T}: Add {B}., {T}: Add {U}., {T}: Add {G}., {T}: Add {R}., {T}: Add {W}., {T}: Add {U}., {T}: Add {G}.], 4=[{T}: Add {B}.], 2=[{T}: Add {U}., {T}: Add {U}.], 16=[{T}: Add {G}., {T}: Add {G}.], 8=[{T}: Add {R}.], 1=[{T}: Add {W}.]}
DEBUG_MANA_PAYMENT: groupSourcesByManaColor sourceCard = Mountain (87)
DEBUG_MANA_PAYMENT: getAIPlayableMana Mountain (87) manaAbilities=[{T}: Add {R}.]
DEBUG_MANA_PAYMENT: groupSourcesByManaColor m = {T}: Add {R}.
DEBUG_MANA_PAYMENT: groupSourcesByManaColor manaMap  = {64=[{T}: Add {B}., {T}: Add {U}., {T}: Add {G}., {T}: Add {R}., {T}: Add {W}., {T}: Add {U}., {T}: Add {G}., {T}: Add {R}.], 4=[{T}: Add {B}.], 2=[{T}: Add {U}., {T}: Add {U}.], 16=[{T}: Add {G}., {T}: Add {G}.], 8=[{T}: Add {R}., {T}: Add {R}.], 1=[{T}: Add {W}.]}
DEBUG_MANA_PAYMENT: groupSourcesByManaColor sourceCard = Island (79)
DEBUG_MANA_PAYMENT: getAIPlayableMana Island (79) manaAbilities=[{T}: Add {U}.]
DEBUG_MANA_PAYMENT: groupSourcesByManaColor m = {T}: Add {U}.
DEBUG_MANA_PAYMENT: groupSourcesByManaColor manaMap  = {64=[{T}: Add {B}., {T}: Add {U}., {T}: Add {G}., {T}: Add {R}., {T}: Add {W}., {T}: Add {U}., {T}: Add {G}., {T}: Add {R}., {T}: Add {U}.], 4=[{T}: Add {B}.], 2=[{T}: Add {U}., {T}: Add {U}., {T}: Add {U}.], 16=[{T}: Add {G}., {T}: Add {G}.], 8=[{T}: Add {R}., {T}: Add {R}.], 1=[{T}: Add {W}.]}
DEBUG_MANA_PAYMENT: manaAbilityMap = {64=[{T}: Add {B}., {T}: Add {U}., {T}: Add {G}., {T}: Add {R}., {T}: Add {W}., {T}: Add {U}., {T}: Add {G}., {T}: Add {R}., {T}: Add {U}.], 4=[{T}: Add {B}.], 2=[{T}: Add {U}., {T}: Add {U}., {T}: Add {U}.], 16=[{T}: Add {G}., {T}: Add {G}.], 8=[{T}: Add {R}., {T}: Add {R}.], 1=[{T}: Add {W}.]}
DEBUG_MANA_PAYMENT: shard = {G}
Ordered Cards: 2Forest, Forest, 
Unsorted Abilities: [{T}: Add {G}., {T}: Add {G}.]
Sorted Abilities: [{T}: Add {G}., {T}: Add {G}.]
DEBUG_MANA_PAYMENT: sourcesForShards = {{G}=[{T}: Add {G}., {T}: Add {G}.]}
DEBUG_MANA_PAYMENT: groupSourcesByManaColor player=tttttttt game=forge.game.Game@17db3936 battlefield=[Swamp (105), Island (72), Forest (118), Elvish Archers (84), Mountain (94), Plains (96), Island (76), Forest (115), Elvish Warrior (63), Mountain (87), Island (79)] hand=[Island (74), Island (73), Island (81)]
DEBUG_MANA_PAYMENT: getAIPlayableMana Swamp (105) manaAbilities=[{T}: Add {B}.]
DEBUG_MANA_PAYMENT: filterLand Swamp (105) api=Mana manaAb=true canPlay=true checkRestr=true
DEBUG_MANA_PAYMENT: getAIPlayableMana Island (72) manaAbilities=[{T}: Add {U}.]
DEBUG_MANA_PAYMENT: filterLand Island (72) api=Mana manaAb=true canPlay=true checkRestr=true
DEBUG_MANA_PAYMENT: getAIPlayableMana Forest (118) manaAbilities=[{T}: Add {G}.]
DEBUG_MANA_PAYMENT: filterLand Forest (118) api=Mana manaAb=true canPlay=true checkRestr=true
DEBUG_MANA_PAYMENT: getAIPlayableMana Mountain (94) manaAbilities=[{T}: Add {R}.]
DEBUG_MANA_PAYMENT: filterLand Mountain (94) api=Mana manaAb=true canPlay=true checkRestr=true
DEBUG_MANA_PAYMENT: getAIPlayableMana Plains (96) manaAbilities=[{T}: Add {W}.]
DEBUG_MANA_PAYMENT: filterLand Plains (96) api=Mana manaAb=true canPlay=true checkRestr=true
DEBUG_MANA_PAYMENT: getAIPlayableMana Island (76) manaAbilities=[{T}: Add {U}.]
DEBUG_MANA_PAYMENT: filterLand Island (76) api=Mana manaAb=true canPlay=true checkRestr=true
DEBUG_MANA_PAYMENT: getAIPlayableMana Forest (115) manaAbilities=[{T}: Add {G}.]
DEBUG_MANA_PAYMENT: filterLand Forest (115) api=Mana manaAb=true canPlay=true checkRestr=true
DEBUG_MANA_PAYMENT: getAIPlayableMana Mountain (87) manaAbilities=[{T}: Add {R}.]
DEBUG_MANA_PAYMENT: filterLand Mountain (87) api=Mana manaAb=true canPlay=true checkRestr=true
DEBUG_MANA_PAYMENT: getAIPlayableMana Island (79) manaAbilities=[{T}: Add {U}.]
DEBUG_MANA_PAYMENT: filterLand Island (79) api=Mana manaAb=true canPlay=true checkRestr=true
DEBUG_MANA_PAYMENT: getAIPlayableMana Island (74) manaAbilities=[{T}: Add {U}.]
DEBUG_MANA_PAYMENT: filterLand Island (74) api=Mana manaAb=true canPlay=false checkRestr=true
DEBUG_MANA_PAYMENT: getAIPlayableMana Island (73) manaAbilities=[{T}: Add {U}.]
DEBUG_MANA_PAYMENT: filterLand Island (73) api=Mana manaAb=true canPlay=false checkRestr=true
DEBUG_MANA_PAYMENT: getAIPlayableMana Island (81) manaAbilities=[{T}: Add {U}.]
DEBUG_MANA_PAYMENT: filterLand Island (81) api=Mana manaAb=true canPlay=false checkRestr=true
DEBUG_MANA_PAYMENT: getAIPlayableMana Swamp (105) manaAbilities=[{T}: Add {B}.]
DEBUG_MANA_PAYMENT: getAIPlayableMana Island (72) manaAbilities=[{T}: Add {U}.]
DEBUG_MANA_PAYMENT: getAIPlayableMana Forest (118) manaAbilities=[{T}: Add {G}.]
DEBUG_MANA_PAYMENT: getAIPlayableMana Mountain (94) manaAbilities=[{T}: Add {R}.]
DEBUG_MANA_PAYMENT: getAIPlayableMana Plains (96) manaAbilities=[{T}: Add {W}.]
DEBUG_MANA_PAYMENT: getAIPlayableMana Island (76) manaAbilities=[{T}: Add {U}.]
DEBUG_MANA_PAYMENT: getAIPlayableMana Forest (115) manaAbilities=[{T}: Add {G}.]
DEBUG_MANA_PAYMENT: getAIPlayableMana Mountain (87) manaAbilities=[{T}: Add {R}.]
DEBUG_MANA_PAYMENT: getAIPlayableMana Island (79) manaAbilities=[{T}: Add {U}.]
DEBUG_MANA_PAYMENT: sortedManaSources = [Swamp (105), Island (72), Forest (118), Mountain (94), Plains (96), Island (76), Forest (115), Mountain (87), Island (79)]
DEBUG_MANA_PAYMENT: groupSourcesByManaColor sourceCard = Swamp (105)
DEBUG_MANA_PAYMENT: getAIPlayableMana Swamp (105) manaAbilities=[{T}: Add {B}.]
DEBUG_MANA_PAYMENT: groupSourcesByManaColor m = {T}: Add {B}.
DEBUG_MANA_PAYMENT: groupSourcesByManaColor manaMap  = {64=[{T}: Add {B}.], 4=[{T}: Add {B}.]}
DEBUG_MANA_PAYMENT: groupSourcesByManaColor sourceCard = Island (72)
DEBUG_MANA_PAYMENT: getAIPlayableMana Island (72) manaAbilities=[{T}: Add {U}.]
DEBUG_MANA_PAYMENT: groupSourcesByManaColor m = {T}: Add {U}.
DEBUG_MANA_PAYMENT: groupSourcesByManaColor manaMap  = {64=[{T}: Add {B}., {T}: Add {U}.], 4=[{T}: Add {B}.], 2=[{T}: Add {U}.]}
DEBUG_MANA_PAYMENT: groupSourcesByManaColor sourceCard = Forest (118)
DEBUG_MANA_PAYMENT: getAIPlayableMana Forest (118) manaAbilities=[{T}: Add {G}.]
DEBUG_MANA_PAYMENT: groupSourcesByManaColor m = {T}: Add {G}.
DEBUG_MANA_PAYMENT: groupSourcesByManaColor manaMap  = {64=[{T}: Add {B}., {T}: Add {U}., {T}: Add {G}.], 4=[{T}: Add {B}.], 2=[{T}: Add {U}.], 16=[{T}: Add {G}.]}
DEBUG_MANA_PAYMENT: groupSourcesByManaColor sourceCard = Mountain (94)
DEBUG_MANA_PAYMENT: getAIPlayableMana Mountain (94) manaAbilities=[{T}: Add {R}.]
DEBUG_MANA_PAYMENT: groupSourcesByManaColor m = {T}: Add {R}.
DEBUG_MANA_PAYMENT: groupSourcesByManaColor manaMap  = {64=[{T}: Add {B}., {T}: Add {U}., {T}: Add {G}., {T}: Add {R}.], 4=[{T}: Add {B}.], 2=[{T}: Add {U}.], 16=[{T}: Add {G}.], 8=[{T}: Add {R}.]}
DEBUG_MANA_PAYMENT: groupSourcesByManaColor sourceCard = Plains (96)
DEBUG_MANA_PAYMENT: getAIPlayableMana Plains (96) manaAbilities=[{T}: Add {W}.]
DEBUG_MANA_PAYMENT: groupSourcesByManaColor m = {T}: Add {W}.
DEBUG_MANA_PAYMENT: groupSourcesByManaColor manaMap  = {64=[{T}: Add {B}., {T}: Add {U}., {T}: Add {G}., {T}: Add {R}., {T}: Add {W}.], 4=[{T}: Add {B}.], 2=[{T}: Add {U}.], 16=[{T}: Add {G}.], 8=[{T}: Add {R}.], 1=[{T}: Add {W}.]}
DEBUG_MANA_PAYMENT: groupSourcesByManaColor sourceCard = Island (76)
DEBUG_MANA_PAYMENT: getAIPlayableMana Island (76) manaAbilities=[{T}: Add {U}.]
DEBUG_MANA_PAYMENT: groupSourcesByManaColor m = {T}: Add {U}.
DEBUG_MANA_PAYMENT: groupSourcesByManaColor manaMap  = {64=[{T}: Add {B}., {T}: Add {U}., {T}: Add {G}., {T}: Add {R}., {T}: Add {W}., {T}: Add {U}.], 4=[{T}: Add {B}.], 2=[{T}: Add {U}., {T}: Add {U}.], 16=[{T}: Add {G}.], 8=[{T}: Add {R}.], 1=[{T}: Add {W}.]}
DEBUG_MANA_PAYMENT: groupSourcesByManaColor sourceCard = Forest (115)
DEBUG_MANA_PAYMENT: getAIPlayableMana Forest (115) manaAbilities=[{T}: Add {G}.]
DEBUG_MANA_PAYMENT: groupSourcesByManaColor m = {T}: Add {G}.
DEBUG_MANA_PAYMENT: groupSourcesByManaColor manaMap  = {64=[{T}: Add {B}., {T}: Add {U}., {T}: Add {G}., {T}: Add {R}., {T}: Add {W}., {T}: Add {U}., {T}: Add {G}.], 4=[{T}: Add {B}.], 2=[{T}: Add {U}., {T}: Add {U}.], 16=[{T}: Add {G}., {T}: Add {G}.], 8=[{T}: Add {R}.], 1=[{T}: Add {W}.]}
DEBUG_MANA_PAYMENT: groupSourcesByManaColor sourceCard = Mountain (87)
DEBUG_MANA_PAYMENT: getAIPlayableMana Mountain (87) manaAbilities=[{T}: Add {R}.]
DEBUG_MANA_PAYMENT: groupSourcesByManaColor m = {T}: Add {R}.
DEBUG_MANA_PAYMENT: groupSourcesByManaColor manaMap  = {64=[{T}: Add {B}., {T}: Add {U}., {T}: Add {G}., {T}: Add {R}., {T}: Add {W}., {T}: Add {U}., {T}: Add {G}., {T}: Add {R}.], 4=[{T}: Add {B}.], 2=[{T}: Add {U}., {T}: Add {U}.], 16=[{T}: Add {G}., {T}: Add {G}.], 8=[{T}: Add {R}., {T}: Add {R}.], 1=[{T}: Add {W}.]}
DEBUG_MANA_PAYMENT: groupSourcesByManaColor sourceCard = Island (79)
DEBUG_MANA_PAYMENT: getAIPlayableMana Island (79) manaAbilities=[{T}: Add {U}.]
DEBUG_MANA_PAYMENT: groupSourcesByManaColor m = {T}: Add {U}.
DEBUG_MANA_PAYMENT: groupSourcesByManaColor manaMap  = {64=[{T}: Add {B}., {T}: Add {U}., {T}: Add {G}., {T}: Add {R}., {T}: Add {W}., {T}: Add {U}., {T}: Add {G}., {T}: Add {R}., {T}: Add {U}.], 4=[{T}: Add {B}.], 2=[{T}: Add {U}., {T}: Add {U}., {T}: Add {U}.], 16=[{T}: Add {G}., {T}: Add {G}.], 8=[{T}: Add {R}., {T}: Add {R}.], 1=[{T}: Add {W}.]}
DEBUG_MANA_PAYMENT: manaAbilityMap = {64=[{T}: Add {B}., {T}: Add {U}., {T}: Add {G}., {T}: Add {R}., {T}: Add {W}., {T}: Add {U}., {T}: Add {G}., {T}: Add {R}., {T}: Add {U}.], 4=[{T}: Add {B}.], 2=[{T}: Add {U}., {T}: Add {U}., {T}: Add {U}.], 16=[{T}: Add {G}., {T}: Add {G}.], 8=[{T}: Add {R}., {T}: Add {R}.], 1=[{T}: Add {W}.]}
DEBUG_MANA_PAYMENT: shard = {G}
Ordered Cards: 2Forest, Forest, 
Unsorted Abilities: [{T}: Add {G}., {T}: Add {G}.]
Sorted Abilities: [{T}: Add {G}., {T}: Add {G}.]
DEBUG_MANA_PAYMENT: sourcesForShards = {{G}=[{T}: Add {G}., {T}: Add {G}.]}
DEBUG_MANA_PAYMENT: groupSourcesByManaColor player=tttttttt game=forge.game.Game@7f109972 battlefield=[Swamp (105), Island (72), Forest (118), Elvish Archers (84), Mountain (94), Plains (96), Island (76), Forest (115), Elvish Warrior (63), Mountain (87), Island (79)] hand=[Island (74), Island (73), Island (81)]
DEBUG_MANA_PAYMENT: getAIPlayableMana Swamp (105) manaAbilities=[{T}: Add {B}.]
DEBUG_MANA_PAYMENT: filterLand Swamp (105) api=Mana manaAb=true canPlay=true checkRestr=true
DEBUG_MANA_PAYMENT: getAIPlayableMana Island (72) manaAbilities=[{T}: Add {U}.]
DEBUG_MANA_PAYMENT: filterLand Island (72) api=Mana manaAb=true canPlay=true checkRestr=true
DEBUG_MANA_PAYMENT: getAIPlayableMana Forest (118) manaAbilities=[{T}: Add {G}.]
DEBUG_MANA_PAYMENT: filterLand Forest (118) api=Mana manaAb=true canPlay=true checkRestr=true
DEBUG_MANA_PAYMENT: getAIPlayableMana Mountain (94) manaAbilities=[{T}: Add {R}.]
DEBUG_MANA_PAYMENT: filterLand Mountain (94) api=Mana manaAb=true canPlay=true checkRestr=true
DEBUG_MANA_PAYMENT: getAIPlayableMana Plains (96) manaAbilities=[{T}: Add {W}.]
DEBUG_MANA_PAYMENT: filterLand Plains (96) api=Mana manaAb=true canPlay=true checkRestr=true
DEBUG_MANA_PAYMENT: getAIPlayableMana Island (76) manaAbilities=[{T}: Add {U}.]
DEBUG_MANA_PAYMENT: filterLand Island (76) api=Mana manaAb=true canPlay=true checkRestr=true
DEBUG_MANA_PAYMENT: getAIPlayableMana Forest (115) manaAbilities=[{T}: Add {G}.]
DEBUG_MANA_PAYMENT: filterLand Forest (115) api=Mana manaAb=true canPlay=true checkRestr=true
DEBUG_MANA_PAYMENT: getAIPlayableMana Mountain (87) manaAbilities=[{T}: Add {R}.]
DEBUG_MANA_PAYMENT: filterLand Mountain (87) api=Mana manaAb=true canPlay=true checkRestr=true
DEBUG_MANA_PAYMENT: getAIPlayableMana Island (79) manaAbilities=[{T}: Add {U}.]
DEBUG_MANA_PAYMENT: filterLand Island (79) api=Mana manaAb=true canPlay=true checkRestr=true
DEBUG_MANA_PAYMENT: getAIPlayableMana Island (74) manaAbilities=[{T}: Add {U}.]
DEBUG_MANA_PAYMENT: filterLand Island (74) api=Mana manaAb=true canPlay=false checkRestr=true
DEBUG_MANA_PAYMENT: getAIPlayableMana Island (73) manaAbilities=[{T}: Add {U}.]
DEBUG_MANA_PAYMENT: filterLand Island (73) api=Mana manaAb=true canPlay=false checkRestr=true
DEBUG_MANA_PAYMENT: getAIPlayableMana Island (81) manaAbilities=[{T}: Add {U}.]
DEBUG_MANA_PAYMENT: filterLand Island (81) api=Mana manaAb=true canPlay=false checkRestr=true
DEBUG_MANA_PAYMENT: getAIPlayableMana Swamp (105) manaAbilities=[{T}: Add {B}.]
DEBUG_MANA_PAYMENT: getAIPlayableMana Island (72) manaAbilities=[{T}: Add {U}.]
DEBUG_MANA_PAYMENT: getAIPlayableMana Forest (118) manaAbilities=[{T}: Add {G}.]
DEBUG_MANA_PAYMENT: getAIPlayableMana Mountain (94) manaAbilities=[{T}: Add {R}.]
DEBUG_MANA_PAYMENT: getAIPlayableMana Plains (96) manaAbilities=[{T}: Add {W}.]
DEBUG_MANA_PAYMENT: getAIPlayableMana Island (76) manaAbilities=[{T}: Add {U}.]
DEBUG_MANA_PAYMENT: getAIPlayableMana Forest (115) manaAbilities=[{T}: Add {G}.]
DEBUG_MANA_PAYMENT: getAIPlayableMana Mountain (87) manaAbilities=[{T}: Add {R}.]
DEBUG_MANA_PAYMENT: getAIPlayableMana Island (79) manaAbilities=[{T}: Add {U}.]
DEBUG_MANA_PAYMENT: sortedManaSources = [Swamp (105), Island (72), Forest (118), Mountain (94), Plains (96), Island (76), Forest (115), Mountain (87), Island (79)]
DEBUG_MANA_PAYMENT: groupSourcesByManaColor sourceCard = Swamp (105)
DEBUG_MANA_PAYMENT: getAIPlayableMana Swamp (105) manaAbilities=[{T}: Add {B}.]
DEBUG_MANA_PAYMENT: groupSourcesByManaColor m = {T}: Add {B}.
DEBUG_MANA_PAYMENT: groupSourcesByManaColor manaMap  = {64=[{T}: Add {B}.], 4=[{T}: Add {B}.]}
DEBUG_MANA_PAYMENT: groupSourcesByManaColor sourceCard = Island (72)
DEBUG_MANA_PAYMENT: getAIPlayableMana Island (72) manaAbilities=[{T}: Add {U}.]
DEBUG_MANA_PAYMENT: groupSourcesByManaColor m = {T}: Add {U}.
DEBUG_MANA_PAYMENT: groupSourcesByManaColor manaMap  = {64=[{T}: Add {B}., {T}: Add {U}.], 4=[{T}: Add {B}.], 2=[{T}: Add {U}.]}
DEBUG_MANA_PAYMENT: groupSourcesByManaColor sourceCard = Forest (118)
DEBUG_MANA_PAYMENT: getAIPlayableMana Forest (118) manaAbilities=[{T}: Add {G}.]
DEBUG_MANA_PAYMENT: groupSourcesByManaColor m = {T}: Add {G}.
DEBUG_MANA_PAYMENT: groupSourcesByManaColor manaMap  = {64=[{T}: Add {B}., {T}: Add {U}., {T}: Add {G}.], 4=[{T}: Add {B}.], 2=[{T}: Add {U}.], 16=[{T}: Add {G}.]}
DEBUG_MANA_PAYMENT: groupSourcesByManaColor sourceCard = Mountain (94)
DEBUG_MANA_PAYMENT: getAIPlayableMana Mountain (94) manaAbilities=[{T}: Add {R}.]
DEBUG_MANA_PAYMENT: groupSourcesByManaColor m = {T}: Add {R}.
DEBUG_MANA_PAYMENT: groupSourcesByManaColor manaMap  = {64=[{T}: Add {B}., {T}: Add {U}., {T}: Add {G}., {T}: Add {R}.], 4=[{T}: Add {B}.], 2=[{T}: Add {U}.], 16=[{T}: Add {G}.], 8=[{T}: Add {R}.]}
DEBUG_MANA_PAYMENT: groupSourcesByManaColor sourceCard = Plains (96)
DEBUG_MANA_PAYMENT: getAIPlayableMana Plains (96) manaAbilities=[{T}: Add {W}.]
DEBUG_MANA_PAYMENT: groupSourcesByManaColor m = {T}: Add {W}.
DEBUG_MANA_PAYMENT: groupSourcesByManaColor manaMap  = {64=[{T}: Add {B}., {T}: Add {U}., {T}: Add {G}., {T}: Add {R}., {T}: Add {W}.], 4=[{T}: Add {B}.], 2=[{T}: Add {U}.], 16=[{T}: Add {G}.], 8=[{T}: Add {R}.], 1=[{T}: Add {W}.]}
DEBUG_MANA_PAYMENT: groupSourcesByManaColor sourceCard = Island (76)
DEBUG_MANA_PAYMENT: getAIPlayableMana Island (76) manaAbilities=[{T}: Add {U}.]
DEBUG_MANA_PAYMENT: groupSourcesByManaColor m = {T}: Add {U}.
DEBUG_MANA_PAYMENT: groupSourcesByManaColor manaMap  = {64=[{T}: Add {B}., {T}: Add {U}., {T}: Add {G}., {T}: Add {R}., {T}: Add {W}., {T}: Add {U}.], 4=[{T}: Add {B}.], 2=[{T}: Add {U}., {T}: Add {U}.], 16=[{T}: Add {G}.], 8=[{T}: Add {R}.], 1=[{T}: Add {W}.]}
DEBUG_MANA_PAYMENT: groupSourcesByManaColor sourceCard = Forest (115)
DEBUG_MANA_PAYMENT: getAIPlayableMana Forest (115) manaAbilities=[{T}: Add {G}.]
DEBUG_MANA_PAYMENT: groupSourcesByManaColor m = {T}: Add {G}.
DEBUG_MANA_PAYMENT: groupSourcesByManaColor manaMap  = {64=[{T}: Add {B}., {T}: Add {U}., {T}: Add {G}., {T}: Add {R}., {T}: Add {W}., {T}: Add {U}., {T}: Add {G}.], 4=[{T}: Add {B}.], 2=[{T}: Add {U}., {T}: Add {U}.], 16=[{T}: Add {G}., {T}: Add {G}.], 8=[{T}: Add {R}.], 1=[{T}: Add {W}.]}
DEBUG_MANA_PAYMENT: groupSourcesByManaColor sourceCard = Mountain (87)
DEBUG_MANA_PAYMENT: getAIPlayableMana Mountain (87) manaAbilities=[{T}: Add {R}.]
DEBUG_MANA_PAYMENT: groupSourcesByManaColor m = {T}: Add {R}.
DEBUG_MANA_PAYMENT: groupSourcesByManaColor manaMap  = {64=[{T}: Add {B}., {T}: Add {U}., {T}: Add {G}., {T}: Add {R}., {T}: Add {W}., {T}: Add {U}., {T}: Add {G}., {T}: Add {R}.], 4=[{T}: Add {B}.], 2=[{T}: Add {U}., {T}: Add {U}.], 16=[{T}: Add {G}., {T}: Add {G}.], 8=[{T}: Add {R}., {T}: Add {R}.], 1=[{T}: Add {W}.]}
DEBUG_MANA_PAYMENT: groupSourcesByManaColor sourceCard = Island (79)
DEBUG_MANA_PAYMENT: getAIPlayableMana Island (79) manaAbilities=[{T}: Add {U}.]
DEBUG_MANA_PAYMENT: groupSourcesByManaColor m = {T}: Add {U}.
DEBUG_MANA_PAYMENT: groupSourcesByManaColor manaMap  = {64=[{T}: Add {B}., {T}: Add {U}., {T}: Add {G}., {T}: Add {R}., {T}: Add {W}., {T}: Add {U}., {T}: Add {G}., {T}: Add {R}., {T}: Add {U}.], 4=[{T}: Add {B}.], 2=[{T}: Add {U}., {T}: Add {U}., {T}: Add {U}.], 16=[{T}: Add {G}., {T}: Add {G}.], 8=[{T}: Add {R}., {T}: Add {R}.], 1=[{T}: Add {W}.]}
DEBUG_MANA_PAYMENT: manaAbilityMap = {64=[{T}: Add {B}., {T}: Add {U}., {T}: Add {G}., {T}: Add {R}., {T}: Add {W}., {T}: Add {U}., {T}: Add {G}., {T}: Add {R}., {T}: Add {U}.], 4=[{T}: Add {B}.], 2=[{T}: Add {U}., {T}: Add {U}., {T}: Add {U}.], 16=[{T}: Add {G}., {T}: Add {G}.], 8=[{T}: Add {R}., {T}: Add {R}.], 1=[{T}: Add {W}.]}
DEBUG_MANA_PAYMENT: shard = {G}
Ordered Cards: 2Forest, Forest, 
Unsorted Abilities: [{T}: Add {G}., {T}: Add {G}.]
Sorted Abilities: [{T}: Add {G}., {T}: Add {G}.]
DEBUG_MANA_PAYMENT: sourcesForShards = {{G}=[{T}: Add {G}., {T}: Add {G}.]}
Hibernate: select p1_0.id,p1_0.avatar,p1_0.banned,p1_0.banned_at,p1_0.created,p1_0.degree_level,p1_0.display_name,p1_0.email,p1_0.experience,p1_0.last_login,p1_0.level,p1_0.password_hash,p1_0.role,p1_0.specialization,p1_0.student_id from players p1_0 where p1_0.email=?
Hibernate: select m1_0.id,m1_0.battle_code,m1_0.created_at,m1_0.deck1_id,m1_0.deck2_id,m1_0.ended_at,m1_0.event_id,m1_0.player1_id,m1_0.player2_id,m1_0.status,m1_0.win_condition,m1_0.winner_id from matches m1_0 where m1_0.id=?
Hibernate: select p1_0.id,p1_0.avatar,p1_0.banned,p1_0.banned_at,p1_0.created,p1_0.degree_level,p1_0.display_name,p1_0.email,p1_0.experience,p1_0.last_login,p1_0.level,p1_0.password_hash,p1_0.role,p1_0.specialization,p1_0.student_id from players p1_0 where p1_0.id=?
Hibernate: select p1_0.id,p1_0.avatar,p1_0.banned,p1_0.banned_at,p1_0.created,p1_0.degree_level,p1_0.display_name,p1_0.email,p1_0.experience,p1_0.last_login,p1_0.level,p1_0.password_hash,p1_0.role,p1_0.specialization,p1_0.student_id from players p1_0 where p1_0.email=?
Hibernate: select m1_0.id,m1_0.battle_code,m1_0.created_at,m1_0.deck1_id,m1_0.deck2_id,m1_0.ended_at,m1_0.event_id,m1_0.player1_id,m1_0.player2_id,m1_0.status,m1_0.win_condition,m1_0.winner_id from matches m1_0 where m1_0.id=?
Hibernate: select p1_0.id,p1_0.avatar,p1_0.banned,p1_0.banned_at,p1_0.created,p1_0.degree_level,p1_0.display_name,p1_0.email,p1_0.experience,p1_0.last_login,p1_0.level,p1_0.password_hash,p1_0.role,p1_0.specialization,p1_0.student_id from players p1_0 where p1_0.id=?
Hibernate: select p1_0.id,p1_0.avatar,p1_0.banned,p1_0.banned_at,p1_0.created,p1_0.degree_level,p1_0.display_name,p1_0.email,p1_0.experience,p1_0.last_login,p1_0.level,p1_0.password_hash,p1_0.role,p1_0.specialization,p1_0.student_id from players p1_0 where p1_0.email=?
Hibernate: select m1_0.id,m1_0.battle_code,m1_0.created_at,m1_0.deck1_id,m1_0.deck2_id,m1_0.ended_at,m1_0.event_id,m1_0.player1_id,m1_0.player2_id,m1_0.status,m1_0.win_condition,m1_0.winner_id from matches m1_0 where m1_0.id=?
Hibernate: select p1_0.id,p1_0.avatar,p1_0.banned,p1_0.banned_at,p1_0.created,p1_0.degree_level,p1_0.display_name,p1_0.email,p1_0.experience,p1_0.last_login,p1_0.level,p1_0.password_hash,p1_0.role,p1_0.specialization,p1_0.student_id from players p1_0 where p1_0.id=?
Hibernate: select p1_0.id,p1_0.avatar,p1_0.banned,p1_0.banned_at,p1_0.created,p1_0.degree_level,p1_0.display_name,p1_0.email,p1_0.experience,p1_0.last_login,p1_0.level,p1_0.password_hash,p1_0.role,p1_0.specialization,p1_0.student_id from players p1_0 where p1_0.email=?
Hibernate: select m1_0.id,m1_0.battle_code,m1_0.created_at,m1_0.deck1_id,m1_0.deck2_id,m1_0.ended_at,m1_0.event_id,m1_0.player1_id,m1_0.player2_id,m1_0.status,m1_0.win_condition,m1_0.winner_id from matches m1_0 where m1_0.id=?
Hibernate: select p1_0.id,p1_0.avatar,p1_0.banned,p1_0.banned_at,p1_0.created,p1_0.degree_level,p1_0.display_name,p1_0.email,p1_0.experience,p1_0.last_login,p1_0.level,p1_0.password_hash,p1_0.role,p1_0.specialization,p1_0.student_id from players p1_0 where p1_0.id=?
Hibernate: select p1_0.id,p1_0.avatar,p1_0.banned,p1_0.banned_at,p1_0.created,p1_0.degree_level,p1_0.display_name,p1_0.email,p1_0.experience,p1_0.last_login,p1_0.level,p1_0.password_hash,p1_0.role,p1_0.specialization,p1_0.student_id from players p1_0 where p1_0.email=?
Hibernate: select m1_0.id,m1_0.battle_code,m1_0.created_at,m1_0.deck1_id,m1_0.deck2_id,m1_0.ended_at,m1_0.event_id,m1_0.player1_id,m1_0.player2_id,m1_0.status,m1_0.win_condition,m1_0.winner_id from matches m1_0 where m1_0.id=?
Hibernate: select p1_0.id,p1_0.avatar,p1_0.banned,p1_0.banned_at,p1_0.created,p1_0.degree_level,p1_0.display_name,p1_0.email,p1_0.experience,p1_0.last_login,p1_0.level,p1_0.password_hash,p1_0.role,p1_0.specialization,p1_0.student_id from players p1_0 where p1_0.id=?
Hibernate: select p1_0.id,p1_0.avatar,p1_0.banned,p1_0.banned_at,p1_0.created,p1_0.degree_level,p1_0.display_name,p1_0.email,p1_0.experience,p1_0.last_login,p1_0.level,p1_0.password_hash,p1_0.role,p1_0.specialization,p1_0.student_id from players p1_0 where p1_0.email=?
Hibernate: select m1_0.id,m1_0.battle_code,m1_0.created_at,m1_0.deck1_id,m1_0.deck2_id,m1_0.ended_at,m1_0.event_id,m1_0.player1_id,m1_0.player2_id,m1_0.status,m1_0.win_condition,m1_0.winner_id from matches m1_0 where m1_0.id=?
Hibernate: select p1_0.id,p1_0.avatar,p1_0.banned,p1_0.banned_at,p1_0.created,p1_0.degree_level,p1_0.display_name,p1_0.email,p1_0.experience,p1_0.last_login,p1_0.level,p1_0.password_hash,p1_0.role,p1_0.specialization,p1_0.student_id from players p1_0 where p1_0.id=?
Hibernate: select p1_0.id,p1_0.avatar,p1_0.banned,p1_0.banned_at,p1_0.created,p1_0.degree_level,p1_0.display_name,p1_0.email,p1_0.experience,p1_0.last_login,p1_0.level,p1_0.password_hash,p1_0.role,p1_0.specialization,p1_0.student_id from players p1_0 where p1_0.email=?
Hibernate: select m1_0.id,m1_0.battle_code,m1_0.created_at,m1_0.deck1_id,m1_0.deck2_id,m1_0.ended_at,m1_0.event_id,m1_0.player1_id,m1_0.player2_id,m1_0.status,m1_0.win_condition,m1_0.winner_id from matches m1_0 where m1_0.id=?
Hibernate: select p1_0.id,p1_0.avatar,p1_0.banned,p1_0.banned_at,p1_0.created,p1_0.degree_level,p1_0.display_name,p1_0.email,p1_0.experience,p1_0.last_login,p1_0.level,p1_0.password_hash,p1_0.role,p1_0.specialization,p1_0.student_id from players p1_0 where p1_0.id=?
Hibernate: select p1_0.id,p1_0.avatar,p1_0.banned,p1_0.banned_at,p1_0.created,p1_0.degree_level,p1_0.display_name,p1_0.email,p1_0.experience,p1_0.last_login,p1_0.level,p1_0.password_hash,p1_0.role,p1_0.specialization,p1_0.student_id from players p1_0 where p1_0.email=?
Hibernate: select m1_0.id,m1_0.battle_code,m1_0.created_at,m1_0.deck1_id,m1_0.deck2_id,m1_0.ended_at,m1_0.event_id,m1_0.player1_id,m1_0.player2_id,m1_0.status,m1_0.win_condition,m1_0.winner_id from matches m1_0 where m1_0.id=?
Hibernate: select p1_0.id,p1_0.avatar,p1_0.banned,p1_0.banned_at,p1_0.created,p1_0.degree_level,p1_0.display_name,p1_0.email,p1_0.experience,p1_0.last_login,p1_0.level,p1_0.password_hash,p1_0.role,p1_0.specialization,p1_0.student_id from players p1_0 where p1_0.id=?
Hibernate: select p1_0.id,p1_0.avatar,p1_0.banned,p1_0.banned_at,p1_0.created,p1_0.degree_level,p1_0.display_name,p1_0.email,p1_0.experience,p1_0.last_login,p1_0.level,p1_0.password_hash,p1_0.role,p1_0.specialization,p1_0.student_id from players p1_0 where p1_0.email=?
Hibernate: select m1_0.id,m1_0.battle_code,m1_0.created_at,m1_0.deck1_id,m1_0.deck2_id,m1_0.ended_at,m1_0.event_id,m1_0.player1_id,m1_0.player2_id,m1_0.status,m1_0.win_condition,m1_0.winner_id from matches m1_0 where m1_0.id=?
Hibernate: select p1_0.id,p1_0.avatar,p1_0.banned,p1_0.banned_at,p1_0.created,p1_0.degree_level,p1_0.display_name,p1_0.email,p1_0.experience,p1_0.last_login,p1_0.level,p1_0.password_hash,p1_0.role,p1_0.specialization,p1_0.student_id from players p1_0 where p1_0.id=?
Hibernate: select p1_0.id,p1_0.avatar,p1_0.banned,p1_0.banned_at,p1_0.created,p1_0.degree_level,p1_0.display_name,p1_0.email,p1_0.experience,p1_0.last_login,p1_0.level,p1_0.password_hash,p1_0.role,p1_0.specialization,p1_0.student_id from players p1_0 where p1_0.email=?
Hibernate: select m1_0.id,m1_0.battle_code,m1_0.created_at,m1_0.deck1_id,m1_0.deck2_id,m1_0.ended_at,m1_0.event_id,m1_0.player1_id,m1_0.player2_id,m1_0.status,m1_0.win_condition,m1_0.winner_id from matches m1_0 where m1_0.id=?
Hibernate: select p1_0.id,p1_0.avatar,p1_0.banned,p1_0.banned_at,p1_0.created,p1_0.degree_level,p1_0.display_name,p1_0.email,p1_0.experience,p1_0.last_login,p1_0.level,p1_0.password_hash,p1_0.role,p1_0.specialization,p1_0.student_id from players p1_0 where p1_0.id=?
Hibernate: select p1_0.id,p1_0.avatar,p1_0.banned,p1_0.banned_at,p1_0.created,p1_0.degree_level,p1_0.display_name,p1_0.email,p1_0.experience,p1_0.last_login,p1_0.level,p1_0.password_hash,p1_0.role,p1_0.specialization,p1_0.student_id from players p1_0 where p1_0.email=?
Hibernate: select m1_0.id,m1_0.battle_code,m1_0.created_at,m1_0.deck1_id,m1_0.deck2_id,m1_0.ended_at,m1_0.event_id,m1_0.player1_id,m1_0.player2_id,m1_0.status,m1_0.win_condition,m1_0.winner_id from matches m1_0 where m1_0.id=?
Hibernate: select p1_0.id,p1_0.avatar,p1_0.banned,p1_0.banned_at,p1_0.created,p1_0.degree_level,p1_0.display_name,p1_0.email,p1_0.experience,p1_0.last_login,p1_0.level,p1_0.password_hash,p1_0.role,p1_0.specialization,p1_0.student_id from players p1_0 where p1_0.id=?
Hibernate: select p1_0.id,p1_0.avatar,p1_0.banned,p1_0.banned_at,p1_0.created,p1_0.degree_level,p1_0.display_name,p1_0.email,p1_0.experience,p1_0.last_login,p1_0.level,p1_0.password_hash,p1_0.role,p1_0.specialization,p1_0.student_id from players p1_0 where p1_0.email=?
Hibernate: select m1_0.id,m1_0.battle_code,m1_0.created_at,m1_0.deck1_id,m1_0.deck2_id,m1_0.ended_at,m1_0.event_id,m1_0.player1_id,m1_0.player2_id,m1_0.status,m1_0.win_condition,m1_0.winner_id from matches m1_0 where m1_0.id=?
Hibernate: select p1_0.id,p1_0.avatar,p1_0.banned,p1_0.banned_at,p1_0.created,p1_0.degree_level,p1_0.display_name,p1_0.email,p1_0.experience,p1_0.last_login,p1_0.level,p1_0.password_hash,p1_0.role,p1_0.specialization,p1_0.student_id from players p1_0 where p1_0.id=?
Hibernate: select p1_0.id,p1_0.avatar,p1_0.banned,p1_0.banned_at,p1_0.created,p1_0.degree_level,p1_0.display_name,p1_0.email,p1_0.experience,p1_0.last_login,p1_0.level,p1_0.password_hash,p1_0.role,p1_0.specialization,p1_0.student_id from players p1_0 where p1_0.email=?
Hibernate: select m1_0.id,m1_0.battle_code,m1_0.created_at,m1_0.deck1_id,m1_0.deck2_id,m1_0.ended_at,m1_0.event_id,m1_0.player1_id,m1_0.player2_id,m1_0.status,m1_0.win_condition,m1_0.winner_id from matches m1_0 where m1_0.id=?
Hibernate: select p1_0.id,p1_0.avatar,p1_0.banned,p1_0.banned_at,p1_0.created,p1_0.degree_level,p1_0.display_name,p1_0.email,p1_0.experience,p1_0.last_login,p1_0.level,p1_0.password_hash,p1_0.role,p1_0.specialization,p1_0.student_id from players p1_0 where p1_0.id=?
Hibernate: select p1_0.id,p1_0.avatar,p1_0.banned,p1_0.banned_at,p1_0.created,p1_0.degree_level,p1_0.display_name,p1_0.email,p1_0.experience,p1_0.last_login,p1_0.level,p1_0.password_hash,p1_0.role,p1_0.specialization,p1_0.student_id from players p1_0 where p1_0.email=?
Hibernate: select m1_0.id,m1_0.battle_code,m1_0.created_at,m1_0.deck1_id,m1_0.deck2_id,m1_0.ended_at,m1_0.event_id,m1_0.player1_id,m1_0.player2_id,m1_0.status,m1_0.win_condition,m1_0.winner_id from matches m1_0 where m1_0.id=?
Hibernate: select p1_0.id,p1_0.avatar,p1_0.banned,p1_0.banned_at,p1_0.created,p1_0.degree_level,p1_0.display_name,p1_0.email,p1_0.experience,p1_0.last_login,p1_0.level,p1_0.password_hash,p1_0.role,p1_0.specialization,p1_0.student_id from players p1_0 where p1_0.id=?
Hibernate: select p1_0.id,p1_0.avatar,p1_0.banned,p1_0.banned_at,p1_0.created,p1_0.degree_level,p1_0.display_name,p1_0.email,p1_0.experience,p1_0.last_login,p1_0.level,p1_0.password_hash,p1_0.role,p1_0.specialization,p1_0.student_id from players p1_0 where p1_0.email=?
Hibernate: select m1_0.id,m1_0.battle_code,m1_0.created_at,m1_0.deck1_id,m1_0.deck2_id,m1_0.ended_at,m1_0.event_id,m1_0.player1_id,m1_0.player2_id,m1_0.status,m1_0.win_condition,m1_0.winner_id from matches m1_0 where m1_0.id=?
Hibernate: select p1_0.id,p1_0.avatar,p1_0.banned,p1_0.banned_at,p1_0.created,p1_0.degree_level,p1_0.display_name,p1_0.email,p1_0.experience,p1_0.last_login,p1_0.level,p1_0.password_hash,p1_0.role,p1_0.specialization,p1_0.student_id from players p1_0 where p1_0.id=?
Hibernate: select p1_0.id,p1_0.avatar,p1_0.banned,p1_0.banned_at,p1_0.created,p1_0.degree_level,p1_0.display_name,p1_0.email,p1_0.experience,p1_0.last_login,p1_0.level,p1_0.password_hash,p1_0.role,p1_0.specialization,p1_0.student_id from players p1_0 where p1_0.email=?
Hibernate: select m1_0.id,m1_0.battle_code,m1_0.created_at,m1_0.deck1_id,m1_0.deck2_id,m1_0.ended_at,m1_0.event_id,m1_0.player1_id,m1_0.player2_id,m1_0.status,m1_0.win_condition,m1_0.winner_id from matches m1_0 where m1_0.id=?
Hibernate: select p1_0.id,p1_0.avatar,p1_0.banned,p1_0.banned_at,p1_0.created,p1_0.degree_level,p1_0.display_name,p1_0.email,p1_0.experience,p1_0.last_login,p1_0.level,p1_0.password_hash,p1_0.role,p1_0.specialization,p1_0.student_id from players p1_0 where p1_0.id=?
Hibernate: select p1_0.id,p1_0.avatar,p1_0.banned,p1_0.banned_at,p1_0.created,p1_0.degree_level,p1_0.display_name,p1_0.email,p1_0.experience,p1_0.last_login,p1_0.level,p1_0.password_hash,p1_0.role,p1_0.specialization,p1_0.student_id from players p1_0 where p1_0.email=?
Hibernate: select m1_0.id,m1_0.battle_code,m1_0.created_at,m1_0.deck1_id,m1_0.deck2_id,m1_0.ended_at,m1_0.event_id,m1_0.player1_id,m1_0.player2_id,m1_0.status,m1_0.win_condition,m1_0.winner_id from matches m1_0 where m1_0.id=?
Hibernate: select p1_0.id,p1_0.avatar,p1_0.banned,p1_0.banned_at,p1_0.created,p1_0.degree_level,p1_0.display_name,p1_0.email,p1_0.experience,p1_0.last_login,p1_0.level,p1_0.password_hash,p1_0.role,p1_0.specialization,p1_0.student_id from players p1_0 where p1_0.id=?
Hibernate: select p1_0.id,p1_0.avatar,p1_0.banned,p1_0.banned_at,p1_0.created,p1_0.degree_level,p1_0.display_name,p1_0.email,p1_0.experience,p1_0.last_login,p1_0.level,p1_0.password_hash,p1_0.role,p1_0.specialization,p1_0.student_id from players p1_0 where p1_0.email=?
Hibernate: select m1_0.id,m1_0.battle_code,m1_0.created_at,m1_0.deck1_id,m1_0.deck2_id,m1_0.ended_at,m1_0.event_id,m1_0.player1_id,m1_0.player2_id,m1_0.status,m1_0.win_condition,m1_0.winner_id from matches m1_0 where m1_0.id=?
Hibernate: select p1_0.id,p1_0.avatar,p1_0.banned,p1_0.banned_at,p1_0.created,p1_0.degree_level,p1_0.display_name,p1_0.email,p1_0.experience,p1_0.last_login,p1_0.level,p1_0.password_hash,p1_0.role,p1_0.specialization,p1_0.student_id from players p1_0 where p1_0.id=?
Hibernate: select p1_0.id,p1_0.avatar,p1_0.banned,p1_0.banned_at,p1_0.created,p1_0.degree_level,p1_0.display_name,p1_0.email,p1_0.experience,p1_0.last_login,p1_0.level,p1_0.password_hash,p1_0.role,p1_0.specialization,p1_0.student_id from players p1_0 where p1_0.email=?
Hibernate: select m1_0.id,m1_0.battle_code,m1_0.created_at,m1_0.deck1_id,m1_0.deck2_id,m1_0.ended_at,m1_0.event_id,m1_0.player1_id,m1_0.player2_id,m1_0.status,m1_0.win_condition,m1_0.winner_id from matches m1_0 where m1_0.id=?
Hibernate: select p1_0.id,p1_0.avatar,p1_0.banned,p1_0.banned_at,p1_0.created,p1_0.degree_level,p1_0.display_name,p1_0.email,p1_0.experience,p1_0.last_login,p1_0.level,p1_0.password_hash,p1_0.role,p1_0.specialization,p1_0.student_id from players p1_0 where p1_0.id=?
Hibernate: select p1_0.id,p1_0.avatar,p1_0.banned,p1_0.banned_at,p1_0.created,p1_0.degree_level,p1_0.display_name,p1_0.email,p1_0.experience,p1_0.last_login,p1_0.level,p1_0.password_hash,p1_0.role,p1_0.specialization,p1_0.student_id from players p1_0 where p1_0.email=?
Hibernate: select m1_0.id,m1_0.battle_code,m1_0.created_at,m1_0.deck1_id,m1_0.deck2_id,m1_0.ended_at,m1_0.event_id,m1_0.player1_id,m1_0.player2_id,m1_0.status,m1_0.win_condition,m1_0.winner_id from matches m1_0 where m1_0.id=?
Hibernate: select p1_0.id,p1_0.avatar,p1_0.banned,p1_0.banned_at,p1_0.created,p1_0.degree_level,p1_0.display_name,p1_0.email,p1_0.experience,p1_0.last_login,p1_0.level,p1_0.password_hash,p1_0.role,p1_0.specialization,p1_0.student_id from players p1_0 where p1_0.id=?
Hibernate: select p1_0.id,p1_0.avatar,p1_0.banned,p1_0.banned_at,p1_0.created,p1_0.degree_level,p1_0.display_name,p1_0.email,p1_0.experience,p1_0.last_login,p1_0.level,p1_0.password_hash,p1_0.role,p1_0.specialization,p1_0.student_id from players p1_0 where p1_0.email=?
Hibernate: select m1_0.id,m1_0.battle_code,m1_0.created_at,m1_0.deck1_id,m1_0.deck2_id,m1_0.ended_at,m1_0.event_id,m1_0.player1_id,m1_0.player2_id,m1_0.status,m1_0.win_condition,m1_0.winner_id from matches m1_0 where m1_0.id=?
Hibernate: select p1_0.id,p1_0.avatar,p1_0.banned,p1_0.banned_at,p1_0.created,p1_0.degree_level,p1_0.display_name,p1_0.email,p1_0.experience,p1_0.last_login,p1_0.level,p1_0.password_hash,p1_0.role,p1_0.specialization,p1_0.student_id from players p1_0 where p1_0.id=?
Hibernate: select p1_0.id,p1_0.avatar,p1_0.banned,p1_0.banned_at,p1_0.created,p1_0.degree_level,p1_0.display_name,p1_0.email,p1_0.experience,p1_0.last_login,p1_0.level,p1_0.password_hash,p1_0.role,p1_0.specialization,p1_0.student_id from players p1_0 where p1_0.email=?
Hibernate: select m1_0.id,m1_0.battle_code,m1_0.created_at,m1_0.deck1_id,m1_0.deck2_id,m1_0.ended_at,m1_0.event_id,m1_0.player1_id,m1_0.player2_id,m1_0.status,m1_0.win_condition,m1_0.winner_id from matches m1_0 where m1_0.id=?
Hibernate: select p1_0.id,p1_0.avatar,p1_0.banned,p1_0.banned_at,p1_0.created,p1_0.degree_level,p1_0.display_name,p1_0.email,p1_0.experience,p1_0.last_login,p1_0.level,p1_0.password_hash,p1_0.role,p1_0.specialization,p1_0.student_id from players p1_0 where p1_0.id=?
Hibernate: select p1_0.id,p1_0.avatar,p1_0.banned,p1_0.banned_at,p1_0.created,p1_0.degree_level,p1_0.display_name,p1_0.email,p1_0.experience,p1_0.last_login,p1_0.level,p1_0.password_hash,p1_0.role,p1_0.specialization,p1_0.student_id from players p1_0 where p1_0.email=?
Hibernate: select m1_0.id,m1_0.battle_code,m1_0.created_at,m1_0.deck1_id,m1_0.deck2_id,m1_0.ended_at,m1_0.event_id,m1_0.player1_id,m1_0.player2_id,m1_0.status,m1_0.win_condition,m1_0.winner_id from matches m1_0 where m1_0.id=?
Hibernate: select p1_0.id,p1_0.avatar,p1_0.banned,p1_0.banned_at,p1_0.created,p1_0.degree_level,p1_0.display_name,p1_0.email,p1_0.experience,p1_0.last_login,p1_0.level,p1_0.password_hash,p1_0.role,p1_0.specialization,p1_0.student_id from players p1_0 where p1_0.id=?
Hibernate: select p1_0.id,p1_0.avatar,p1_0.banned,p1_0.banned_at,p1_0.created,p1_0.degree_level,p1_0.display_name,p1_0.email,p1_0.experience,p1_0.last_login,p1_0.level,p1_0.password_hash,p1_0.role,p1_0.specialization,p1_0.student_id from players p1_0 where p1_0.email=?
Hibernate: select m1_0.id,m1_0.battle_code,m1_0.created_at,m1_0.deck1_id,m1_0.deck2_id,m1_0.ended_at,m1_0.event_id,m1_0.player1_id,m1_0.player2_id,m1_0.status,m1_0.win_condition,m1_0.winner_id from matches m1_0 where m1_0.id=?
Hibernate: select p1_0.id,p1_0.avatar,p1_0.banned,p1_0.banned_at,p1_0.created,p1_0.degree_level,p1_0.display_name,p1_0.email,p1_0.experience,p1_0.last_login,p1_0.level,p1_0.password_hash,p1_0.role,p1_0.specialization,p1_0.student_id from players p1_0 where p1_0.id=?
Hibernate: select p1_0.id,p1_0.avatar,p1_0.banned,p1_0.banned_at,p1_0.created,p1_0.degree_level,p1_0.display_name,p1_0.email,p1_0.experience,p1_0.last_login,p1_0.level,p1_0.password_hash,p1_0.role,p1_0.specialization,p1_0.student_id from players p1_0 where p1_0.email=?
Hibernate: select m1_0.id,m1_0.battle_code,m1_0.created_at,m1_0.deck1_id,m1_0.deck2_id,m1_0.ended_at,m1_0.event_id,m1_0.player1_id,m1_0.player2_id,m1_0.status,m1_0.win_condition,m1_0.winner_id from matches m1_0 where m1_0.id=?
Hibernate: select p1_0.id,p1_0.avatar,p1_0.banned,p1_0.banned_at,p1_0.created,p1_0.degree_level,p1_0.display_name,p1_0.email,p1_0.experience,p1_0.last_login,p1_0.level,p1_0.password_hash,p1_0.role,p1_0.specialization,p1_0.student_id from players p1_0 where p1_0.id=?
Hibernate: select p1_0.id,p1_0.avatar,p1_0.banned,p1_0.banned_at,p1_0.created,p1_0.degree_level,p1_0.display_name,p1_0.email,p1_0.experience,p1_0.last_login,p1_0.level,p1_0.password_hash,p1_0.role,p1_0.specialization,p1_0.student_id from players p1_0 where p1_0.email=?
Hibernate: select m1_0.id,m1_0.battle_code,m1_0.created_at,m1_0.deck1_id,m1_0.deck2_id,m1_0.ended_at,m1_0.event_id,m1_0.player1_id,m1_0.player2_id,m1_0.status,m1_0.win_condition,m1_0.winner_id from matches m1_0 where m1_0.id=?
Hibernate: select p1_0.id,p1_0.avatar,p1_0.banned,p1_0.banned_at,p1_0.created,p1_0.degree_level,p1_0.display_name,p1_0.email,p1_0.experience,p1_0.last_login,p1_0.level,p1_0.password_hash,p1_0.role,p1_0.specialization,p1_0.student_id from players p1_0 where p1_0.id=?
Hibernate: select p1_0.id,p1_0.avatar,p1_0.banned,p1_0.banned_at,p1_0.created,p1_0.degree_level,p1_0.display_name,p1_0.email,p1_0.experience,p1_0.last_login,p1_0.level,p1_0.password_hash,p1_0.role,p1_0.specialization,p1_0.student_id from players p1_0 where p1_0.email=?
Hibernate: select m1_0.id,m1_0.battle_code,m1_0.created_at,m1_0.deck1_id,m1_0.deck2_id,m1_0.ended_at,m1_0.event_id,m1_0.player1_id,m1_0.player2_id,m1_0.status,m1_0.win_condition,m1_0.winner_id from matches m1_0 where m1_0.id=?
Hibernate: select p1_0.id,p1_0.avatar,p1_0.banned,p1_0.banned_at,p1_0.created,p1_0.degree_level,p1_0.display_name,p1_0.email,p1_0.experience,p1_0.last_login,p1_0.level,p1_0.password_hash,p1_0.role,p1_0.specialization,p1_0.student_id from players p1_0 where p1_0.id=?
Hibernate: select p1_0.id,p1_0.avatar,p1_0.banned,p1_0.banned_at,p1_0.created,p1_0.degree_level,p1_0.display_name,p1_0.email,p1_0.experience,p1_0.last_login,p1_0.level,p1_0.password_hash,p1_0.role,p1_0.specialization,p1_0.student_id from players p1_0 where p1_0.email=?
Hibernate: select m1_0.id,m1_0.battle_code,m1_0.created_at,m1_0.deck1_id,m1_0.deck2_id,m1_0.ended_at,m1_0.event_id,m1_0.player1_id,m1_0.player2_id,m1_0.status,m1_0.win_condition,m1_0.winner_id from matches m1_0 where m1_0.id=?
Hibernate: select p1_0.id,p1_0.avatar,p1_0.banned,p1_0.banned_at,p1_0.created,p1_0.degree_level,p1_0.display_name,p1_0.email,p1_0.experience,p1_0.last_login,p1_0.level,p1_0.password_hash,p1_0.role,p1_0.specialization,p1_0.student_id from players p1_0 where p1_0.id=?
Hibernate: select p1_0.id,p1_0.avatar,p1_0.banned,p1_0.banned_at,p1_0.created,p1_0.degree_level,p1_0.display_name,p1_0.email,p1_0.experience,p1_0.last_login,p1_0.level,p1_0.password_hash,p1_0.role,p1_0.specialization,p1_0.student_id from players p1_0 where p1_0.email=?
Hibernate: select m1_0.id,m1_0.battle_code,m1_0.created_at,m1_0.deck1_id,m1_0.deck2_id,m1_0.ended_at,m1_0.event_id,m1_0.player1_id,m1_0.player2_id,m1_0.status,m1_0.win_condition,m1_0.winner_id from matches m1_0 where m1_0.id=?
Hibernate: select p1_0.id,p1_0.avatar,p1_0.banned,p1_0.banned_at,p1_0.created,p1_0.degree_level,p1_0.display_name,p1_0.email,p1_0.experience,p1_0.last_login,p1_0.level,p1_0.password_hash,p1_0.role,p1_0.specialization,p1_0.student_id from players p1_0 where p1_0.id=?
Hibernate: select p1_0.id,p1_0.avatar,p1_0.banned,p1_0.banned_at,p1_0.created,p1_0.degree_level,p1_0.display_name,p1_0.email,p1_0.experience,p1_0.last_login,p1_0.level,p1_0.password_hash,p1_0.role,p1_0.specialization,p1_0.student_id from players p1_0 where p1_0.email=?
Hibernate: select m1_0.id,m1_0.battle_code,m1_0.created_at,m1_0.deck1_id,m1_0.deck2_id,m1_0.ended_at,m1_0.event_id,m1_0.player1_id,m1_0.player2_id,m1_0.status,m1_0.win_condition,m1_0.winner_id from matches m1_0 where m1_0.id=?
Hibernate: select p1_0.id,p1_0.avatar,p1_0.banned,p1_0.banned_at,p1_0.created,p1_0.degree_level,p1_0.display_name,p1_0.email,p1_0.experience,p1_0.last_login,p1_0.level,p1_0.password_hash,p1_0.role,p1_0.specialization,p1_0.student_id from players p1_0 where p1_0.id=?
Hibernate: select p1_0.id,p1_0.avatar,p1_0.banned,p1_0.banned_at,p1_0.created,p1_0.degree_level,p1_0.display_name,p1_0.email,p1_0.experience,p1_0.last_login,p1_0.level,p1_0.password_hash,p1_0.role,p1_0.specialization,p1_0.student_id from players p1_0 where p1_0.email=?
Hibernate: select m1_0.id,m1_0.battle_code,m1_0.created_at,m1_0.deck1_id,m1_0.deck2_id,m1_0.ended_at,m1_0.event_id,m1_0.player1_id,m1_0.player2_id,m1_0.status,m1_0.win_condition,m1_0.winner_id from matches m1_0 where m1_0.id=?
Hibernate: select p1_0.id,p1_0.avatar,p1_0.banned,p1_0.banned_at,p1_0.created,p1_0.degree_level,p1_0.display_name,p1_0.email,p1_0.experience,p1_0.last_login,p1_0.level,p1_0.password_hash,p1_0.role,p1_0.specialization,p1_0.student_id from players p1_0 where p1_0.id=?
Hibernate: select p1_0.id,p1_0.avatar,p1_0.banned,p1_0.banned_at,p1_0.created,p1_0.degree_level,p1_0.display_name,p1_0.email,p1_0.experience,p1_0.last_login,p1_0.level,p1_0.password_hash,p1_0.role,p1_0.specialization,p1_0.student_id from players p1_0 where p1_0.email=?
Hibernate: select m1_0.id,m1_0.battle_code,m1_0.created_at,m1_0.deck1_id,m1_0.deck2_id,m1_0.ended_at,m1_0.event_id,m1_0.player1_id,m1_0.player2_id,m1_0.status,m1_0.win_condition,m1_0.winner_id from matches m1_0 where m1_0.id=?
Hibernate: select p1_0.id,p1_0.avatar,p1_0.banned,p1_0.banned_at,p1_0.created,p1_0.degree_level,p1_0.display_name,p1_0.email,p1_0.experience,p1_0.last_login,p1_0.level,p1_0.password_hash,p1_0.role,p1_0.specialization,p1_0.student_id from players p1_0 where p1_0.id=?
Hibernate: select p1_0.id,p1_0.avatar,p1_0.banned,p1_0.banned_at,p1_0.created,p1_0.degree_level,p1_0.display_name,p1_0.email,p1_0.experience,p1_0.last_login,p1_0.level,p1_0.password_hash,p1_0.role,p1_0.specialization,p1_0.student_id from players p1_0 where p1_0.email=?
Hibernate: select m1_0.id,m1_0.battle_code,m1_0.created_at,m1_0.deck1_id,m1_0.deck2_id,m1_0.ended_at,m1_0.event_id,m1_0.player1_id,m1_0.player2_id,m1_0.status,m1_0.win_condition,m1_0.winner_id from matches m1_0 where m1_0.id=?
Hibernate: select p1_0.id,p1_0.avatar,p1_0.banned,p1_0.banned_at,p1_0.created,p1_0.degree_level,p1_0.display_name,p1_0.email,p1_0.experience,p1_0.last_login,p1_0.level,p1_0.password_hash,p1_0.role,p1_0.specialization,p1_0.student_id from players p1_0 where p1_0.id=?
Hibernate: select p1_0.id,p1_0.avatar,p1_0.banned,p1_0.banned_at,p1_0.created,p1_0.degree_level,p1_0.display_name,p1_0.email,p1_0.experience,p1_0.last_login,p1_0.level,p1_0.password_hash,p1_0.role,p1_0.specialization,p1_0.student_id from players p1_0 where p1_0.email=?
Hibernate: select m1_0.id,m1_0.battle_code,m1_0.created_at,m1_0.deck1_id,m1_0.deck2_id,m1_0.ended_at,m1_0.event_id,m1_0.player1_id,m1_0.player2_id,m1_0.status,m1_0.win_condition,m1_0.winner_id from matches m1_0 where m1_0.id=?
Hibernate: select p1_0.id,p1_0.avatar,p1_0.banned,p1_0.banned_at,p1_0.created,p1_0.degree_level,p1_0.display_name,p1_0.email,p1_0.experience,p1_0.last_login,p1_0.level,p1_0.password_hash,p1_0.role,p1_0.specialization,p1_0.student_id from players p1_0 where p1_0.id=?
Hibernate: select p1_0.id,p1_0.avatar,p1_0.banned,p1_0.banned_at,p1_0.created,p1_0.degree_level,p1_0.display_name,p1_0.email,p1_0.experience,p1_0.last_login,p1_0.level,p1_0.password_hash,p1_0.role,p1_0.specialization,p1_0.student_id from players p1_0 where p1_0.email=?
Hibernate: select m1_0.id,m1_0.battle_code,m1_0.created_at,m1_0.deck1_id,m1_0.deck2_id,m1_0.ended_at,m1_0.event_id,m1_0.player1_id,m1_0.player2_id,m1_0.status,m1_0.win_condition,m1_0.winner_id from matches m1_0 where m1_0.id=?
Hibernate: select p1_0.id,p1_0.avatar,p1_0.banned,p1_0.banned_at,p1_0.created,p1_0.degree_level,p1_0.display_name,p1_0.email,p1_0.experience,p1_0.last_login,p1_0.level,p1_0.password_hash,p1_0.role,p1_0.specialization,p1_0.student_id from players p1_0 where p1_0.id=?
Hibernate: select p1_0.id,p1_0.avatar,p1_0.banned,p1_0.banned_at,p1_0.created,p1_0.degree_level,p1_0.display_name,p1_0.email,p1_0.experience,p1_0.last_login,p1_0.level,p1_0.password_hash,p1_0.role,p1_0.specialization,p1_0.student_id from players p1_0 where p1_0.email=?
Hibernate: select m1_0.id,m1_0.battle_code,m1_0.created_at,m1_0.deck1_id,m1_0.deck2_id,m1_0.ended_at,m1_0.event_id,m1_0.player1_id,m1_0.player2_id,m1_0.status,m1_0.win_condition,m1_0.winner_id from matches m1_0 where m1_0.id=?
Hibernate: select p1_0.id,p1_0.avatar,p1_0.banned,p1_0.banned_at,p1_0.created,p1_0.degree_level,p1_0.display_name,p1_0.email,p1_0.experience,p1_0.last_login,p1_0.level,p1_0.password_hash,p1_0.role,p1_0.specialization,p1_0.student_id from players p1_0 where p1_0.id=?
Hibernate: select p1_0.id,p1_0.avatar,p1_0.banned,p1_0.banned_at,p1_0.created,p1_0.degree_level,p1_0.display_name,p1_0.email,p1_0.experience,p1_0.last_login,p1_0.level,p1_0.password_hash,p1_0.role,p1_0.specialization,p1_0.student_id from players p1_0 where p1_0.email=?
Hibernate: select m1_0.id,m1_0.battle_code,m1_0.created_at,m1_0.deck1_id,m1_0.deck2_id,m1_0.ended_at,m1_0.event_id,m1_0.player1_id,m1_0.player2_id,m1_0.status,m1_0.win_condition,m1_0.winner_id from matches m1_0 where m1_0.id=?
Hibernate: select p1_0.id,p1_0.avatar,p1_0.banned,p1_0.banned_at,p1_0.created,p1_0.degree_level,p1_0.display_name,p1_0.email,p1_0.experience,p1_0.last_login,p1_0.level,p1_0.password_hash,p1_0.role,p1_0.specialization,p1_0.student_id from players p1_0 where p1_0.id=?
Hibernate: select p1_0.id,p1_0.avatar,p1_0.banned,p1_0.banned_at,p1_0.created,p1_0.degree_level,p1_0.display_name,p1_0.email,p1_0.experience,p1_0.last_login,p1_0.level,p1_0.password_hash,p1_0.role,p1_0.specialization,p1_0.student_id from players p1_0 where p1_0.email=?
Hibernate: select m1_0.id,m1_0.battle_code,m1_0.created_at,m1_0.deck1_id,m1_0.deck2_id,m1_0.ended_at,m1_0.event_id,m1_0.player1_id,m1_0.player2_id,m1_0.status,m1_0.win_condition,m1_0.winner_id from matches m1_0 where m1_0.id=?
Hibernate: select p1_0.id,p1_0.avatar,p1_0.banned,p1_0.banned_at,p1_0.created,p1_0.degree_level,p1_0.display_name,p1_0.email,p1_0.experience,p1_0.last_login,p1_0.level,p1_0.password_hash,p1_0.role,p1_0.specialization,p1_0.student_id from players p1_0 where p1_0.id=?
Hibernate: select p1_0.id,p1_0.avatar,p1_0.banned,p1_0.banned_at,p1_0.created,p1_0.degree_level,p1_0.display_name,p1_0.email,p1_0.experience,p1_0.last_login,p1_0.level,p1_0.password_hash,p1_0.role,p1_0.specialization,p1_0.student_id from players p1_0 where p1_0.email=?
Hibernate: select m1_0.id,m1_0.battle_code,m1_0.created_at,m1_0.deck1_id,m1_0.deck2_id,m1_0.ended_at,m1_0.event_id,m1_0.player1_id,m1_0.player2_id,m1_0.status,m1_0.win_condition,m1_0.winner_id from matches m1_0 where m1_0.id=?
Hibernate: select p1_0.id,p1_0.avatar,p1_0.banned,p1_0.banned_at,p1_0.created,p1_0.degree_level,p1_0.display_name,p1_0.email,p1_0.experience,p1_0.last_login,p1_0.level,p1_0.password_hash,p1_0.role,p1_0.specialization,p1_0.student_id from players p1_0 where p1_0.id=?
Hibernate: select p1_0.id,p1_0.avatar,p1_0.banned,p1_0.banned_at,p1_0.created,p1_0.degree_level,p1_0.display_name,p1_0.email,p1_0.experience,p1_0.last_login,p1_0.level,p1_0.password_hash,p1_0.role,p1_0.specialization,p1_0.student_id from players p1_0 where p1_0.email=?
Hibernate: select m1_0.id,m1_0.battle_code,m1_0.created_at,m1_0.deck1_id,m1_0.deck2_id,m1_0.ended_at,m1_0.event_id,m1_0.player1_id,m1_0.player2_id,m1_0.status,m1_0.win_condition,m1_0.winner_id from matches m1_0 where m1_0.id=?
Hibernate: select p1_0.id,p1_0.avatar,p1_0.banned,p1_0.banned_at,p1_0.created,p1_0.degree_level,p1_0.display_name,p1_0.email,p1_0.experience,p1_0.last_login,p1_0.level,p1_0.password_hash,p1_0.role,p1_0.specialization,p1_0.student_id from players p1_0 where p1_0.id=?
Hibernate: select p1_0.id,p1_0.avatar,p1_0.banned,p1_0.banned_at,p1_0.created,p1_0.degree_level,p1_0.display_name,p1_0.email,p1_0.experience,p1_0.last_login,p1_0.level,p1_0.password_hash,p1_0.role,p1_0.specialization,p1_0.student_id from players p1_0 where p1_0.email=?
Hibernate: select m1_0.id,m1_0.battle_code,m1_0.created_at,m1_0.deck1_id,m1_0.deck2_id,m1_0.ended_at,m1_0.event_id,m1_0.player1_id,m1_0.player2_id,m1_0.status,m1_0.win_condition,m1_0.winner_id from matches m1_0 where m1_0.id=?
Hibernate: select p1_0.id,p1_0.avatar,p1_0.banned,p1_0.banned_at,p1_0.created,p1_0.degree_level,p1_0.display_name,p1_0.email,p1_0.experience,p1_0.last_login,p1_0.level,p1_0.password_hash,p1_0.role,p1_0.specialization,p1_0.student_id from players p1_0 where p1_0.id=?
Hibernate: select p1_0.id,p1_0.avatar,p1_0.banned,p1_0.banned_at,p1_0.created,p1_0.degree_level,p1_0.display_name,p1_0.email,p1_0.experience,p1_0.last_login,p1_0.level,p1_0.password_hash,p1_0.role,p1_0.specialization,p1_0.student_id from players p1_0 where p1_0.email=?
Hibernate: select m1_0.id,m1_0.battle_code,m1_0.created_at,m1_0.deck1_id,m1_0.deck2_id,m1_0.ended_at,m1_0.event_id,m1_0.player1_id,m1_0.player2_id,m1_0.status,m1_0.win_condition,m1_0.winner_id from matches m1_0 where m1_0.id=?
Hibernate: select p1_0.id,p1_0.avatar,p1_0.banned,p1_0.banned_at,p1_0.created,p1_0.degree_level,p1_0.display_name,p1_0.email,p1_0.experience,p1_0.last_login,p1_0.level,p1_0.password_hash,p1_0.role,p1_0.specialization,p1_0.student_id from players p1_0 where p1_0.id=?
Hibernate: select p1_0.id,p1_0.avatar,p1_0.banned,p1_0.banned_at,p1_0.created,p1_0.degree_level,p1_0.display_name,p1_0.email,p1_0.experience,p1_0.last_login,p1_0.level,p1_0.password_hash,p1_0.role,p1_0.specialization,p1_0.student_id from players p1_0 where p1_0.email=?
Hibernate: select m1_0.id,m1_0.battle_code,m1_0.created_at,m1_0.deck1_id,m1_0.deck2_id,m1_0.ended_at,m1_0.event_id,m1_0.player1_id,m1_0.player2_id,m1_0.status,m1_0.win_condition,m1_0.winner_id from matches m1_0 where m1_0.id=?
Hibernate: select p1_0.id,p1_0.avatar,p1_0.banned,p1_0.banned_at,p1_0.created,p1_0.degree_level,p1_0.display_name,p1_0.email,p1_0.experience,p1_0.last_login,p1_0.level,p1_0.password_hash,p1_0.role,p1_0.specialization,p1_0.student_id from players p1_0 where p1_0.id=?
Hibernate: select p1_0.id,p1_0.avatar,p1_0.banned,p1_0.banned_at,p1_0.created,p1_0.degree_level,p1_0.display_name,p1_0.email,p1_0.experience,p1_0.last_login,p1_0.level,p1_0.password_hash,p1_0.role,p1_0.specialization,p1_0.student_id from players p1_0 where p1_0.email=?
Hibernate: select m1_0.id,m1_0.battle_code,m1_0.created_at,m1_0.deck1_id,m1_0.deck2_id,m1_0.ended_at,m1_0.event_id,m1_0.player1_id,m1_0.player2_id,m1_0.status,m1_0.win_condition,m1_0.winner_id from matches m1_0 where m1_0.id=?
Hibernate: select p1_0.id,p1_0.avatar,p1_0.banned,p1_0.banned_at,p1_0.created,p1_0.degree_level,p1_0.display_name,p1_0.email,p1_0.experience,p1_0.last_login,p1_0.level,p1_0.password_hash,p1_0.role,p1_0.specialization,p1_0.student_id from players p1_0 where p1_0.id=?
Hibernate: select p1_0.id,p1_0.avatar,p1_0.banned,p1_0.banned_at,p1_0.created,p1_0.degree_level,p1_0.display_name,p1_0.email,p1_0.experience,p1_0.last_login,p1_0.level,p1_0.password_hash,p1_0.role,p1_0.specialization,p1_0.student_id from players p1_0 where p1_0.email=?
Hibernate: select m1_0.id,m1_0.battle_code,m1_0.created_at,m1_0.deck1_id,m1_0.deck2_id,m1_0.ended_at,m1_0.event_id,m1_0.player1_id,m1_0.player2_id,m1_0.status,m1_0.win_condition,m1_0.winner_id from matches m1_0 where m1_0.id=?
Hibernate: select p1_0.id,p1_0.avatar,p1_0.banned,p1_0.banned_at,p1_0.created,p1_0.degree_level,p1_0.display_name,p1_0.email,p1_0.experience,p1_0.last_login,p1_0.level,p1_0.password_hash,p1_0.role,p1_0.specialization,p1_0.student_id from players p1_0 where p1_0.id=?
Hibernate: select p1_0.id,p1_0.avatar,p1_0.banned,p1_0.banned_at,p1_0.created,p1_0.degree_level,p1_0.display_name,p1_0.email,p1_0.experience,p1_0.last_login,p1_0.level,p1_0.password_hash,p1_0.role,p1_0.specialization,p1_0.student_id from players p1_0 where p1_0.email=?
Hibernate: select m1_0.id,m1_0.battle_code,m1_0.created_at,m1_0.deck1_id,m1_0.deck2_id,m1_0.ended_at,m1_0.event_id,m1_0.player1_id,m1_0.player2_id,m1_0.status,m1_0.win_condition,m1_0.winner_id from matches m1_0 where m1_0.id=?
Hibernate: select p1_0.id,p1_0.avatar,p1_0.banned,p1_0.banned_at,p1_0.created,p1_0.degree_level,p1_0.display_name,p1_0.email,p1_0.experience,p1_0.last_login,p1_0.level,p1_0.password_hash,p1_0.role,p1_0.specialization,p1_0.student_id from players p1_0 where p1_0.id=?
Hibernate: select p1_0.id,p1_0.avatar,p1_0.banned,p1_0.banned_at,p1_0.created,p1_0.degree_level,p1_0.display_name,p1_0.email,p1_0.experience,p1_0.last_login,p1_0.level,p1_0.password_hash,p1_0.role,p1_0.specialization,p1_0.student_id from players p1_0 where p1_0.email=?
Hibernate: select m1_0.id,m1_0.battle_code,m1_0.created_at,m1_0.deck1_id,m1_0.deck2_id,m1_0.ended_at,m1_0.event_id,m1_0.player1_id,m1_0.player2_id,m1_0.status,m1_0.win_condition,m1_0.winner_id from matches m1_0 where m1_0.id=?
Hibernate: select p1_0.id,p1_0.avatar,p1_0.banned,p1_0.banned_at,p1_0.created,p1_0.degree_level,p1_0.display_name,p1_0.email,p1_0.experience,p1_0.last_login,p1_0.level,p1_0.password_hash,p1_0.role,p1_0.specialization,p1_0.student_id from players p1_0 where p1_0.id=?
Hibernate: select p1_0.id,p1_0.avatar,p1_0.banned,p1_0.banned_at,p1_0.created,p1_0.degree_level,p1_0.display_name,p1_0.email,p1_0.experience,p1_0.last_login,p1_0.level,p1_0.password_hash,p1_0.role,p1_0.specialization,p1_0.student_id from players p1_0 where p1_0.email=?
Hibernate: select m1_0.id,m1_0.battle_code,m1_0.created_at,m1_0.deck1_id,m1_0.deck2_id,m1_0.ended_at,m1_0.event_id,m1_0.player1_id,m1_0.player2_id,m1_0.status,m1_0.win_condition,m1_0.winner_id from matches m1_0 where m1_0.id=?
Hibernate: select p1_0.id,p1_0.avatar,p1_0.banned,p1_0.banned_at,p1_0.created,p1_0.degree_level,p1_0.display_name,p1_0.email,p1_0.experience,p1_0.last_login,p1_0.level,p1_0.password_hash,p1_0.role,p1_0.specialization,p1_0.student_id from players p1_0 where p1_0.id=?
Hibernate: select p1_0.id,p1_0.avatar,p1_0.banned,p1_0.banned_at,p1_0.created,p1_0.degree_level,p1_0.display_name,p1_0.email,p1_0.experience,p1_0.last_login,p1_0.level,p1_0.password_hash,p1_0.role,p1_0.specialization,p1_0.student_id from players p1_0 where p1_0.email=?
Hibernate: select m1_0.id,m1_0.battle_code,m1_0.created_at,m1_0.deck1_id,m1_0.deck2_id,m1_0.ended_at,m1_0.event_id,m1_0.player1_id,m1_0.player2_id,m1_0.status,m1_0.win_condition,m1_0.winner_id from matches m1_0 where m1_0.id=?
Hibernate: select p1_0.id,p1_0.avatar,p1_0.banned,p1_0.banned_at,p1_0.created,p1_0.degree_level,p1_0.display_name,p1_0.email,p1_0.experience,p1_0.last_login,p1_0.level,p1_0.password_hash,p1_0.role,p1_0.specialization,p1_0.student_id from players p1_0 where p1_0.id=?
Hibernate: select p1_0.id,p1_0.avatar,p1_0.banned,p1_0.banned_at,p1_0.created,p1_0.degree_level,p1_0.display_name,p1_0.email,p1_0.experience,p1_0.last_login,p1_0.level,p1_0.password_hash,p1_0.role,p1_0.specialization,p1_0.student_id from players p1_0 where p1_0.email=?
Hibernate: select m1_0.id,m1_0.battle_code,m1_0.created_at,m1_0.deck1_id,m1_0.deck2_id,m1_0.ended_at,m1_0.event_id,m1_0.player1_id,m1_0.player2_id,m1_0.status,m1_0.win_condition,m1_0.winner_id from matches m1_0 where m1_0.id=?
Hibernate: select p1_0.id,p1_0.avatar,p1_0.banned,p1_0.banned_at,p1_0.created,p1_0.degree_level,p1_0.display_name,p1_0.email,p1_0.experience,p1_0.last_login,p1_0.level,p1_0.password_hash,p1_0.role,p1_0.specialization,p1_0.student_id from players p1_0 where p1_0.id=?
Hibernate: select p1_0.id,p1_0.avatar,p1_0.banned,p1_0.banned_at,p1_0.created,p1_0.degree_level,p1_0.display_name,p1_0.email,p1_0.experience,p1_0.last_login,p1_0.level,p1_0.password_hash,p1_0.role,p1_0.specialization,p1_0.student_id from players p1_0 where p1_0.email=?
Hibernate: select m1_0.id,m1_0.battle_code,m1_0.created_at,m1_0.deck1_id,m1_0.deck2_id,m1_0.ended_at,m1_0.event_id,m1_0.player1_id,m1_0.player2_id,m1_0.status,m1_0.win_condition,m1_0.winner_id from matches m1_0 where m1_0.id=?
Hibernate: select p1_0.id,p1_0.avatar,p1_0.banned,p1_0.banned_at,p1_0.created,p1_0.degree_level,p1_0.display_name,p1_0.email,p1_0.experience,p1_0.last_login,p1_0.level,p1_0.password_hash,p1_0.role,p1_0.specialization,p1_0.student_id from players p1_0 where p1_0.id=?
Hibernate: select p1_0.id,p1_0.avatar,p1_0.banned,p1_0.banned_at,p1_0.created,p1_0.degree_level,p1_0.display_name,p1_0.email,p1_0.experience,p1_0.last_login,p1_0.level,p1_0.password_hash,p1_0.role,p1_0.specialization,p1_0.student_id from players p1_0 where p1_0.email=?
Hibernate: select m1_0.id,m1_0.battle_code,m1_0.created_at,m1_0.deck1_id,m1_0.deck2_id,m1_0.ended_at,m1_0.event_id,m1_0.player1_id,m1_0.player2_id,m1_0.status,m1_0.win_condition,m1_0.winner_id from matches m1_0 where m1_0.id=?
Hibernate: select p1_0.id,p1_0.avatar,p1_0.banned,p1_0.banned_at,p1_0.created,p1_0.degree_level,p1_0.display_name,p1_0.email,p1_0.experience,p1_0.last_login,p1_0.level,p1_0.password_hash,p1_0.role,p1_0.specialization,p1_0.student_id from players p1_0 where p1_0.id=?
Hibernate: select p1_0.id,p1_0.avatar,p1_0.banned,p1_0.banned_at,p1_0.created,p1_0.degree_level,p1_0.display_name,p1_0.email,p1_0.experience,p1_0.last_login,p1_0.level,p1_0.password_hash,p1_0.role,p1_0.specialization,p1_0.student_id from players p1_0 where p1_0.email=?
Hibernate: select m1_0.id,m1_0.battle_code,m1_0.created_at,m1_0.deck1_id,m1_0.deck2_id,m1_0.ended_at,m1_0.event_id,m1_0.player1_id,m1_0.player2_id,m1_0.status,m1_0.win_condition,m1_0.winner_id from matches m1_0 where m1_0.id=?
Hibernate: select p1_0.id,p1_0.avatar,p1_0.banned,p1_0.banned_at,p1_0.created,p1_0.degree_level,p1_0.display_name,p1_0.email,p1_0.experience,p1_0.last_login,p1_0.level,p1_0.password_hash,p1_0.role,p1_0.specialization,p1_0.student_id from players p1_0 where p1_0.id=?
Hibernate: select p1_0.id,p1_0.avatar,p1_0.banned,p1_0.banned_at,p1_0.created,p1_0.degree_level,p1_0.display_name,p1_0.email,p1_0.experience,p1_0.last_login,p1_0.level,p1_0.password_hash,p1_0.role,p1_0.specialization,p1_0.student_id from players p1_0 where p1_0.email=?
Hibernate: select m1_0.id,m1_0.battle_code,m1_0.created_at,m1_0.deck1_id,m1_0.deck2_id,m1_0.ended_at,m1_0.event_id,m1_0.player1_id,m1_0.player2_id,m1_0.status,m1_0.win_condition,m1_0.winner_id from matches m1_0 where m1_0.id=?
Hibernate: select p1_0.id,p1_0.avatar,p1_0.banned,p1_0.banned_at,p1_0.created,p1_0.degree_level,p1_0.display_name,p1_0.email,p1_0.experience,p1_0.last_login,p1_0.level,p1_0.password_hash,p1_0.role,p1_0.specialization,p1_0.student_id from players p1_0 where p1_0.id=?
Hibernate: select p1_0.id,p1_0.avatar,p1_0.banned,p1_0.banned_at,p1_0.created,p1_0.degree_level,p1_0.display_name,p1_0.email,p1_0.experience,p1_0.last_login,p1_0.level,p1_0.password_hash,p1_0.role,p1_0.specialization,p1_0.student_id from players p1_0 where p1_0.email=?
Hibernate: select m1_0.id,m1_0.battle_code,m1_0.created_at,m1_0.deck1_id,m1_0.deck2_id,m1_0.ended_at,m1_0.event_id,m1_0.player1_id,m1_0.player2_id,m1_0.status,m1_0.win_condition,m1_0.winner_id from matches m1_0 where m1_0.id=?
Hibernate: select p1_0.id,p1_0.avatar,p1_0.banned,p1_0.banned_at,p1_0.created,p1_0.degree_level,p1_0.display_name,p1_0.email,p1_0.experience,p1_0.last_login,p1_0.level,p1_0.password_hash,p1_0.role,p1_0.specialization,p1_0.student_id from players p1_0 where p1_0.id=?
Hibernate: select p1_0.id,p1_0.avatar,p1_0.banned,p1_0.banned_at,p1_0.created,p1_0.degree_level,p1_0.display_name,p1_0.email,p1_0.experience,p1_0.last_login,p1_0.level,p1_0.password_hash,p1_0.role,p1_0.specialization,p1_0.student_id from players p1_0 where p1_0.email=?
Hibernate: select m1_0.id,m1_0.battle_code,m1_0.created_at,m1_0.deck1_id,m1_0.deck2_id,m1_0.ended_at,m1_0.event_id,m1_0.player1_id,m1_0.player2_id,m1_0.status,m1_0.win_condition,m1_0.winner_id from matches m1_0 where m1_0.id=?
Hibernate: select p1_0.id,p1_0.avatar,p1_0.banned,p1_0.banned_at,p1_0.created,p1_0.degree_level,p1_0.display_name,p1_0.email,p1_0.experience,p1_0.last_login,p1_0.level,p1_0.password_hash,p1_0.role,p1_0.specialization,p1_0.student_id from players p1_0 where p1_0.id=?
Hibernate: select p1_0.id,p1_0.avatar,p1_0.banned,p1_0.banned_at,p1_0.created,p1_0.degree_level,p1_0.display_name,p1_0.email,p1_0.experience,p1_0.last_login,p1_0.level,p1_0.password_hash,p1_0.role,p1_0.specialization,p1_0.student_id from players p1_0 where p1_0.email=?
Hibernate: select m1_0.id,m1_0.battle_code,m1_0.created_at,m1_0.deck1_id,m1_0.deck2_id,m1_0.ended_at,m1_0.event_id,m1_0.player1_id,m1_0.player2_id,m1_0.status,m1_0.win_condition,m1_0.winner_id from matches m1_0 where m1_0.id=?
Hibernate: select p1_0.id,p1_0.avatar,p1_0.banned,p1_0.banned_at,p1_0.created,p1_0.degree_level,p1_0.display_name,p1_0.email,p1_0.experience,p1_0.last_login,p1_0.level,p1_0.password_hash,p1_0.role,p1_0.specialization,p1_0.student_id from players p1_0 where p1_0.id=?
Hibernate: select p1_0.id,p1_0.avatar,p1_0.banned,p1_0.banned_at,p1_0.created,p1_0.degree_level,p1_0.display_name,p1_0.email,p1_0.experience,p1_0.last_login,p1_0.level,p1_0.password_hash,p1_0.role,p1_0.specialization,p1_0.student_id from players p1_0 where p1_0.email=?
Hibernate: select m1_0.id,m1_0.battle_code,m1_0.created_at,m1_0.deck1_id,m1_0.deck2_id,m1_0.ended_at,m1_0.event_id,m1_0.player1_id,m1_0.player2_id,m1_0.status,m1_0.win_condition,m1_0.winner_id from matches m1_0 where m1_0.id=?
Hibernate: select p1_0.id,p1_0.avatar,p1_0.banned,p1_0.banned_at,p1_0.created,p1_0.degree_level,p1_0.display_name,p1_0.email,p1_0.experience,p1_0.last_login,p1_0.level,p1_0.password_hash,p1_0.role,p1_0.specialization,p1_0.student_id from players p1_0 where p1_0.id=?
Hibernate: select p1_0.id,p1_0.avatar,p1_0.banned,p1_0.banned_at,p1_0.created,p1_0.degree_level,p1_0.display_name,p1_0.email,p1_0.experience,p1_0.last_login,p1_0.level,p1_0.password_hash,p1_0.role,p1_0.specialization,p1_0.student_id from players p1_0 where p1_0.email=?
Hibernate: select m1_0.id,m1_0.battle_code,m1_0.created_at,m1_0.deck1_id,m1_0.deck2_id,m1_0.ended_at,m1_0.event_id,m1_0.player1_id,m1_0.player2_id,m1_0.status,m1_0.win_condition,m1_0.winner_id from matches m1_0 where m1_0.id=?
Hibernate: select p1_0.id,p1_0.avatar,p1_0.banned,p1_0.banned_at,p1_0.created,p1_0.degree_level,p1_0.display_name,p1_0.email,p1_0.experience,p1_0.last_login,p1_0.level,p1_0.password_hash,p1_0.role,p1_0.specialization,p1_0.student_id from players p1_0 where p1_0.id=?
Hibernate: select p1_0.id,p1_0.avatar,p1_0.banned,p1_0.banned_at,p1_0.created,p1_0.degree_level,p1_0.display_name,p1_0.email,p1_0.experience,p1_0.last_login,p1_0.level,p1_0.password_hash,p1_0.role,p1_0.specialization,p1_0.student_id from players p1_0 where p1_0.email=?
Hibernate: select m1_0.id,m1_0.battle_code,m1_0.created_at,m1_0.deck1_id,m1_0.deck2_id,m1_0.ended_at,m1_0.event_id,m1_0.player1_id,m1_0.player2_id,m1_0.status,m1_0.win_condition,m1_0.winner_id from matches m1_0 where m1_0.id=?
Hibernate: select p1_0.id,p1_0.avatar,p1_0.banned,p1_0.banned_at,p1_0.created,p1_0.degree_level,p1_0.display_name,p1_0.email,p1_0.experience,p1_0.last_login,p1_0.level,p1_0.password_hash,p1_0.role,p1_0.specialization,p1_0.student_id from players p1_0 where p1_0.id=?
Hibernate: select p1_0.id,p1_0.avatar,p1_0.banned,p1_0.banned_at,p1_0.created,p1_0.degree_level,p1_0.display_name,p1_0.email,p1_0.experience,p1_0.last_login,p1_0.level,p1_0.password_hash,p1_0.role,p1_0.specialization,p1_0.student_id from players p1_0 where p1_0.email=?
Hibernate: select m1_0.id,m1_0.battle_code,m1_0.created_at,m1_0.deck1_id,m1_0.deck2_id,m1_0.ended_at,m1_0.event_id,m1_0.player1_id,m1_0.player2_id,m1_0.status,m1_0.win_condition,m1_0.winner_id from matches m1_0 where m1_0.id=?
Hibernate: select p1_0.id,p1_0.avatar,p1_0.banned,p1_0.banned_at,p1_0.created,p1_0.degree_level,p1_0.display_name,p1_0.email,p1_0.experience,p1_0.last_login,p1_0.level,p1_0.password_hash,p1_0.role,p1_0.specialization,p1_0.student_id from players p1_0 where p1_0.id=?
Hibernate: select p1_0.id,p1_0.avatar,p1_0.banned,p1_0.banned_at,p1_0.created,p1_0.degree_level,p1_0.display_name,p1_0.email,p1_0.experience,p1_0.last_login,p1_0.level,p1_0.password_hash,p1_0.role,p1_0.specialization,p1_0.student_id from players p1_0 where p1_0.email=?
Hibernate: select m1_0.id,m1_0.battle_code,m1_0.created_at,m1_0.deck1_id,m1_0.deck2_id,m1_0.ended_at,m1_0.event_id,m1_0.player1_id,m1_0.player2_id,m1_0.status,m1_0.win_condition,m1_0.winner_id from matches m1_0 where m1_0.id=?
Hibernate: select p1_0.id,p1_0.avatar,p1_0.banned,p1_0.banned_at,p1_0.created,p1_0.degree_level,p1_0.display_name,p1_0.email,p1_0.experience,p1_0.last_login,p1_0.level,p1_0.password_hash,p1_0.role,p1_0.specialization,p1_0.student_id from players p1_0 where p1_0.id=?
Hibernate: select p1_0.id,p1_0.avatar,p1_0.banned,p1_0.banned_at,p1_0.created,p1_0.degree_level,p1_0.display_name,p1_0.email,p1_0.experience,p1_0.last_login,p1_0.level,p1_0.password_hash,p1_0.role,p1_0.specialization,p1_0.student_id from players p1_0 where p1_0.email=?
Hibernate: select m1_0.id,m1_0.battle_code,m1_0.created_at,m1_0.deck1_id,m1_0.deck2_id,m1_0.ended_at,m1_0.event_id,m1_0.player1_id,m1_0.player2_id,m1_0.status,m1_0.win_condition,m1_0.winner_id from matches m1_0 where m1_0.id=?
Hibernate: select p1_0.id,p1_0.avatar,p1_0.banned,p1_0.banned_at,p1_0.created,p1_0.degree_level,p1_0.display_name,p1_0.email,p1_0.experience,p1_0.last_login,p1_0.level,p1_0.password_hash,p1_0.role,p1_0.specialization,p1_0.student_id from players p1_0 where p1_0.id=?
Hibernate: select p1_0.id,p1_0.avatar,p1_0.banned,p1_0.banned_at,p1_0.created,p1_0.degree_level,p1_0.display_name,p1_0.email,p1_0.experience,p1_0.last_login,p1_0.level,p1_0.password_hash,p1_0.role,p1_0.specialization,p1_0.student_id from players p1_0 where p1_0.email=?
Hibernate: select m1_0.id,m1_0.battle_code,m1_0.created_at,m1_0.deck1_id,m1_0.deck2_id,m1_0.ended_at,m1_0.event_id,m1_0.player1_id,m1_0.player2_id,m1_0.status,m1_0.win_condition,m1_0.winner_id from matches m1_0 where m1_0.id=?
Hibernate: select p1_0.id,p1_0.avatar,p1_0.banned,p1_0.banned_at,p1_0.created,p1_0.degree_level,p1_0.display_name,p1_0.email,p1_0.experience,p1_0.last_login,p1_0.level,p1_0.password_hash,p1_0.role,p1_0.specialization,p1_0.student_id from players p1_0 where p1_0.id=?
Hibernate: select p1_0.id,p1_0.avatar,p1_0.banned,p1_0.banned_at,p1_0.created,p1_0.degree_level,p1_0.display_name,p1_0.email,p1_0.experience,p1_0.last_login,p1_0.level,p1_0.password_hash,p1_0.role,p1_0.specialization,p1_0.student_id from players p1_0 where p1_0.email=?
Hibernate: select m1_0.id,m1_0.battle_code,m1_0.created_at,m1_0.deck1_id,m1_0.deck2_id,m1_0.ended_at,m1_0.event_id,m1_0.player1_id,m1_0.player2_id,m1_0.status,m1_0.win_condition,m1_0.winner_id from matches m1_0 where m1_0.id=?
Hibernate: select p1_0.id,p1_0.avatar,p1_0.banned,p1_0.banned_at,p1_0.created,p1_0.degree_level,p1_0.display_name,p1_0.email,p1_0.experience,p1_0.last_login,p1_0.level,p1_0.password_hash,p1_0.role,p1_0.specialization,p1_0.student_id from players p1_0 where p1_0.id=?
Hibernate: select p1_0.id,p1_0.avatar,p1_0.banned,p1_0.banned_at,p1_0.created,p1_0.degree_level,p1_0.display_name,p1_0.email,p1_0.experience,p1_0.last_login,p1_0.level,p1_0.password_hash,p1_0.role,p1_0.specialization,p1_0.student_id from players p1_0 where p1_0.email=?
Hibernate: select m1_0.id,m1_0.battle_code,m1_0.created_at,m1_0.deck1_id,m1_0.deck2_id,m1_0.ended_at,m1_0.event_id,m1_0.player1_id,m1_0.player2_id,m1_0.status,m1_0.win_condition,m1_0.winner_id from matches m1_0 where m1_0.id=?
Hibernate: select p1_0.id,p1_0.avatar,p1_0.banned,p1_0.banned_at,p1_0.created,p1_0.degree_level,p1_0.display_name,p1_0.email,p1_0.experience,p1_0.last_login,p1_0.level,p1_0.password_hash,p1_0.role,p1_0.specialization,p1_0.student_id from players p1_0 where p1_0.id=?
Hibernate: select p1_0.id,p1_0.avatar,p1_0.banned,p1_0.banned_at,p1_0.created,p1_0.degree_level,p1_0.display_name,p1_0.email,p1_0.experience,p1_0.last_login,p1_0.level,p1_0.password_hash,p1_0.role,p1_0.specialization,p1_0.student_id from players p1_0 where p1_0.email=?
Hibernate: select m1_0.id,m1_0.battle_code,m1_0.created_at,m1_0.deck1_id,m1_0.deck2_id,m1_0.ended_at,m1_0.event_id,m1_0.player1_id,m1_0.player2_id,m1_0.status,m1_0.win_condition,m1_0.winner_id from matches m1_0 where m1_0.id=?
Hibernate: select p1_0.id,p1_0.avatar,p1_0.banned,p1_0.banned_at,p1_0.created,p1_0.degree_level,p1_0.display_name,p1_0.email,p1_0.experience,p1_0.last_login,p1_0.level,p1_0.password_hash,p1_0.role,p1_0.specialization,p1_0.student_id from players p1_0 where p1_0.id=?
Hibernate: select p1_0.id,p1_0.avatar,p1_0.banned,p1_0.banned_at,p1_0.created,p1_0.degree_level,p1_0.display_name,p1_0.email,p1_0.experience,p1_0.last_login,p1_0.level,p1_0.password_hash,p1_0.role,p1_0.specialization,p1_0.student_id from players p1_0 where p1_0.email=?
Hibernate: select m1_0.id,m1_0.battle_code,m1_0.created_at,m1_0.deck1_id,m1_0.deck2_id,m1_0.ended_at,m1_0.event_id,m1_0.player1_id,m1_0.player2_id,m1_0.status,m1_0.win_condition,m1_0.winner_id from matches m1_0 where m1_0.id=?
Hibernate: select p1_0.id,p1_0.avatar,p1_0.banned,p1_0.banned_at,p1_0.created,p1_0.degree_level,p1_0.display_name,p1_0.email,p1_0.experience,p1_0.last_login,p1_0.level,p1_0.password_hash,p1_0.role,p1_0.specialization,p1_0.student_id from players p1_0 where p1_0.id=?
Hibernate: select p1_0.id,p1_0.avatar,p1_0.banned,p1_0.banned_at,p1_0.created,p1_0.degree_level,p1_0.display_name,p1_0.email,p1_0.experience,p1_0.last_login,p1_0.level,p1_0.password_hash,p1_0.role,p1_0.specialization,p1_0.student_id from players p1_0 where p1_0.email=?
Hibernate: select m1_0.id,m1_0.battle_code,m1_0.created_at,m1_0.deck1_id,m1_0.deck2_id,m1_0.ended_at,m1_0.event_id,m1_0.player1_id,m1_0.player2_id,m1_0.status,m1_0.win_condition,m1_0.winner_id from matches m1_0 where m1_0.id=?
Hibernate: select p1_0.id,p1_0.avatar,p1_0.banned,p1_0.banned_at,p1_0.created,p1_0.degree_level,p1_0.display_name,p1_0.email,p1_0.experience,p1_0.last_login,p1_0.level,p1_0.password_hash,p1_0.role,p1_0.specialization,p1_0.student_id from players p1_0 where p1_0.id=?
Hibernate: select p1_0.id,p1_0.avatar,p1_0.banned,p1_0.banned_at,p1_0.created,p1_0.degree_level,p1_0.display_name,p1_0.email,p1_0.experience,p1_0.last_login,p1_0.level,p1_0.password_hash,p1_0.role,p1_0.specialization,p1_0.student_id from players p1_0 where p1_0.email=?
Hibernate: select m1_0.id,m1_0.battle_code,m1_0.created_at,m1_0.deck1_id,m1_0.deck2_id,m1_0.ended_at,m1_0.event_id,m1_0.player1_id,m1_0.player2_id,m1_0.status,m1_0.win_condition,m1_0.winner_id from matches m1_0 where m1_0.id=?
Hibernate: select p1_0.id,p1_0.avatar,p1_0.banned,p1_0.banned_at,p1_0.created,p1_0.degree_level,p1_0.display_name,p1_0.email,p1_0.experience,p1_0.last_login,p1_0.level,p1_0.password_hash,p1_0.role,p1_0.specialization,p1_0.student_id from players p1_0 where p1_0.id=?
Hibernate: select p1_0.id,p1_0.avatar,p1_0.banned,p1_0.banned_at,p1_0.created,p1_0.degree_level,p1_0.display_name,p1_0.email,p1_0.experience,p1_0.last_login,p1_0.level,p1_0.password_hash,p1_0.role,p1_0.specialization,p1_0.student_id from players p1_0 where p1_0.email=?
Hibernate: select m1_0.id,m1_0.battle_code,m1_0.created_at,m1_0.deck1_id,m1_0.deck2_id,m1_0.ended_at,m1_0.event_id,m1_0.player1_id,m1_0.player2_id,m1_0.status,m1_0.win_condition,m1_0.winner_id from matches m1_0 where m1_0.id=?
Hibernate: select p1_0.id,p1_0.avatar,p1_0.banned,p1_0.banned_at,p1_0.created,p1_0.degree_level,p1_0.display_name,p1_0.email,p1_0.experience,p1_0.last_login,p1_0.level,p1_0.password_hash,p1_0.role,p1_0.specialization,p1_0.student_id from players p1_0 where p1_0.id=?
Hibernate: select p1_0.id,p1_0.avatar,p1_0.banned,p1_0.banned_at,p1_0.created,p1_0.degree_level,p1_0.display_name,p1_0.email,p1_0.experience,p1_0.last_login,p1_0.level,p1_0.password_hash,p1_0.role,p1_0.specialization,p1_0.student_id from players p1_0 where p1_0.email=?
Hibernate: select m1_0.id,m1_0.battle_code,m1_0.created_at,m1_0.deck1_id,m1_0.deck2_id,m1_0.ended_at,m1_0.event_id,m1_0.player1_id,m1_0.player2_id,m1_0.status,m1_0.win_condition,m1_0.winner_id from matches m1_0 where m1_0.id=?
Hibernate: select p1_0.id,p1_0.avatar,p1_0.banned,p1_0.banned_at,p1_0.created,p1_0.degree_level,p1_0.display_name,p1_0.email,p1_0.experience,p1_0.last_login,p1_0.level,p1_0.password_hash,p1_0.role,p1_0.specialization,p1_0.student_id from players p1_0 where p1_0.id=?
Hibernate: select p1_0.id,p1_0.avatar,p1_0.banned,p1_0.banned_at,p1_0.created,p1_0.degree_level,p1_0.display_name,p1_0.email,p1_0.experience,p1_0.last_login,p1_0.level,p1_0.password_hash,p1_0.role,p1_0.specialization,p1_0.student_id from players p1_0 where p1_0.email=?
Hibernate: select m1_0.id,m1_0.battle_code,m1_0.created_at,m1_0.deck1_id,m1_0.deck2_id,m1_0.ended_at,m1_0.event_id,m1_0.player1_id,m1_0.player2_id,m1_0.status,m1_0.win_condition,m1_0.winner_id from matches m1_0 where m1_0.id=?
Hibernate: select p1_0.id,p1_0.avatar,p1_0.banned,p1_0.banned_at,p1_0.created,p1_0.degree_level,p1_0.display_name,p1_0.email,p1_0.experience,p1_0.last_login,p1_0.level,p1_0.password_hash,p1_0.role,p1_0.specialization,p1_0.student_id from players p1_0 where p1_0.id=?
Hibernate: select p1_0.id,p1_0.avatar,p1_0.banned,p1_0.banned_at,p1_0.created,p1_0.degree_level,p1_0.display_name,p1_0.email,p1_0.experience,p1_0.last_login,p1_0.level,p1_0.password_hash,p1_0.role,p1_0.specialization,p1_0.student_id from players p1_0 where p1_0.email=?
Hibernate: select m1_0.id,m1_0.battle_code,m1_0.created_at,m1_0.deck1_id,m1_0.deck2_id,m1_0.ended_at,m1_0.event_id,m1_0.player1_id,m1_0.player2_id,m1_0.status,m1_0.win_condition,m1_0.winner_id from matches m1_0 where m1_0.id=?
Hibernate: select p1_0.id,p1_0.avatar,p1_0.banned,p1_0.banned_at,p1_0.created,p1_0.degree_level,p1_0.display_name,p1_0.email,p1_0.experience,p1_0.last_login,p1_0.level,p1_0.password_hash,p1_0.role,p1_0.specialization,p1_0.student_id from players p1_0 where p1_0.id=?
Hibernate: select p1_0.id,p1_0.avatar,p1_0.banned,p1_0.banned_at,p1_0.created,p1_0.degree_level,p1_0.display_name,p1_0.email,p1_0.experience,p1_0.last_login,p1_0.level,p1_0.password_hash,p1_0.role,p1_0.specialization,p1_0.student_id from players p1_0 where p1_0.email=?
Hibernate: select m1_0.id,m1_0.battle_code,m1_0.created_at,m1_0.deck1_id,m1_0.deck2_id,m1_0.ended_at,m1_0.event_id,m1_0.player1_id,m1_0.player2_id,m1_0.status,m1_0.win_condition,m1_0.winner_id from matches m1_0 where m1_0.id=?
Hibernate: select p1_0.id,p1_0.avatar,p1_0.banned,p1_0.banned_at,p1_0.created,p1_0.degree_level,p1_0.display_name,p1_0.email,p1_0.experience,p1_0.last_login,p1_0.level,p1_0.password_hash,p1_0.role,p1_0.specialization,p1_0.student_id from players p1_0 where p1_0.id=?
Hibernate: select p1_0.id,p1_0.avatar,p1_0.banned,p1_0.banned_at,p1_0.created,p1_0.degree_level,p1_0.display_name,p1_0.email,p1_0.experience,p1_0.last_login,p1_0.level,p1_0.password_hash,p1_0.role,p1_0.specialization,p1_0.student_id from players p1_0 where p1_0.email=?
Hibernate: select m1_0.id,m1_0.battle_code,m1_0.created_at,m1_0.deck1_id,m1_0.deck2_id,m1_0.ended_at,m1_0.event_id,m1_0.player1_id,m1_0.player2_id,m1_0.status,m1_0.win_condition,m1_0.winner_id from matches m1_0 where m1_0.id=?
Hibernate: select p1_0.id,p1_0.avatar,p1_0.banned,p1_0.banned_at,p1_0.created,p1_0.degree_level,p1_0.display_name,p1_0.email,p1_0.experience,p1_0.last_login,p1_0.level,p1_0.password_hash,p1_0.role,p1_0.specialization,p1_0.student_id from players p1_0 where p1_0.id=?
Hibernate: select p1_0.id,p1_0.avatar,p1_0.banned,p1_0.banned_at,p1_0.created,p1_0.degree_level,p1_0.display_name,p1_0.email,p1_0.experience,p1_0.last_login,p1_0.level,p1_0.password_hash,p1_0.role,p1_0.specialization,p1_0.student_id from players p1_0 where p1_0.email=?
Hibernate: select m1_0.id,m1_0.battle_code,m1_0.created_at,m1_0.deck1_id,m1_0.deck2_id,m1_0.ended_at,m1_0.event_id,m1_0.player1_id,m1_0.player2_id,m1_0.status,m1_0.win_condition,m1_0.winner_id from matches m1_0 where m1_0.id=?
Hibernate: select p1_0.id,p1_0.avatar,p1_0.banned,p1_0.banned_at,p1_0.created,p1_0.degree_level,p1_0.display_name,p1_0.email,p1_0.experience,p1_0.last_login,p1_0.level,p1_0.password_hash,p1_0.role,p1_0.specialization,p1_0.student_id from players p1_0 where p1_0.id=?
Hibernate: select p1_0.id,p1_0.avatar,p1_0.banned,p1_0.banned_at,p1_0.created,p1_0.degree_level,p1_0.display_name,p1_0.email,p1_0.experience,p1_0.last_login,p1_0.level,p1_0.password_hash,p1_0.role,p1_0.specialization,p1_0.student_id from players p1_0 where p1_0.email=?
Hibernate: select m1_0.id,m1_0.battle_code,m1_0.created_at,m1_0.deck1_id,m1_0.deck2_id,m1_0.ended_at,m1_0.event_id,m1_0.player1_id,m1_0.player2_id,m1_0.status,m1_0.win_condition,m1_0.winner_id from matches m1_0 where m1_0.id=?
Hibernate: select p1_0.id,p1_0.avatar,p1_0.banned,p1_0.banned_at,p1_0.created,p1_0.degree_level,p1_0.display_name,p1_0.email,p1_0.experience,p1_0.last_login,p1_0.level,p1_0.password_hash,p1_0.role,p1_0.specialization,p1_0.student_id from players p1_0 where p1_0.id=?
Hibernate: select p1_0.id,p1_0.avatar,p1_0.banned,p1_0.banned_at,p1_0.created,p1_0.degree_level,p1_0.display_name,p1_0.email,p1_0.experience,p1_0.last_login,p1_0.level,p1_0.password_hash,p1_0.role,p1_0.specialization,p1_0.student_id from players p1_0 where p1_0.email=?
Hibernate: select m1_0.id,m1_0.battle_code,m1_0.created_at,m1_0.deck1_id,m1_0.deck2_id,m1_0.ended_at,m1_0.event_id,m1_0.player1_id,m1_0.player2_id,m1_0.status,m1_0.win_condition,m1_0.winner_id from matches m1_0 where m1_0.id=?
Hibernate: select p1_0.id,p1_0.avatar,p1_0.banned,p1_0.banned_at,p1_0.created,p1_0.degree_level,p1_0.display_name,p1_0.email,p1_0.experience,p1_0.last_login,p1_0.level,p1_0.password_hash,p1_0.role,p1_0.specialization,p1_0.student_id from players p1_0 where p1_0.id=?
Hibernate: select p1_0.id,p1_0.avatar,p1_0.banned,p1_0.banned_at,p1_0.created,p1_0.degree_level,p1_0.display_name,p1_0.email,p1_0.experience,p1_0.last_login,p1_0.level,p1_0.password_hash,p1_0.role,p1_0.specialization,p1_0.student_id from players p1_0 where p1_0.email=?
Hibernate: select m1_0.id,m1_0.battle_code,m1_0.created_at,m1_0.deck1_id,m1_0.deck2_id,m1_0.ended_at,m1_0.event_id,m1_0.player1_id,m1_0.player2_id,m1_0.status,m1_0.win_condition,m1_0.winner_id from matches m1_0 where m1_0.id=?
Hibernate: select p1_0.id,p1_0.avatar,p1_0.banned,p1_0.banned_at,p1_0.created,p1_0.degree_level,p1_0.display_name,p1_0.email,p1_0.experience,p1_0.last_login,p1_0.level,p1_0.password_hash,p1_0.role,p1_0.specialization,p1_0.student_id from players p1_0 where p1_0.id=?
Hibernate: select p1_0.id,p1_0.avatar,p1_0.banned,p1_0.banned_at,p1_0.created,p1_0.degree_level,p1_0.display_name,p1_0.email,p1_0.experience,p1_0.last_login,p1_0.level,p1_0.password_hash,p1_0.role,p1_0.specialization,p1_0.student_id from players p1_0 where p1_0.email=?
Hibernate: select m1_0.id,m1_0.battle_code,m1_0.created_at,m1_0.deck1_id,m1_0.deck2_id,m1_0.ended_at,m1_0.event_id,m1_0.player1_id,m1_0.player2_id,m1_0.status,m1_0.win_condition,m1_0.winner_id from matches m1_0 where m1_0.id=?
Hibernate: select p1_0.id,p1_0.avatar,p1_0.banned,p1_0.banned_at,p1_0.created,p1_0.degree_level,p1_0.display_name,p1_0.email,p1_0.experience,p1_0.last_login,p1_0.level,p1_0.password_hash,p1_0.role,p1_0.specialization,p1_0.student_id from players p1_0 where p1_0.id=?
Hibernate: select p1_0.id,p1_0.avatar,p1_0.banned,p1_0.banned_at,p1_0.created,p1_0.degree_level,p1_0.display_name,p1_0.email,p1_0.experience,p1_0.last_login,p1_0.level,p1_0.password_hash,p1_0.role,p1_0.specialization,p1_0.student_id from players p1_0 where p1_0.email=?
Hibernate: select m1_0.id,m1_0.battle_code,m1_0.created_at,m1_0.deck1_id,m1_0.deck2_id,m1_0.ended_at,m1_0.event_id,m1_0.player1_id,m1_0.player2_id,m1_0.status,m1_0.win_condition,m1_0.winner_id from matches m1_0 where m1_0.id=?
Hibernate: select p1_0.id,p1_0.avatar,p1_0.banned,p1_0.banned_at,p1_0.created,p1_0.degree_level,p1_0.display_name,p1_0.email,p1_0.experience,p1_0.last_login,p1_0.level,p1_0.password_hash,p1_0.role,p1_0.specialization,p1_0.student_id from players p1_0 where p1_0.id=?
Hibernate: select p1_0.id,p1_0.avatar,p1_0.banned,p1_0.banned_at,p1_0.created,p1_0.degree_level,p1_0.display_name,p1_0.email,p1_0.experience,p1_0.last_login,p1_0.level,p1_0.password_hash,p1_0.role,p1_0.specialization,p1_0.student_id from players p1_0 where p1_0.email=?
Hibernate: select m1_0.id,m1_0.battle_code,m1_0.created_at,m1_0.deck1_id,m1_0.deck2_id,m1_0.ended_at,m1_0.event_id,m1_0.player1_id,m1_0.player2_id,m1_0.status,m1_0.win_condition,m1_0.winner_id from matches m1_0 where m1_0.id=?
Hibernate: select p1_0.id,p1_0.avatar,p1_0.banned,p1_0.banned_at,p1_0.created,p1_0.degree_level,p1_0.display_name,p1_0.email,p1_0.experience,p1_0.last_login,p1_0.level,p1_0.password_hash,p1_0.role,p1_0.specialization,p1_0.student_id from players p1_0 where p1_0.id=?
Hibernate: select p1_0.id,p1_0.avatar,p1_0.banned,p1_0.banned_at,p1_0.created,p1_0.degree_level,p1_0.display_name,p1_0.email,p1_0.experience,p1_0.last_login,p1_0.level,p1_0.password_hash,p1_0.role,p1_0.specialization,p1_0.student_id from players p1_0 where p1_0.email=?
Hibernate: select m1_0.id,m1_0.battle_code,m1_0.created_at,m1_0.deck1_id,m1_0.deck2_id,m1_0.ended_at,m1_0.event_id,m1_0.player1_id,m1_0.player2_id,m1_0.status,m1_0.win_condition,m1_0.winner_id from matches m1_0 where m1_0.id=?
Hibernate: select p1_0.id,p1_0.avatar,p1_0.banned,p1_0.banned_at,p1_0.created,p1_0.degree_level,p1_0.display_name,p1_0.email,p1_0.experience,p1_0.last_login,p1_0.level,p1_0.password_hash,p1_0.role,p1_0.specialization,p1_0.student_id from players p1_0 where p1_0.id=?
Hibernate: select p1_0.id,p1_0.avatar,p1_0.banned,p1_0.banned_at,p1_0.created,p1_0.degree_level,p1_0.display_name,p1_0.email,p1_0.experience,p1_0.last_login,p1_0.level,p1_0.password_hash,p1_0.role,p1_0.specialization,p1_0.student_id from players p1_0 where p1_0.email=?
Hibernate: select m1_0.id,m1_0.battle_code,m1_0.created_at,m1_0.deck1_id,m1_0.deck2_id,m1_0.ended_at,m1_0.event_id,m1_0.player1_id,m1_0.player2_id,m1_0.status,m1_0.win_condition,m1_0.winner_id from matches m1_0 where m1_0.id=?
Hibernate: select p1_0.id,p1_0.avatar,p1_0.banned,p1_0.banned_at,p1_0.created,p1_0.degree_level,p1_0.display_name,p1_0.email,p1_0.experience,p1_0.last_login,p1_0.level,p1_0.password_hash,p1_0.role,p1_0.specialization,p1_0.student_id from players p1_0 where p1_0.id=?
Hibernate: select p1_0.id,p1_0.avatar,p1_0.banned,p1_0.banned_at,p1_0.created,p1_0.degree_level,p1_0.display_name,p1_0.email,p1_0.experience,p1_0.last_login,p1_0.level,p1_0.password_hash,p1_0.role,p1_0.specialization,p1_0.student_id from players p1_0 where p1_0.email=?
Hibernate: select m1_0.id,m1_0.battle_code,m1_0.created_at,m1_0.deck1_id,m1_0.deck2_id,m1_0.ended_at,m1_0.event_id,m1_0.player1_id,m1_0.player2_id,m1_0.status,m1_0.win_condition,m1_0.winner_id from matches m1_0 where m1_0.id=?
Hibernate: select p1_0.id,p1_0.avatar,p1_0.banned,p1_0.banned_at,p1_0.created,p1_0.degree_level,p1_0.display_name,p1_0.email,p1_0.experience,p1_0.last_login,p1_0.level,p1_0.password_hash,p1_0.role,p1_0.specialization,p1_0.student_id from players p1_0 where p1_0.id=?
Hibernate: select p1_0.id,p1_0.avatar,p1_0.banned,p1_0.banned_at,p1_0.created,p1_0.degree_level,p1_0.display_name,p1_0.email,p1_0.experience,p1_0.last_login,p1_0.level,p1_0.password_hash,p1_0.role,p1_0.specialization,p1_0.student_id from players p1_0 where p1_0.email=?
Hibernate: select m1_0.id,m1_0.battle_code,m1_0.created_at,m1_0.deck1_id,m1_0.deck2_id,m1_0.ended_at,m1_0.event_id,m1_0.player1_id,m1_0.player2_id,m1_0.status,m1_0.win_condition,m1_0.winner_id from matches m1_0 where m1_0.id=?
Hibernate: select p1_0.id,p1_0.avatar,p1_0.banned,p1_0.banned_at,p1_0.created,p1_0.degree_level,p1_0.display_name,p1_0.email,p1_0.experience,p1_0.last_login,p1_0.level,p1_0.password_hash,p1_0.role,p1_0.specialization,p1_0.student_id from players p1_0 where p1_0.id=?
Hibernate: select p1_0.id,p1_0.avatar,p1_0.banned,p1_0.banned_at,p1_0.created,p1_0.degree_level,p1_0.display_name,p1_0.email,p1_0.experience,p1_0.last_login,p1_0.level,p1_0.password_hash,p1_0.role,p1_0.specialization,p1_0.student_id from players p1_0 where p1_0.email=?
Hibernate: select m1_0.id,m1_0.battle_code,m1_0.created_at,m1_0.deck1_id,m1_0.deck2_id,m1_0.ended_at,m1_0.event_id,m1_0.player1_id,m1_0.player2_id,m1_0.status,m1_0.win_condition,m1_0.winner_id from matches m1_0 where m1_0.id=?
Hibernate: select p1_0.id,p1_0.avatar,p1_0.banned,p1_0.banned_at,p1_0.created,p1_0.degree_level,p1_0.display_name,p1_0.email,p1_0.experience,p1_0.last_login,p1_0.level,p1_0.password_hash,p1_0.role,p1_0.specialization,p1_0.student_id from players p1_0 where p1_0.id=?
Hibernate: select p1_0.id,p1_0.avatar,p1_0.banned,p1_0.banned_at,p1_0.created,p1_0.degree_level,p1_0.display_name,p1_0.email,p1_0.experience,p1_0.last_login,p1_0.level,p1_0.password_hash,p1_0.role,p1_0.specialization,p1_0.student_id from players p1_0 where p1_0.email=?
Hibernate: select m1_0.id,m1_0.battle_code,m1_0.created_at,m1_0.deck1_id,m1_0.deck2_id,m1_0.ended_at,m1_0.event_id,m1_0.player1_id,m1_0.player2_id,m1_0.status,m1_0.win_condition,m1_0.winner_id from matches m1_0 where m1_0.id=?
Hibernate: select p1_0.id,p1_0.avatar,p1_0.banned,p1_0.banned_at,p1_0.created,p1_0.degree_level,p1_0.display_name,p1_0.email,p1_0.experience,p1_0.last_login,p1_0.level,p1_0.password_hash,p1_0.role,p1_0.specialization,p1_0.student_id from players p1_0 where p1_0.id=?
Hibernate: select p1_0.id,p1_0.avatar,p1_0.banned,p1_0.banned_at,p1_0.created,p1_0.degree_level,p1_0.display_name,p1_0.email,p1_0.experience,p1_0.last_login,p1_0.level,p1_0.password_hash,p1_0.role,p1_0.specialization,p1_0.student_id from players p1_0 where p1_0.email=?
Hibernate: select m1_0.id,m1_0.battle_code,m1_0.created_at,m1_0.deck1_id,m1_0.deck2_id,m1_0.ended_at,m1_0.event_id,m1_0.player1_id,m1_0.player2_id,m1_0.status,m1_0.win_condition,m1_0.winner_id from matches m1_0 where m1_0.id=?
Hibernate: select p1_0.id,p1_0.avatar,p1_0.banned,p1_0.banned_at,p1_0.created,p1_0.degree_level,p1_0.display_name,p1_0.email,p1_0.experience,p1_0.last_login,p1_0.level,p1_0.password_hash,p1_0.role,p1_0.specialization,p1_0.student_id from players p1_0 where p1_0.id=?
Hibernate: select p1_0.id,p1_0.avatar,p1_0.banned,p1_0.banned_at,p1_0.created,p1_0.degree_level,p1_0.display_name,p1_0.email,p1_0.experience,p1_0.last_login,p1_0.level,p1_0.password_hash,p1_0.role,p1_0.specialization,p1_0.student_id from players p1_0 where p1_0.email=?
Hibernate: select m1_0.id,m1_0.battle_code,m1_0.created_at,m1_0.deck1_id,m1_0.deck2_id,m1_0.ended_at,m1_0.event_id,m1_0.player1_id,m1_0.player2_id,m1_0.status,m1_0.win_condition,m1_0.winner_id from matches m1_0 where m1_0.id=?
Hibernate: select p1_0.id,p1_0.avatar,p1_0.banned,p1_0.banned_at,p1_0.created,p1_0.degree_level,p1_0.display_name,p1_0.email,p1_0.experience,p1_0.last_login,p1_0.level,p1_0.password_hash,p1_0.role,p1_0.specialization,p1_0.student_id from players p1_0 where p1_0.id=?
Hibernate: select p1_0.id,p1_0.avatar,p1_0.banned,p1_0.banned_at,p1_0.created,p1_0.degree_level,p1_0.display_name,p1_0.email,p1_0.experience,p1_0.last_login,p1_0.level,p1_0.password_hash,p1_0.role,p1_0.specialization,p1_0.student_id from players p1_0 where p1_0.email=?
Hibernate: select m1_0.id,m1_0.battle_code,m1_0.created_at,m1_0.deck1_id,m1_0.deck2_id,m1_0.ended_at,m1_0.event_id,m1_0.player1_id,m1_0.player2_id,m1_0.status,m1_0.win_condition,m1_0.winner_id from matches m1_0 where m1_0.id=?
Hibernate: select p1_0.id,p1_0.avatar,p1_0.banned,p1_0.banned_at,p1_0.created,p1_0.degree_level,p1_0.display_name,p1_0.email,p1_0.experience,p1_0.last_login,p1_0.level,p1_0.password_hash,p1_0.role,p1_0.specialization,p1_0.student_id from players p1_0 where p1_0.id=?
Hibernate: select p1_0.id,p1_0.avatar,p1_0.banned,p1_0.banned_at,p1_0.created,p1_0.degree_level,p1_0.display_name,p1_0.email,p1_0.experience,p1_0.last_login,p1_0.level,p1_0.password_hash,p1_0.role,p1_0.specialization,p1_0.student_id from players p1_0 where p1_0.email=?
Hibernate: select m1_0.id,m1_0.battle_code,m1_0.created_at,m1_0.deck1_id,m1_0.deck2_id,m1_0.ended_at,m1_0.event_id,m1_0.player1_id,m1_0.player2_id,m1_0.status,m1_0.win_condition,m1_0.winner_id from matches m1_0 where m1_0.id=?
Hibernate: select p1_0.id,p1_0.avatar,p1_0.banned,p1_0.banned_at,p1_0.created,p1_0.degree_level,p1_0.display_name,p1_0.email,p1_0.experience,p1_0.last_login,p1_0.level,p1_0.password_hash,p1_0.role,p1_0.specialization,p1_0.student_id from players p1_0 where p1_0.id=?
Hibernate: select p1_0.id,p1_0.avatar,p1_0.banned,p1_0.banned_at,p1_0.created,p1_0.degree_level,p1_0.display_name,p1_0.email,p1_0.experience,p1_0.last_login,p1_0.level,p1_0.password_hash,p1_0.role,p1_0.specialization,p1_0.student_id from players p1_0 where p1_0.email=?
Hibernate: select m1_0.id,m1_0.battle_code,m1_0.created_at,m1_0.deck1_id,m1_0.deck2_id,m1_0.ended_at,m1_0.event_id,m1_0.player1_id,m1_0.player2_id,m1_0.status,m1_0.win_condition,m1_0.winner_id from matches m1_0 where m1_0.id=?
Hibernate: select p1_0.id,p1_0.avatar,p1_0.banned,p1_0.banned_at,p1_0.created,p1_0.degree_level,p1_0.display_name,p1_0.email,p1_0.experience,p1_0.last_login,p1_0.level,p1_0.password_hash,p1_0.role,p1_0.specialization,p1_0.student_id from players p1_0 where p1_0.id=?
Hibernate: select p1_0.id,p1_0.avatar,p1_0.banned,p1_0.banned_at,p1_0.created,p1_0.degree_level,p1_0.display_name,p1_0.email,p1_0.experience,p1_0.last_login,p1_0.level,p1_0.password_hash,p1_0.role,p1_0.specialization,p1_0.student_id from players p1_0 where p1_0.email=?
Hibernate: select m1_0.id,m1_0.battle_code,m1_0.created_at,m1_0.deck1_id,m1_0.deck2_id,m1_0.ended_at,m1_0.event_id,m1_0.player1_id,m1_0.player2_id,m1_0.status,m1_0.win_condition,m1_0.winner_id from matches m1_0 where m1_0.id=?
Hibernate: select p1_0.id,p1_0.avatar,p1_0.banned,p1_0.banned_at,p1_0.created,p1_0.degree_level,p1_0.display_name,p1_0.email,p1_0.experience,p1_0.last_login,p1_0.level,p1_0.password_hash,p1_0.role,p1_0.specialization,p1_0.student_id from players p1_0 where p1_0.id=?
Hibernate: select p1_0.id,p1_0.avatar,p1_0.banned,p1_0.banned_at,p1_0.created,p1_0.degree_level,p1_0.display_name,p1_0.email,p1_0.experience,p1_0.last_login,p1_0.level,p1_0.password_hash,p1_0.role,p1_0.specialization,p1_0.student_id from players p1_0 where p1_0.email=?
Hibernate: select m1_0.id,m1_0.battle_code,m1_0.created_at,m1_0.deck1_id,m1_0.deck2_id,m1_0.ended_at,m1_0.event_id,m1_0.player1_id,m1_0.player2_id,m1_0.status,m1_0.win_condition,m1_0.winner_id from matches m1_0 where m1_0.id=?
Hibernate: select p1_0.id,p1_0.avatar,p1_0.banned,p1_0.banned_at,p1_0.created,p1_0.degree_level,p1_0.display_name,p1_0.email,p1_0.experience,p1_0.last_login,p1_0.level,p1_0.password_hash,p1_0.role,p1_0.specialization,p1_0.student_id from players p1_0 where p1_0.id=?
Hibernate: select p1_0.id,p1_0.avatar,p1_0.banned,p1_0.banned_at,p1_0.created,p1_0.degree_level,p1_0.display_name,p1_0.email,p1_0.experience,p1_0.last_login,p1_0.level,p1_0.password_hash,p1_0.role,p1_0.specialization,p1_0.student_id from players p1_0 where p1_0.email=?
Hibernate: select m1_0.id,m1_0.battle_code,m1_0.created_at,m1_0.deck1_id,m1_0.deck2_id,m1_0.ended_at,m1_0.event_id,m1_0.player1_id,m1_0.player2_id,m1_0.status,m1_0.win_condition,m1_0.winner_id from matches m1_0 where m1_0.id=?
Hibernate: select p1_0.id,p1_0.avatar,p1_0.banned,p1_0.banned_at,p1_0.created,p1_0.degree_level,p1_0.display_name,p1_0.email,p1_0.experience,p1_0.last_login,p1_0.level,p1_0.password_hash,p1_0.role,p1_0.specialization,p1_0.student_id from players p1_0 where p1_0.id=?
Hibernate: select p1_0.id,p1_0.avatar,p1_0.banned,p1_0.banned_at,p1_0.created,p1_0.degree_level,p1_0.display_name,p1_0.email,p1_0.experience,p1_0.last_login,p1_0.level,p1_0.password_hash,p1_0.role,p1_0.specialization,p1_0.student_id from players p1_0 where p1_0.email=?
Hibernate: select m1_0.id,m1_0.battle_code,m1_0.created_at,m1_0.deck1_id,m1_0.deck2_id,m1_0.ended_at,m1_0.event_id,m1_0.player1_id,m1_0.player2_id,m1_0.status,m1_0.win_condition,m1_0.winner_id from matches m1_0 where m1_0.id=?
Hibernate: select p1_0.id,p1_0.avatar,p1_0.banned,p1_0.banned_at,p1_0.created,p1_0.degree_level,p1_0.display_name,p1_0.email,p1_0.experience,p1_0.last_login,p1_0.level,p1_0.password_hash,p1_0.role,p1_0.specialization,p1_0.student_id from players p1_0 where p1_0.id=?
Hibernate: select p1_0.id,p1_0.avatar,p1_0.banned,p1_0.banned_at,p1_0.created,p1_0.degree_level,p1_0.display_name,p1_0.email,p1_0.experience,p1_0.last_login,p1_0.level,p1_0.password_hash,p1_0.role,p1_0.specialization,p1_0.student_id from players p1_0 where p1_0.email=?
Hibernate: select m1_0.id,m1_0.battle_code,m1_0.created_at,m1_0.deck1_id,m1_0.deck2_id,m1_0.ended_at,m1_0.event_id,m1_0.player1_id,m1_0.player2_id,m1_0.status,m1_0.win_condition,m1_0.winner_id from matches m1_0 where m1_0.id=?
Hibernate: select p1_0.id,p1_0.avatar,p1_0.banned,p1_0.banned_at,p1_0.created,p1_0.degree_level,p1_0.display_name,p1_0.email,p1_0.experience,p1_0.last_login,p1_0.level,p1_0.password_hash,p1_0.role,p1_0.specialization,p1_0.student_id from players p1_0 where p1_0.id=?
Hibernate: select p1_0.id,p1_0.avatar,p1_0.banned,p1_0.banned_at,p1_0.created,p1_0.degree_level,p1_0.display_name,p1_0.email,p1_0.experience,p1_0.last_login,p1_0.level,p1_0.password_hash,p1_0.role,p1_0.specialization,p1_0.student_id from players p1_0 where p1_0.email=?
Hibernate: select m1_0.id,m1_0.battle_code,m1_0.created_at,m1_0.deck1_id,m1_0.deck2_id,m1_0.ended_at,m1_0.event_id,m1_0.player1_id,m1_0.player2_id,m1_0.status,m1_0.win_condition,m1_0.winner_id from matches m1_0 where m1_0.id=?
Hibernate: select p1_0.id,p1_0.avatar,p1_0.banned,p1_0.banned_at,p1_0.created,p1_0.degree_level,p1_0.display_name,p1_0.email,p1_0.experience,p1_0.last_login,p1_0.level,p1_0.password_hash,p1_0.role,p1_0.specialization,p1_0.student_id from players p1_0 where p1_0.id=?
Hibernate: select p1_0.id,p1_0.avatar,p1_0.banned,p1_0.banned_at,p1_0.created,p1_0.degree_level,p1_0.display_name,p1_0.email,p1_0.experience,p1_0.last_login,p1_0.level,p1_0.password_hash,p1_0.role,p1_0.specialization,p1_0.student_id from players p1_0 where p1_0.email=?
Hibernate: select m1_0.id,m1_0.battle_code,m1_0.created_at,m1_0.deck1_id,m1_0.deck2_id,m1_0.ended_at,m1_0.event_id,m1_0.player1_id,m1_0.player2_id,m1_0.status,m1_0.win_condition,m1_0.winner_id from matches m1_0 where m1_0.id=?
Hibernate: select p1_0.id,p1_0.avatar,p1_0.banned,p1_0.banned_at,p1_0.created,p1_0.degree_level,p1_0.display_name,p1_0.email,p1_0.experience,p1_0.last_login,p1_0.level,p1_0.password_hash,p1_0.role,p1_0.specialization,p1_0.student_id from players p1_0 where p1_0.id=?
Hibernate: select p1_0.id,p1_0.avatar,p1_0.banned,p1_0.banned_at,p1_0.created,p1_0.degree_level,p1_0.display_name,p1_0.email,p1_0.experience,p1_0.last_login,p1_0.level,p1_0.password_hash,p1_0.role,p1_0.specialization,p1_0.student_id from players p1_0 where p1_0.email=?
Hibernate: select m1_0.id,m1_0.battle_code,m1_0.created_at,m1_0.deck1_id,m1_0.deck2_id,m1_0.ended_at,m1_0.event_id,m1_0.player1_id,m1_0.player2_id,m1_0.status,m1_0.win_condition,m1_0.winner_id from matches m1_0 where m1_0.id=?
Hibernate: select p1_0.id,p1_0.avatar,p1_0.banned,p1_0.banned_at,p1_0.created,p1_0.degree_level,p1_0.display_name,p1_0.email,p1_0.experience,p1_0.last_login,p1_0.level,p1_0.password_hash,p1_0.role,p1_0.specialization,p1_0.student_id from players p1_0 where p1_0.id=?
Hibernate: select p1_0.id,p1_0.avatar,p1_0.banned,p1_0.banned_at,p1_0.created,p1_0.degree_level,p1_0.display_name,p1_0.email,p1_0.experience,p1_0.last_login,p1_0.level,p1_0.password_hash,p1_0.role,p1_0.specialization,p1_0.student_id from players p1_0 where p1_0.email=?
Hibernate: select m1_0.id,m1_0.battle_code,m1_0.created_at,m1_0.deck1_id,m1_0.deck2_id,m1_0.ended_at,m1_0.event_id,m1_0.player1_id,m1_0.player2_id,m1_0.status,m1_0.win_condition,m1_0.winner_id from matches m1_0 where m1_0.id=?
Hibernate: select p1_0.id,p1_0.avatar,p1_0.banned,p1_0.banned_at,p1_0.created,p1_0.degree_level,p1_0.display_name,p1_0.email,p1_0.experience,p1_0.last_login,p1_0.level,p1_0.password_hash,p1_0.role,p1_0.specialization,p1_0.student_id from players p1_0 where p1_0.id=?
Hibernate: select p1_0.id,p1_0.avatar,p1_0.banned,p1_0.banned_at,p1_0.created,p1_0.degree_level,p1_0.display_name,p1_0.email,p1_0.experience,p1_0.last_login,p1_0.level,p1_0.password_hash,p1_0.role,p1_0.specialization,p1_0.student_id from players p1_0 where p1_0.email=?
Hibernate: select m1_0.id,m1_0.battle_code,m1_0.created_at,m1_0.deck1_id,m1_0.deck2_id,m1_0.ended_at,m1_0.event_id,m1_0.player1_id,m1_0.player2_id,m1_0.status,m1_0.win_condition,m1_0.winner_id from matches m1_0 where m1_0.id=?
Hibernate: select p1_0.id,p1_0.avatar,p1_0.banned,p1_0.banned_at,p1_0.created,p1_0.degree_level,p1_0.display_name,p1_0.email,p1_0.experience,p1_0.last_login,p1_0.level,p1_0.password_hash,p1_0.role,p1_0.specialization,p1_0.student_id from players p1_0 where p1_0.id=?
Hibernate: select p1_0.id,p1_0.avatar,p1_0.banned,p1_0.banned_at,p1_0.created,p1_0.degree_level,p1_0.display_name,p1_0.email,p1_0.experience,p1_0.last_login,p1_0.level,p1_0.password_hash,p1_0.role,p1_0.specialization,p1_0.student_id from players p1_0 where p1_0.email=?
Hibernate: select m1_0.id,m1_0.battle_code,m1_0.created_at,m1_0.deck1_id,m1_0.deck2_id,m1_0.ended_at,m1_0.event_id,m1_0.player1_id,m1_0.player2_id,m1_0.status,m1_0.win_condition,m1_0.winner_id from matches m1_0 where m1_0.id=?
Hibernate: select p1_0.id,p1_0.avatar,p1_0.banned,p1_0.banned_at,p1_0.created,p1_0.degree_level,p1_0.display_name,p1_0.email,p1_0.experience,p1_0.last_login,p1_0.level,p1_0.password_hash,p1_0.role,p1_0.specialization,p1_0.student_id from players p1_0 where p1_0.id=?
Hibernate: select p1_0.id,p1_0.avatar,p1_0.banned,p1_0.banned_at,p1_0.created,p1_0.degree_level,p1_0.display_name,p1_0.email,p1_0.experience,p1_0.last_login,p1_0.level,p1_0.password_hash,p1_0.role,p1_0.specialization,p1_0.student_id from players p1_0 where p1_0.email=?
Hibernate: select m1_0.id,m1_0.battle_code,m1_0.created_at,m1_0.deck1_id,m1_0.deck2_id,m1_0.ended_at,m1_0.event_id,m1_0.player1_id,m1_0.player2_id,m1_0.status,m1_0.win_condition,m1_0.winner_id from matches m1_0 where m1_0.id=?
Hibernate: select p1_0.id,p1_0.avatar,p1_0.banned,p1_0.banned_at,p1_0.created,p1_0.degree_level,p1_0.display_name,p1_0.email,p1_0.experience,p1_0.last_login,p1_0.level,p1_0.password_hash,p1_0.role,p1_0.specialization,p1_0.student_id from players p1_0 where p1_0.id=?
Hibernate: select p1_0.id,p1_0.avatar,p1_0.banned,p1_0.banned_at,p1_0.created,p1_0.degree_level,p1_0.display_name,p1_0.email,p1_0.experience,p1_0.last_login,p1_0.level,p1_0.password_hash,p1_0.role,p1_0.specialization,p1_0.student_id from players p1_0 where p1_0.email=?
Hibernate: select m1_0.id,m1_0.battle_code,m1_0.created_at,m1_0.deck1_id,m1_0.deck2_id,m1_0.ended_at,m1_0.event_id,m1_0.player1_id,m1_0.player2_id,m1_0.status,m1_0.win_condition,m1_0.winner_id from matches m1_0 where m1_0.id=?
Hibernate: select p1_0.id,p1_0.avatar,p1_0.banned,p1_0.banned_at,p1_0.created,p1_0.degree_level,p1_0.display_name,p1_0.email,p1_0.experience,p1_0.last_login,p1_0.level,p1_0.password_hash,p1_0.role,p1_0.specialization,p1_0.student_id from players p1_0 where p1_0.id=?
Hibernate: select p1_0.id,p1_0.avatar,p1_0.banned,p1_0.banned_at,p1_0.created,p1_0.degree_level,p1_0.display_name,p1_0.email,p1_0.experience,p1_0.last_login,p1_0.level,p1_0.password_hash,p1_0.role,p1_0.specialization,p1_0.student_id from players p1_0 where p1_0.email=?
Hibernate: select m1_0.id,m1_0.battle_code,m1_0.created_at,m1_0.deck1_id,m1_0.deck2_id,m1_0.ended_at,m1_0.event_id,m1_0.player1_id,m1_0.player2_id,m1_0.status,m1_0.win_condition,m1_0.winner_id from matches m1_0 where m1_0.id=?
Hibernate: select p1_0.id,p1_0.avatar,p1_0.banned,p1_0.banned_at,p1_0.created,p1_0.degree_level,p1_0.display_name,p1_0.email,p1_0.experience,p1_0.last_login,p1_0.level,p1_0.password_hash,p1_0.role,p1_0.specialization,p1_0.student_id from players p1_0 where p1_0.id=?
Hibernate: select p1_0.id,p1_0.avatar,p1_0.banned,p1_0.banned_at,p1_0.created,p1_0.degree_level,p1_0.display_name,p1_0.email,p1_0.experience,p1_0.last_login,p1_0.level,p1_0.password_hash,p1_0.role,p1_0.specialization,p1_0.student_id from players p1_0 where p1_0.email=?
Hibernate: select m1_0.id,m1_0.battle_code,m1_0.created_at,m1_0.deck1_id,m1_0.deck2_id,m1_0.ended_at,m1_0.event_id,m1_0.player1_id,m1_0.player2_id,m1_0.status,m1_0.win_condition,m1_0.winner_id from matches m1_0 where m1_0.id=?
Hibernate: select p1_0.id,p1_0.avatar,p1_0.banned,p1_0.banned_at,p1_0.created,p1_0.degree_level,p1_0.display_name,p1_0.email,p1_0.experience,p1_0.last_login,p1_0.level,p1_0.password_hash,p1_0.role,p1_0.specialization,p1_0.student_id from players p1_0 where p1_0.id=?
Hibernate: select p1_0.id,p1_0.avatar,p1_0.banned,p1_0.banned_at,p1_0.created,p1_0.degree_level,p1_0.display_name,p1_0.email,p1_0.experience,p1_0.last_login,p1_0.level,p1_0.password_hash,p1_0.role,p1_0.specialization,p1_0.student_id from players p1_0 where p1_0.email=?
Hibernate: select m1_0.id,m1_0.battle_code,m1_0.created_at,m1_0.deck1_id,m1_0.deck2_id,m1_0.ended_at,m1_0.event_id,m1_0.player1_id,m1_0.player2_id,m1_0.status,m1_0.win_condition,m1_0.winner_id from matches m1_0 where m1_0.id=?
Hibernate: select p1_0.id,p1_0.avatar,p1_0.banned,p1_0.banned_at,p1_0.created,p1_0.degree_level,p1_0.display_name,p1_0.email,p1_0.experience,p1_0.last_login,p1_0.level,p1_0.password_hash,p1_0.role,p1_0.specialization,p1_0.student_id from players p1_0 where p1_0.id=?
Hibernate: select p1_0.id,p1_0.avatar,p1_0.banned,p1_0.banned_at,p1_0.created,p1_0.degree_level,p1_0.display_name,p1_0.email,p1_0.experience,p1_0.last_login,p1_0.level,p1_0.password_hash,p1_0.role,p1_0.specialization,p1_0.student_id from players p1_0 where p1_0.email=?
Hibernate: select m1_0.id,m1_0.battle_code,m1_0.created_at,m1_0.deck1_id,m1_0.deck2_id,m1_0.ended_at,m1_0.event_id,m1_0.player1_id,m1_0.player2_id,m1_0.status,m1_0.win_condition,m1_0.winner_id from matches m1_0 where m1_0.id=?
Hibernate: select p1_0.id,p1_0.avatar,p1_0.banned,p1_0.banned_at,p1_0.created,p1_0.degree_level,p1_0.display_name,p1_0.email,p1_0.experience,p1_0.last_login,p1_0.level,p1_0.password_hash,p1_0.role,p1_0.specialization,p1_0.student_id from players p1_0 where p1_0.id=?
Hibernate: select p1_0.id,p1_0.avatar,p1_0.banned,p1_0.banned_at,p1_0.created,p1_0.degree_level,p1_0.display_name,p1_0.email,p1_0.experience,p1_0.last_login,p1_0.level,p1_0.password_hash,p1_0.role,p1_0.specialization,p1_0.student_id from players p1_0 where p1_0.email=?
Hibernate: select m1_0.id,m1_0.battle_code,m1_0.created_at,m1_0.deck1_id,m1_0.deck2_id,m1_0.ended_at,m1_0.event_id,m1_0.player1_id,m1_0.player2_id,m1_0.status,m1_0.win_condition,m1_0.winner_id from matches m1_0 where m1_0.id=?
Hibernate: select p1_0.id,p1_0.avatar,p1_0.banned,p1_0.banned_at,p1_0.created,p1_0.degree_level,p1_0.display_name,p1_0.email,p1_0.experience,p1_0.last_login,p1_0.level,p1_0.password_hash,p1_0.role,p1_0.specialization,p1_0.student_id from players p1_0 where p1_0.id=?
Hibernate: select p1_0.id,p1_0.avatar,p1_0.banned,p1_0.banned_at,p1_0.created,p1_0.degree_level,p1_0.display_name,p1_0.email,p1_0.experience,p1_0.last_login,p1_0.level,p1_0.password_hash,p1_0.role,p1_0.specialization,p1_0.student_id from players p1_0 where p1_0.email=?
Hibernate: select m1_0.id,m1_0.battle_code,m1_0.created_at,m1_0.deck1_id,m1_0.deck2_id,m1_0.ended_at,m1_0.event_id,m1_0.player1_id,m1_0.player2_id,m1_0.status,m1_0.win_condition,m1_0.winner_id from matches m1_0 where m1_0.id=?
Hibernate: select p1_0.id,p1_0.avatar,p1_0.banned,p1_0.banned_at,p1_0.created,p1_0.degree_level,p1_0.display_name,p1_0.email,p1_0.experience,p1_0.last_login,p1_0.level,p1_0.password_hash,p1_0.role,p1_0.specialization,p1_0.student_id from players p1_0 where p1_0.id=?
Hibernate: select p1_0.id,p1_0.avatar,p1_0.banned,p1_0.banned_at,p1_0.created,p1_0.degree_level,p1_0.display_name,p1_0.email,p1_0.experience,p1_0.last_login,p1_0.level,p1_0.password_hash,p1_0.role,p1_0.specialization,p1_0.student_id from players p1_0 where p1_0.email=?
Hibernate: select m1_0.id,m1_0.battle_code,m1_0.created_at,m1_0.deck1_id,m1_0.deck2_id,m1_0.ended_at,m1_0.event_id,m1_0.player1_id,m1_0.player2_id,m1_0.status,m1_0.win_condition,m1_0.winner_id from matches m1_0 where m1_0.id=?
Hibernate: select p1_0.id,p1_0.avatar,p1_0.banned,p1_0.banned_at,p1_0.created,p1_0.degree_level,p1_0.display_name,p1_0.email,p1_0.experience,p1_0.last_login,p1_0.level,p1_0.password_hash,p1_0.role,p1_0.specialization,p1_0.student_id from players p1_0 where p1_0.id=?
Hibernate: select p1_0.id,p1_0.avatar,p1_0.banned,p1_0.banned_at,p1_0.created,p1_0.degree_level,p1_0.display_name,p1_0.email,p1_0.experience,p1_0.last_login,p1_0.level,p1_0.password_hash,p1_0.role,p1_0.specialization,p1_0.student_id from players p1_0 where p1_0.email=?
Hibernate: select m1_0.id,m1_0.battle_code,m1_0.created_at,m1_0.deck1_id,m1_0.deck2_id,m1_0.ended_at,m1_0.event_id,m1_0.player1_id,m1_0.player2_id,m1_0.status,m1_0.win_condition,m1_0.winner_id from matches m1_0 where m1_0.id=?
Hibernate: select p1_0.id,p1_0.avatar,p1_0.banned,p1_0.banned_at,p1_0.created,p1_0.degree_level,p1_0.display_name,p1_0.email,p1_0.experience,p1_0.last_login,p1_0.level,p1_0.password_hash,p1_0.role,p1_0.specialization,p1_0.student_id from players p1_0 where p1_0.id=?
Hibernate: select p1_0.id,p1_0.avatar,p1_0.banned,p1_0.banned_at,p1_0.created,p1_0.degree_level,p1_0.display_name,p1_0.email,p1_0.experience,p1_0.last_login,p1_0.level,p1_0.password_hash,p1_0.role,p1_0.specialization,p1_0.student_id from players p1_0 where p1_0.email=?
Hibernate: select m1_0.id,m1_0.battle_code,m1_0.created_at,m1_0.deck1_id,m1_0.deck2_id,m1_0.ended_at,m1_0.event_id,m1_0.player1_id,m1_0.player2_id,m1_0.status,m1_0.win_condition,m1_0.winner_id from matches m1_0 where m1_0.id=?
Hibernate: select p1_0.id,p1_0.avatar,p1_0.banned,p1_0.banned_at,p1_0.created,p1_0.degree_level,p1_0.display_name,p1_0.email,p1_0.experience,p1_0.last_login,p1_0.level,p1_0.password_hash,p1_0.role,p1_0.specialization,p1_0.student_id from players p1_0 where p1_0.id=?
Hibernate: select p1_0.id,p1_0.avatar,p1_0.banned,p1_0.banned_at,p1_0.created,p1_0.degree_level,p1_0.display_name,p1_0.email,p1_0.experience,p1_0.last_login,p1_0.level,p1_0.password_hash,p1_0.role,p1_0.specialization,p1_0.student_id from players p1_0 where p1_0.email=?
Hibernate: select m1_0.id,m1_0.battle_code,m1_0.created_at,m1_0.deck1_id,m1_0.deck2_id,m1_0.ended_at,m1_0.event_id,m1_0.player1_id,m1_0.player2_id,m1_0.status,m1_0.win_condition,m1_0.winner_id from matches m1_0 where m1_0.id=?
Hibernate: select p1_0.id,p1_0.avatar,p1_0.banned,p1_0.banned_at,p1_0.created,p1_0.degree_level,p1_0.display_name,p1_0.email,p1_0.experience,p1_0.last_login,p1_0.level,p1_0.password_hash,p1_0.role,p1_0.specialization,p1_0.student_id from players p1_0 where p1_0.id=?
Hibernate: select p1_0.id,p1_0.avatar,p1_0.banned,p1_0.banned_at,p1_0.created,p1_0.degree_level,p1_0.display_name,p1_0.email,p1_0.experience,p1_0.last_login,p1_0.level,p1_0.password_hash,p1_0.role,p1_0.specialization,p1_0.student_id from players p1_0 where p1_0.email=?
Hibernate: select m1_0.id,m1_0.battle_code,m1_0.created_at,m1_0.deck1_id,m1_0.deck2_id,m1_0.ended_at,m1_0.event_id,m1_0.player1_id,m1_0.player2_id,m1_0.status,m1_0.win_condition,m1_0.winner_id from matches m1_0 where m1_0.id=?
Hibernate: select p1_0.id,p1_0.avatar,p1_0.banned,p1_0.banned_at,p1_0.created,p1_0.degree_level,p1_0.display_name,p1_0.email,p1_0.experience,p1_0.last_login,p1_0.level,p1_0.password_hash,p1_0.role,p1_0.specialization,p1_0.student_id from players p1_0 where p1_0.id=?
Hibernate: select p1_0.id,p1_0.avatar,p1_0.banned,p1_0.banned_at,p1_0.created,p1_0.degree_level,p1_0.display_name,p1_0.email,p1_0.experience,p1_0.last_login,p1_0.level,p1_0.password_hash,p1_0.role,p1_0.specialization,p1_0.student_id from players p1_0 where p1_0.email=?
Hibernate: select m1_0.id,m1_0.battle_code,m1_0.created_at,m1_0.deck1_id,m1_0.deck2_id,m1_0.ended_at,m1_0.event_id,m1_0.player1_id,m1_0.player2_id,m1_0.status,m1_0.win_condition,m1_0.winner_id from matches m1_0 where m1_0.id=?
Hibernate: select p1_0.id,p1_0.avatar,p1_0.banned,p1_0.banned_at,p1_0.created,p1_0.degree_level,p1_0.display_name,p1_0.email,p1_0.experience,p1_0.last_login,p1_0.level,p1_0.password_hash,p1_0.role,p1_0.specialization,p1_0.student_id from players p1_0 where p1_0.id=?
Hibernate: select p1_0.id,p1_0.avatar,p1_0.banned,p1_0.banned_at,p1_0.created,p1_0.degree_level,p1_0.display_name,p1_0.email,p1_0.experience,p1_0.last_login,p1_0.level,p1_0.password_hash,p1_0.role,p1_0.specialization,p1_0.student_id from players p1_0 where p1_0.email=?
Hibernate: select m1_0.id,m1_0.battle_code,m1_0.created_at,m1_0.deck1_id,m1_0.deck2_id,m1_0.ended_at,m1_0.event_id,m1_0.player1_id,m1_0.player2_id,m1_0.status,m1_0.win_condition,m1_0.winner_id from matches m1_0 where m1_0.id=?
Hibernate: select p1_0.id,p1_0.avatar,p1_0.banned,p1_0.banned_at,p1_0.created,p1_0.degree_level,p1_0.display_name,p1_0.email,p1_0.experience,p1_0.last_login,p1_0.level,p1_0.password_hash,p1_0.role,p1_0.specialization,p1_0.student_id from players p1_0 where p1_0.id=?
Hibernate: select p1_0.id,p1_0.avatar,p1_0.banned,p1_0.banned_at,p1_0.created,p1_0.degree_level,p1_0.display_name,p1_0.email,p1_0.experience,p1_0.last_login,p1_0.level,p1_0.password_hash,p1_0.role,p1_0.specialization,p1_0.student_id from players p1_0 where p1_0.email=?
Hibernate: select m1_0.id,m1_0.battle_code,m1_0.created_at,m1_0.deck1_id,m1_0.deck2_id,m1_0.ended_at,m1_0.event_id,m1_0.player1_id,m1_0.player2_id,m1_0.status,m1_0.win_condition,m1_0.winner_id from matches m1_0 where m1_0.id=?
Hibernate: select p1_0.id,p1_0.avatar,p1_0.banned,p1_0.banned_at,p1_0.created,p1_0.degree_level,p1_0.display_name,p1_0.email,p1_0.experience,p1_0.last_login,p1_0.level,p1_0.password_hash,p1_0.role,p1_0.specialization,p1_0.student_id from players p1_0 where p1_0.id=?
Hibernate: select p1_0.id,p1_0.avatar,p1_0.banned,p1_0.banned_at,p1_0.created,p1_0.degree_level,p1_0.display_name,p1_0.email,p1_0.experience,p1_0.last_login,p1_0.level,p1_0.password_hash,p1_0.role,p1_0.specialization,p1_0.student_id from players p1_0 where p1_0.email=?
Hibernate: select m1_0.id,m1_0.battle_code,m1_0.created_at,m1_0.deck1_id,m1_0.deck2_id,m1_0.ended_at,m1_0.event_id,m1_0.player1_id,m1_0.player2_id,m1_0.status,m1_0.win_condition,m1_0.winner_id from matches m1_0 where m1_0.id=?
Hibernate: select p1_0.id,p1_0.avatar,p1_0.banned,p1_0.banned_at,p1_0.created,p1_0.degree_level,p1_0.display_name,p1_0.email,p1_0.experience,p1_0.last_login,p1_0.level,p1_0.password_hash,p1_0.role,p1_0.specialization,p1_0.student_id from players p1_0 where p1_0.id=?
Hibernate: select p1_0.id,p1_0.avatar,p1_0.banned,p1_0.banned_at,p1_0.created,p1_0.degree_level,p1_0.display_name,p1_0.email,p1_0.experience,p1_0.last_login,p1_0.level,p1_0.password_hash,p1_0.role,p1_0.specialization,p1_0.student_id from players p1_0 where p1_0.email=?
Hibernate: select m1_0.id,m1_0.battle_code,m1_0.created_at,m1_0.deck1_id,m1_0.deck2_id,m1_0.ended_at,m1_0.event_id,m1_0.player1_id,m1_0.player2_id,m1_0.status,m1_0.win_condition,m1_0.winner_id from matches m1_0 where m1_0.id=?
Hibernate: select p1_0.id,p1_0.avatar,p1_0.banned,p1_0.banned_at,p1_0.created,p1_0.degree_level,p1_0.display_name,p1_0.email,p1_0.experience,p1_0.last_login,p1_0.level,p1_0.password_hash,p1_0.role,p1_0.specialization,p1_0.student_id from players p1_0 where p1_0.id=?
Hibernate: select p1_0.id,p1_0.avatar,p1_0.banned,p1_0.banned_at,p1_0.created,p1_0.degree_level,p1_0.display_name,p1_0.email,p1_0.experience,p1_0.last_login,p1_0.level,p1_0.password_hash,p1_0.role,p1_0.specialization,p1_0.student_id from players p1_0 where p1_0.email=?
Hibernate: select m1_0.id,m1_0.battle_code,m1_0.created_at,m1_0.deck1_id,m1_0.deck2_id,m1_0.ended_at,m1_0.event_id,m1_0.player1_id,m1_0.player2_id,m1_0.status,m1_0.win_condition,m1_0.winner_id from matches m1_0 where m1_0.id=?
Hibernate: select p1_0.id,p1_0.avatar,p1_0.banned,p1_0.banned_at,p1_0.created,p1_0.degree_level,p1_0.display_name,p1_0.email,p1_0.experience,p1_0.last_login,p1_0.level,p1_0.password_hash,p1_0.role,p1_0.specialization,p1_0.student_id from players p1_0 where p1_0.id=?
Hibernate: select p1_0.id,p1_0.avatar,p1_0.banned,p1_0.banned_at,p1_0.created,p1_0.degree_level,p1_0.display_name,p1_0.email,p1_0.experience,p1_0.last_login,p1_0.level,p1_0.password_hash,p1_0.role,p1_0.specialization,p1_0.student_id from players p1_0 where p1_0.email=?
Hibernate: select m1_0.id,m1_0.battle_code,m1_0.created_at,m1_0.deck1_id,m1_0.deck2_id,m1_0.ended_at,m1_0.event_id,m1_0.player1_id,m1_0.player2_id,m1_0.status,m1_0.win_condition,m1_0.winner_id from matches m1_0 where m1_0.id=?
Hibernate: select p1_0.id,p1_0.avatar,p1_0.banned,p1_0.banned_at,p1_0.created,p1_0.degree_level,p1_0.display_name,p1_0.email,p1_0.experience,p1_0.last_login,p1_0.level,p1_0.password_hash,p1_0.role,p1_0.specialization,p1_0.student_id from players p1_0 where p1_0.id=?
Hibernate: select p1_0.id,p1_0.avatar,p1_0.banned,p1_0.banned_at,p1_0.created,p1_0.degree_level,p1_0.display_name,p1_0.email,p1_0.experience,p1_0.last_login,p1_0.level,p1_0.password_hash,p1_0.role,p1_0.specialization,p1_0.student_id from players p1_0 where p1_0.email=?
Hibernate: select m1_0.id,m1_0.battle_code,m1_0.created_at,m1_0.deck1_id,m1_0.deck2_id,m1_0.ended_at,m1_0.event_id,m1_0.player1_id,m1_0.player2_id,m1_0.status,m1_0.win_condition,m1_0.winner_id from matches m1_0 where m1_0.id=?
Hibernate: select p1_0.id,p1_0.avatar,p1_0.banned,p1_0.banned_at,p1_0.created,p1_0.degree_level,p1_0.display_name,p1_0.email,p1_0.experience,p1_0.last_login,p1_0.level,p1_0.password_hash,p1_0.role,p1_0.specialization,p1_0.student_id from players p1_0 where p1_0.id=?
Hibernate: select p1_0.id,p1_0.avatar,p1_0.banned,p1_0.banned_at,p1_0.created,p1_0.degree_level,p1_0.display_name,p1_0.email,p1_0.experience,p1_0.last_login,p1_0.level,p1_0.password_hash,p1_0.role,p1_0.specialization,p1_0.student_id from players p1_0 where p1_0.email=?
Hibernate: select m1_0.id,m1_0.battle_code,m1_0.created_at,m1_0.deck1_id,m1_0.deck2_id,m1_0.ended_at,m1_0.event_id,m1_0.player1_id,m1_0.player2_id,m1_0.status,m1_0.win_condition,m1_0.winner_id from matches m1_0 where m1_0.id=?
Hibernate: select p1_0.id,p1_0.avatar,p1_0.banned,p1_0.banned_at,p1_0.created,p1_0.degree_level,p1_0.display_name,p1_0.email,p1_0.experience,p1_0.last_login,p1_0.level,p1_0.password_hash,p1_0.role,p1_0.specialization,p1_0.student_id from players p1_0 where p1_0.id=?
Hibernate: select p1_0.id,p1_0.avatar,p1_0.banned,p1_0.banned_at,p1_0.created,p1_0.degree_level,p1_0.display_name,p1_0.email,p1_0.experience,p1_0.last_login,p1_0.level,p1_0.password_hash,p1_0.role,p1_0.specialization,p1_0.student_id from players p1_0 where p1_0.email=?
Hibernate: select m1_0.id,m1_0.battle_code,m1_0.created_at,m1_0.deck1_id,m1_0.deck2_id,m1_0.ended_at,m1_0.event_id,m1_0.player1_id,m1_0.player2_id,m1_0.status,m1_0.win_condition,m1_0.winner_id from matches m1_0 where m1_0.id=?
Hibernate: select p1_0.id,p1_0.avatar,p1_0.banned,p1_0.banned_at,p1_0.created,p1_0.degree_level,p1_0.display_name,p1_0.email,p1_0.experience,p1_0.last_login,p1_0.level,p1_0.password_hash,p1_0.role,p1_0.specialization,p1_0.student_id from players p1_0 where p1_0.id=?
Hibernate: select p1_0.id,p1_0.avatar,p1_0.banned,p1_0.banned_at,p1_0.created,p1_0.degree_level,p1_0.display_name,p1_0.email,p1_0.experience,p1_0.last_login,p1_0.level,p1_0.password_hash,p1_0.role,p1_0.specialization,p1_0.student_id from players p1_0 where p1_0.email=?
Hibernate: select m1_0.id,m1_0.battle_code,m1_0.created_at,m1_0.deck1_id,m1_0.deck2_id,m1_0.ended_at,m1_0.event_id,m1_0.player1_id,m1_0.player2_id,m1_0.status,m1_0.win_condition,m1_0.winner_id from matches m1_0 where m1_0.id=?
Hibernate: select p1_0.id,p1_0.avatar,p1_0.banned,p1_0.banned_at,p1_0.created,p1_0.degree_level,p1_0.display_name,p1_0.email,p1_0.experience,p1_0.last_login,p1_0.level,p1_0.password_hash,p1_0.role,p1_0.specialization,p1_0.student_id from players p1_0 where p1_0.id=?
Hibernate: select p1_0.id,p1_0.avatar,p1_0.banned,p1_0.banned_at,p1_0.created,p1_0.degree_level,p1_0.display_name,p1_0.email,p1_0.experience,p1_0.last_login,p1_0.level,p1_0.password_hash,p1_0.role,p1_0.specialization,p1_0.student_id from players p1_0 where p1_0.email=?
Hibernate: select m1_0.id,m1_0.battle_code,m1_0.created_at,m1_0.deck1_id,m1_0.deck2_id,m1_0.ended_at,m1_0.event_id,m1_0.player1_id,m1_0.player2_id,m1_0.status,m1_0.win_condition,m1_0.winner_id from matches m1_0 where m1_0.id=?
Hibernate: select p1_0.id,p1_0.avatar,p1_0.banned,p1_0.banned_at,p1_0.created,p1_0.degree_level,p1_0.display_name,p1_0.email,p1_0.experience,p1_0.last_login,p1_0.level,p1_0.password_hash,p1_0.role,p1_0.specialization,p1_0.student_id from players p1_0 where p1_0.id=?
Hibernate: select p1_0.id,p1_0.avatar,p1_0.banned,p1_0.banned_at,p1_0.created,p1_0.degree_level,p1_0.display_name,p1_0.email,p1_0.experience,p1_0.last_login,p1_0.level,p1_0.password_hash,p1_0.role,p1_0.specialization,p1_0.student_id from players p1_0 where p1_0.email=?
Hibernate: select m1_0.id,m1_0.battle_code,m1_0.created_at,m1_0.deck1_id,m1_0.deck2_id,m1_0.ended_at,m1_0.event_id,m1_0.player1_id,m1_0.player2_id,m1_0.status,m1_0.win_condition,m1_0.winner_id from matches m1_0 where m1_0.id=?
Hibernate: select p1_0.id,p1_0.avatar,p1_0.banned,p1_0.banned_at,p1_0.created,p1_0.degree_level,p1_0.display_name,p1_0.email,p1_0.experience,p1_0.last_login,p1_0.level,p1_0.password_hash,p1_0.role,p1_0.specialization,p1_0.student_id from players p1_0 where p1_0.id=?
Hibernate: select p1_0.id,p1_0.avatar,p1_0.banned,p1_0.banned_at,p1_0.created,p1_0.degree_level,p1_0.display_name,p1_0.email,p1_0.experience,p1_0.last_login,p1_0.level,p1_0.password_hash,p1_0.role,p1_0.specialization,p1_0.student_id from players p1_0 where p1_0.email=?
Hibernate: select m1_0.id,m1_0.battle_code,m1_0.created_at,m1_0.deck1_id,m1_0.deck2_id,m1_0.ended_at,m1_0.event_id,m1_0.player1_id,m1_0.player2_id,m1_0.status,m1_0.win_condition,m1_0.winner_id from matches m1_0 where m1_0.id=?
Hibernate: select p1_0.id,p1_0.avatar,p1_0.banned,p1_0.banned_at,p1_0.created,p1_0.degree_level,p1_0.display_name,p1_0.email,p1_0.experience,p1_0.last_login,p1_0.level,p1_0.password_hash,p1_0.role,p1_0.specialization,p1_0.student_id from players p1_0 where p1_0.id=?
Hibernate: select p1_0.id,p1_0.avatar,p1_0.banned,p1_0.banned_at,p1_0.created,p1_0.degree_level,p1_0.display_name,p1_0.email,p1_0.experience,p1_0.last_login,p1_0.level,p1_0.password_hash,p1_0.role,p1_0.specialization,p1_0.student_id from players p1_0 where p1_0.email=?
Hibernate: select m1_0.id,m1_0.battle_code,m1_0.created_at,m1_0.deck1_id,m1_0.deck2_id,m1_0.ended_at,m1_0.event_id,m1_0.player1_id,m1_0.player2_id,m1_0.status,m1_0.win_condition,m1_0.winner_id from matches m1_0 where m1_0.id=?
Hibernate: select p1_0.id,p1_0.avatar,p1_0.banned,p1_0.banned_at,p1_0.created,p1_0.degree_level,p1_0.display_name,p1_0.email,p1_0.experience,p1_0.last_login,p1_0.level,p1_0.password_hash,p1_0.role,p1_0.specialization,p1_0.student_id from players p1_0 where p1_0.id=?
Hibernate: select p1_0.id,p1_0.avatar,p1_0.banned,p1_0.banned_at,p1_0.created,p1_0.degree_level,p1_0.display_name,p1_0.email,p1_0.experience,p1_0.last_login,p1_0.level,p1_0.password_hash,p1_0.role,p1_0.specialization,p1_0.student_id from players p1_0 where p1_0.email=?
Hibernate: select m1_0.id,m1_0.battle_code,m1_0.created_at,m1_0.deck1_id,m1_0.deck2_id,m1_0.ended_at,m1_0.event_id,m1_0.player1_id,m1_0.player2_id,m1_0.status,m1_0.win_condition,m1_0.winner_id from matches m1_0 where m1_0.id=?
Hibernate: select p1_0.id,p1_0.avatar,p1_0.banned,p1_0.banned_at,p1_0.created,p1_0.degree_level,p1_0.display_name,p1_0.email,p1_0.experience,p1_0.last_login,p1_0.level,p1_0.password_hash,p1_0.role,p1_0.specialization,p1_0.student_id from players p1_0 where p1_0.id=?
Hibernate: select p1_0.id,p1_0.avatar,p1_0.banned,p1_0.banned_at,p1_0.created,p1_0.degree_level,p1_0.display_name,p1_0.email,p1_0.experience,p1_0.last_login,p1_0.level,p1_0.password_hash,p1_0.role,p1_0.specialization,p1_0.student_id from players p1_0 where p1_0.email=?
Hibernate: select m1_0.id,m1_0.battle_code,m1_0.created_at,m1_0.deck1_id,m1_0.deck2_id,m1_0.ended_at,m1_0.event_id,m1_0.player1_id,m1_0.player2_id,m1_0.status,m1_0.win_condition,m1_0.winner_id from matches m1_0 where m1_0.id=?
Hibernate: select p1_0.id,p1_0.avatar,p1_0.banned,p1_0.banned_at,p1_0.created,p1_0.degree_level,p1_0.display_name,p1_0.email,p1_0.experience,p1_0.last_login,p1_0.level,p1_0.password_hash,p1_0.role,p1_0.specialization,p1_0.student_id from players p1_0 where p1_0.id=?
Hibernate: select p1_0.id,p1_0.avatar,p1_0.banned,p1_0.banned_at,p1_0.created,p1_0.degree_level,p1_0.display_name,p1_0.email,p1_0.experience,p1_0.last_login,p1_0.level,p1_0.password_hash,p1_0.role,p1_0.specialization,p1_0.student_id from players p1_0 where p1_0.email=?
Hibernate: select m1_0.id,m1_0.battle_code,m1_0.created_at,m1_0.deck1_id,m1_0.deck2_id,m1_0.ended_at,m1_0.event_id,m1_0.player1_id,m1_0.player2_id,m1_0.status,m1_0.win_condition,m1_0.winner_id from matches m1_0 where m1_0.id=?
Hibernate: select p1_0.id,p1_0.avatar,p1_0.banned,p1_0.banned_at,p1_0.created,p1_0.degree_level,p1_0.display_name,p1_0.email,p1_0.experience,p1_0.last_login,p1_0.level,p1_0.password_hash,p1_0.role,p1_0.specialization,p1_0.student_id from players p1_0 where p1_0.id=?
Hibernate: select p1_0.id,p1_0.avatar,p1_0.banned,p1_0.banned_at,p1_0.created,p1_0.degree_level,p1_0.display_name,p1_0.email,p1_0.experience,p1_0.last_login,p1_0.level,p1_0.password_hash,p1_0.role,p1_0.specialization,p1_0.student_id from players p1_0 where p1_0.email=?
Hibernate: select m1_0.id,m1_0.battle_code,m1_0.created_at,m1_0.deck1_id,m1_0.deck2_id,m1_0.ended_at,m1_0.event_id,m1_0.player1_id,m1_0.player2_id,m1_0.status,m1_0.win_condition,m1_0.winner_id from matches m1_0 where m1_0.id=?
Hibernate: select p1_0.id,p1_0.avatar,p1_0.banned,p1_0.banned_at,p1_0.created,p1_0.degree_level,p1_0.display_name,p1_0.email,p1_0.experience,p1_0.last_login,p1_0.level,p1_0.password_hash,p1_0.role,p1_0.specialization,p1_0.student_id from players p1_0 where p1_0.id=?
Hibernate: select p1_0.id,p1_0.avatar,p1_0.banned,p1_0.banned_at,p1_0.created,p1_0.degree_level,p1_0.display_name,p1_0.email,p1_0.experience,p1_0.last_login,p1_0.level,p1_0.password_hash,p1_0.role,p1_0.specialization,p1_0.student_id from players p1_0 where p1_0.email=?
Hibernate: select m1_0.id,m1_0.battle_code,m1_0.created_at,m1_0.deck1_id,m1_0.deck2_id,m1_0.ended_at,m1_0.event_id,m1_0.player1_id,m1_0.player2_id,m1_0.status,m1_0.win_condition,m1_0.winner_id from matches m1_0 where m1_0.id=?
Hibernate: select p1_0.id,p1_0.avatar,p1_0.banned,p1_0.banned_at,p1_0.created,p1_0.degree_level,p1_0.display_name,p1_0.email,p1_0.experience,p1_0.last_login,p1_0.level,p1_0.password_hash,p1_0.role,p1_0.specialization,p1_0.student_id from players p1_0 where p1_0.id=?
Hibernate: select p1_0.id,p1_0.avatar,p1_0.banned,p1_0.banned_at,p1_0.created,p1_0.degree_level,p1_0.display_name,p1_0.email,p1_0.experience,p1_0.last_login,p1_0.level,p1_0.password_hash,p1_0.role,p1_0.specialization,p1_0.student_id from players p1_0 where p1_0.email=?
Hibernate: select m1_0.id,m1_0.battle_code,m1_0.created_at,m1_0.deck1_id,m1_0.deck2_id,m1_0.ended_at,m1_0.event_id,m1_0.player1_id,m1_0.player2_id,m1_0.status,m1_0.win_condition,m1_0.winner_id from matches m1_0 where m1_0.id=?
Hibernate: select p1_0.id,p1_0.avatar,p1_0.banned,p1_0.banned_at,p1_0.created,p1_0.degree_level,p1_0.display_name,p1_0.email,p1_0.experience,p1_0.last_login,p1_0.level,p1_0.password_hash,p1_0.role,p1_0.specialization,p1_0.student_id from players p1_0 where p1_0.id=?
Hibernate: select p1_0.id,p1_0.avatar,p1_0.banned,p1_0.banned_at,p1_0.created,p1_0.degree_level,p1_0.display_name,p1_0.email,p1_0.experience,p1_0.last_login,p1_0.level,p1_0.password_hash,p1_0.role,p1_0.specialization,p1_0.student_id from players p1_0 where p1_0.email=?
Hibernate: select m1_0.id,m1_0.battle_code,m1_0.created_at,m1_0.deck1_id,m1_0.deck2_id,m1_0.ended_at,m1_0.event_id,m1_0.player1_id,m1_0.player2_id,m1_0.status,m1_0.win_condition,m1_0.winner_id from matches m1_0 where m1_0.id=?
Hibernate: select p1_0.id,p1_0.avatar,p1_0.banned,p1_0.banned_at,p1_0.created,p1_0.degree_level,p1_0.display_name,p1_0.email,p1_0.experience,p1_0.last_login,p1_0.level,p1_0.password_hash,p1_0.role,p1_0.specialization,p1_0.student_id from players p1_0 where p1_0.id=?
Hibernate: select p1_0.id,p1_0.avatar,p1_0.banned,p1_0.banned_at,p1_0.created,p1_0.degree_level,p1_0.display_name,p1_0.email,p1_0.experience,p1_0.last_login,p1_0.level,p1_0.password_hash,p1_0.role,p1_0.specialization,p1_0.student_id from players p1_0 where p1_0.email=?
Hibernate: select m1_0.id,m1_0.battle_code,m1_0.created_at,m1_0.deck1_id,m1_0.deck2_id,m1_0.ended_at,m1_0.event_id,m1_0.player1_id,m1_0.player2_id,m1_0.status,m1_0.win_condition,m1_0.winner_id from matches m1_0 where m1_0.id=?
Hibernate: select p1_0.id,p1_0.avatar,p1_0.banned,p1_0.banned_at,p1_0.created,p1_0.degree_level,p1_0.display_name,p1_0.email,p1_0.experience,p1_0.last_login,p1_0.level,p1_0.password_hash,p1_0.role,p1_0.specialization,p1_0.student_id from players p1_0 where p1_0.id=?
Hibernate: select p1_0.id,p1_0.avatar,p1_0.banned,p1_0.banned_at,p1_0.created,p1_0.degree_level,p1_0.display_name,p1_0.email,p1_0.experience,p1_0.last_login,p1_0.level,p1_0.password_hash,p1_0.role,p1_0.specialization,p1_0.student_id from players p1_0 where p1_0.email=?
Hibernate: select m1_0.id,m1_0.battle_code,m1_0.created_at,m1_0.deck1_id,m1_0.deck2_id,m1_0.ended_at,m1_0.event_id,m1_0.player1_id,m1_0.player2_id,m1_0.status,m1_0.win_condition,m1_0.winner_id from matches m1_0 where m1_0.id=?
Hibernate: select p1_0.id,p1_0.avatar,p1_0.banned,p1_0.banned_at,p1_0.created,p1_0.degree_level,p1_0.display_name,p1_0.email,p1_0.experience,p1_0.last_login,p1_0.level,p1_0.password_hash,p1_0.role,p1_0.specialization,p1_0.student_id from players p1_0 where p1_0.id=?
Hibernate: select p1_0.id,p1_0.avatar,p1_0.banned,p1_0.banned_at,p1_0.created,p1_0.degree_level,p1_0.display_name,p1_0.email,p1_0.experience,p1_0.last_login,p1_0.level,p1_0.password_hash,p1_0.role,p1_0.specialization,p1_0.student_id from players p1_0 where p1_0.email=?
Hibernate: select m1_0.id,m1_0.battle_code,m1_0.created_at,m1_0.deck1_id,m1_0.deck2_id,m1_0.ended_at,m1_0.event_id,m1_0.player1_id,m1_0.player2_id,m1_0.status,m1_0.win_condition,m1_0.winner_id from matches m1_0 where m1_0.id=?
Hibernate: select p1_0.id,p1_0.avatar,p1_0.banned,p1_0.banned_at,p1_0.created,p1_0.degree_level,p1_0.display_name,p1_0.email,p1_0.experience,p1_0.last_login,p1_0.level,p1_0.password_hash,p1_0.role,p1_0.specialization,p1_0.student_id from players p1_0 where p1_0.id=?
Hibernate: select p1_0.id,p1_0.avatar,p1_0.banned,p1_0.banned_at,p1_0.created,p1_0.degree_level,p1_0.display_name,p1_0.email,p1_0.experience,p1_0.last_login,p1_0.level,p1_0.password_hash,p1_0.role,p1_0.specialization,p1_0.student_id from players p1_0 where p1_0.email=?
Hibernate: select m1_0.id,m1_0.battle_code,m1_0.created_at,m1_0.deck1_id,m1_0.deck2_id,m1_0.ended_at,m1_0.event_id,m1_0.player1_id,m1_0.player2_id,m1_0.status,m1_0.win_condition,m1_0.winner_id from matches m1_0 where m1_0.id=?
Hibernate: select p1_0.id,p1_0.avatar,p1_0.banned,p1_0.banned_at,p1_0.created,p1_0.degree_level,p1_0.display_name,p1_0.email,p1_0.experience,p1_0.last_login,p1_0.level,p1_0.password_hash,p1_0.role,p1_0.specialization,p1_0.student_id from players p1_0 where p1_0.id=?
Hibernate: select p1_0.id,p1_0.avatar,p1_0.banned,p1_0.banned_at,p1_0.created,p1_0.degree_level,p1_0.display_name,p1_0.email,p1_0.experience,p1_0.last_login,p1_0.level,p1_0.password_hash,p1_0.role,p1_0.specialization,p1_0.student_id from players p1_0 where p1_0.email=?
Hibernate: select m1_0.id,m1_0.battle_code,m1_0.created_at,m1_0.deck1_id,m1_0.deck2_id,m1_0.ended_at,m1_0.event_id,m1_0.player1_id,m1_0.player2_id,m1_0.status,m1_0.win_condition,m1_0.winner_id from matches m1_0 where m1_0.id=?
Hibernate: select p1_0.id,p1_0.avatar,p1_0.banned,p1_0.banned_at,p1_0.created,p1_0.degree_level,p1_0.display_name,p1_0.email,p1_0.experience,p1_0.last_login,p1_0.level,p1_0.password_hash,p1_0.role,p1_0.specialization,p1_0.student_id from players p1_0 where p1_0.id=?
Hibernate: select p1_0.id,p1_0.avatar,p1_0.banned,p1_0.banned_at,p1_0.created,p1_0.degree_level,p1_0.display_name,p1_0.email,p1_0.experience,p1_0.last_login,p1_0.level,p1_0.password_hash,p1_0.role,p1_0.specialization,p1_0.student_id from players p1_0 where p1_0.email=?
Hibernate: select m1_0.id,m1_0.battle_code,m1_0.created_at,m1_0.deck1_id,m1_0.deck2_id,m1_0.ended_at,m1_0.event_id,m1_0.player1_id,m1_0.player2_id,m1_0.status,m1_0.win_condition,m1_0.winner_id from matches m1_0 where m1_0.id=?
Hibernate: select p1_0.id,p1_0.avatar,p1_0.banned,p1_0.banned_at,p1_0.created,p1_0.degree_level,p1_0.display_name,p1_0.email,p1_0.experience,p1_0.last_login,p1_0.level,p1_0.password_hash,p1_0.role,p1_0.specialization,p1_0.student_id from players p1_0 where p1_0.id=?
Hibernate: select p1_0.id,p1_0.avatar,p1_0.banned,p1_0.banned_at,p1_0.created,p1_0.degree_level,p1_0.display_name,p1_0.email,p1_0.experience,p1_0.last_login,p1_0.level,p1_0.password_hash,p1_0.role,p1_0.specialization,p1_0.student_id from players p1_0 where p1_0.email=?
Hibernate: select m1_0.id,m1_0.battle_code,m1_0.created_at,m1_0.deck1_id,m1_0.deck2_id,m1_0.ended_at,m1_0.event_id,m1_0.player1_id,m1_0.player2_id,m1_0.status,m1_0.win_condition,m1_0.winner_id from matches m1_0 where m1_0.id=?
Hibernate: select p1_0.id,p1_0.avatar,p1_0.banned,p1_0.banned_at,p1_0.created,p1_0.degree_level,p1_0.display_name,p1_0.email,p1_0.experience,p1_0.last_login,p1_0.level,p1_0.password_hash,p1_0.role,p1_0.specialization,p1_0.student_id from players p1_0 where p1_0.id=?
Hibernate: select p1_0.id,p1_0.avatar,p1_0.banned,p1_0.banned_at,p1_0.created,p1_0.degree_level,p1_0.display_name,p1_0.email,p1_0.experience,p1_0.last_login,p1_0.level,p1_0.password_hash,p1_0.role,p1_0.specialization,p1_0.student_id from players p1_0 where p1_0.email=?
Hibernate: select m1_0.id,m1_0.battle_code,m1_0.created_at,m1_0.deck1_id,m1_0.deck2_id,m1_0.ended_at,m1_0.event_id,m1_0.player1_id,m1_0.player2_id,m1_0.status,m1_0.win_condition,m1_0.winner_id from matches m1_0 where m1_0.id=?
Hibernate: select p1_0.id,p1_0.avatar,p1_0.banned,p1_0.banned_at,p1_0.created,p1_0.degree_level,p1_0.display_name,p1_0.email,p1_0.experience,p1_0.last_login,p1_0.level,p1_0.password_hash,p1_0.role,p1_0.specialization,p1_0.student_id from players p1_0 where p1_0.id=?
Hibernate: select p1_0.id,p1_0.avatar,p1_0.banned,p1_0.banned_at,p1_0.created,p1_0.degree_level,p1_0.display_name,p1_0.email,p1_0.experience,p1_0.last_login,p1_0.level,p1_0.password_hash,p1_0.role,p1_0.specialization,p1_0.student_id from players p1_0 where p1_0.email=?
Hibernate: select m1_0.id,m1_0.battle_code,m1_0.created_at,m1_0.deck1_id,m1_0.deck2_id,m1_0.ended_at,m1_0.event_id,m1_0.player1_id,m1_0.player2_id,m1_0.status,m1_0.win_condition,m1_0.winner_id from matches m1_0 where m1_0.id=?
Hibernate: select p1_0.id,p1_0.avatar,p1_0.banned,p1_0.banned_at,p1_0.created,p1_0.degree_level,p1_0.display_name,p1_0.email,p1_0.experience,p1_0.last_login,p1_0.level,p1_0.password_hash,p1_0.role,p1_0.specialization,p1_0.student_id from players p1_0 where p1_0.id=?
Hibernate: select p1_0.id,p1_0.avatar,p1_0.banned,p1_0.banned_at,p1_0.created,p1_0.degree_level,p1_0.display_name,p1_0.email,p1_0.experience,p1_0.last_login,p1_0.level,p1_0.password_hash,p1_0.role,p1_0.specialization,p1_0.student_id from players p1_0 where p1_0.email=?
Hibernate: select m1_0.id,m1_0.battle_code,m1_0.created_at,m1_0.deck1_id,m1_0.deck2_id,m1_0.ended_at,m1_0.event_id,m1_0.player1_id,m1_0.player2_id,m1_0.status,m1_0.win_condition,m1_0.winner_id from matches m1_0 where m1_0.id=?
Hibernate: select p1_0.id,p1_0.avatar,p1_0.banned,p1_0.banned_at,p1_0.created,p1_0.degree_level,p1_0.display_name,p1_0.email,p1_0.experience,p1_0.last_login,p1_0.level,p1_0.password_hash,p1_0.role,p1_0.specialization,p1_0.student_id from players p1_0 where p1_0.id=?
Hibernate: select p1_0.id,p1_0.avatar,p1_0.banned,p1_0.banned_at,p1_0.created,p1_0.degree_level,p1_0.display_name,p1_0.email,p1_0.experience,p1_0.last_login,p1_0.level,p1_0.password_hash,p1_0.role,p1_0.specialization,p1_0.student_id from players p1_0 where p1_0.email=?
Hibernate: select m1_0.id,m1_0.battle_code,m1_0.created_at,m1_0.deck1_id,m1_0.deck2_id,m1_0.ended_at,m1_0.event_id,m1_0.player1_id,m1_0.player2_id,m1_0.status,m1_0.win_condition,m1_0.winner_id from matches m1_0 where m1_0.id=?
Hibernate: select p1_0.id,p1_0.avatar,p1_0.banned,p1_0.banned_at,p1_0.created,p1_0.degree_level,p1_0.display_name,p1_0.email,p1_0.experience,p1_0.last_login,p1_0.level,p1_0.password_hash,p1_0.role,p1_0.specialization,p1_0.student_id from players p1_0 where p1_0.id=?
Hibernate: select p1_0.id,p1_0.avatar,p1_0.banned,p1_0.banned_at,p1_0.created,p1_0.degree_level,p1_0.display_name,p1_0.email,p1_0.experience,p1_0.last_login,p1_0.level,p1_0.password_hash,p1_0.role,p1_0.specialization,p1_0.student_id from players p1_0 where p1_0.email=?
Hibernate: select m1_0.id,m1_0.battle_code,m1_0.created_at,m1_0.deck1_id,m1_0.deck2_id,m1_0.ended_at,m1_0.event_id,m1_0.player1_id,m1_0.player2_id,m1_0.status,m1_0.win_condition,m1_0.winner_id from matches m1_0 where m1_0.id=?
Hibernate: select p1_0.id,p1_0.avatar,p1_0.banned,p1_0.banned_at,p1_0.created,p1_0.degree_level,p1_0.display_name,p1_0.email,p1_0.experience,p1_0.last_login,p1_0.level,p1_0.password_hash,p1_0.role,p1_0.specialization,p1_0.student_id from players p1_0 where p1_0.id=?
Hibernate: select p1_0.id,p1_0.avatar,p1_0.banned,p1_0.banned_at,p1_0.created,p1_0.degree_level,p1_0.display_name,p1_0.email,p1_0.experience,p1_0.last_login,p1_0.level,p1_0.password_hash,p1_0.role,p1_0.specialization,p1_0.student_id from players p1_0 where p1_0.email=?
Hibernate: select m1_0.id,m1_0.battle_code,m1_0.created_at,m1_0.deck1_id,m1_0.deck2_id,m1_0.ended_at,m1_0.event_id,m1_0.player1_id,m1_0.player2_id,m1_0.status,m1_0.win_condition,m1_0.winner_id from matches m1_0 where m1_0.id=?
Hibernate: select p1_0.id,p1_0.avatar,p1_0.banned,p1_0.banned_at,p1_0.created,p1_0.degree_level,p1_0.display_name,p1_0.email,p1_0.experience,p1_0.last_login,p1_0.level,p1_0.password_hash,p1_0.role,p1_0.specialization,p1_0.student_id from players p1_0 where p1_0.id=?
Hibernate: select p1_0.id,p1_0.avatar,p1_0.banned,p1_0.banned_at,p1_0.created,p1_0.degree_level,p1_0.display_name,p1_0.email,p1_0.experience,p1_0.last_login,p1_0.level,p1_0.password_hash,p1_0.role,p1_0.specialization,p1_0.student_id from players p1_0 where p1_0.email=?
Hibernate: select m1_0.id,m1_0.battle_code,m1_0.created_at,m1_0.deck1_id,m1_0.deck2_id,m1_0.ended_at,m1_0.event_id,m1_0.player1_id,m1_0.player2_id,m1_0.status,m1_0.win_condition,m1_0.winner_id from matches m1_0 where m1_0.id=?
Hibernate: select p1_0.id,p1_0.avatar,p1_0.banned,p1_0.banned_at,p1_0.created,p1_0.degree_level,p1_0.display_name,p1_0.email,p1_0.experience,p1_0.last_login,p1_0.level,p1_0.password_hash,p1_0.role,p1_0.specialization,p1_0.student_id from players p1_0 where p1_0.id=?
Hibernate: select p1_0.id,p1_0.avatar,p1_0.banned,p1_0.banned_at,p1_0.created,p1_0.degree_level,p1_0.display_name,p1_0.email,p1_0.experience,p1_0.last_login,p1_0.level,p1_0.password_hash,p1_0.role,p1_0.specialization,p1_0.student_id from players p1_0 where p1_0.email=?
Hibernate: select m1_0.id,m1_0.battle_code,m1_0.created_at,m1_0.deck1_id,m1_0.deck2_id,m1_0.ended_at,m1_0.event_id,m1_0.player1_id,m1_0.player2_id,m1_0.status,m1_0.win_condition,m1_0.winner_id from matches m1_0 where m1_0.id=?
Hibernate: select p1_0.id,p1_0.avatar,p1_0.banned,p1_0.banned_at,p1_0.created,p1_0.degree_level,p1_0.display_name,p1_0.email,p1_0.experience,p1_0.last_login,p1_0.level,p1_0.password_hash,p1_0.role,p1_0.specialization,p1_0.student_id from players p1_0 where p1_0.id=?
Hibernate: select p1_0.id,p1_0.avatar,p1_0.banned,p1_0.banned_at,p1_0.created,p1_0.degree_level,p1_0.display_name,p1_0.email,p1_0.experience,p1_0.last_login,p1_0.level,p1_0.password_hash,p1_0.role,p1_0.specialization,p1_0.student_id from players p1_0 where p1_0.email=?
Hibernate: select m1_0.id,m1_0.battle_code,m1_0.created_at,m1_0.deck1_id,m1_0.deck2_id,m1_0.ended_at,m1_0.event_id,m1_0.player1_id,m1_0.player2_id,m1_0.status,m1_0.win_condition,m1_0.winner_id from matches m1_0 where m1_0.id=?
Hibernate: select p1_0.id,p1_0.avatar,p1_0.banned,p1_0.banned_at,p1_0.created,p1_0.degree_level,p1_0.display_name,p1_0.email,p1_0.experience,p1_0.last_login,p1_0.level,p1_0.password_hash,p1_0.role,p1_0.specialization,p1_0.student_id from players p1_0 where p1_0.id=?
Hibernate: select p1_0.id,p1_0.avatar,p1_0.banned,p1_0.banned_at,p1_0.created,p1_0.degree_level,p1_0.display_name,p1_0.email,p1_0.experience,p1_0.last_login,p1_0.level,p1_0.password_hash,p1_0.role,p1_0.specialization,p1_0.student_id from players p1_0 where p1_0.email=?
Hibernate: select m1_0.id,m1_0.battle_code,m1_0.created_at,m1_0.deck1_id,m1_0.deck2_id,m1_0.ended_at,m1_0.event_id,m1_0.player1_id,m1_0.player2_id,m1_0.status,m1_0.win_condition,m1_0.winner_id from matches m1_0 where m1_0.id=?
Hibernate: select p1_0.id,p1_0.avatar,p1_0.banned,p1_0.banned_at,p1_0.created,p1_0.degree_level,p1_0.display_name,p1_0.email,p1_0.experience,p1_0.last_login,p1_0.level,p1_0.password_hash,p1_0.role,p1_0.specialization,p1_0.student_id from players p1_0 where p1_0.id=?
Hibernate: select p1_0.id,p1_0.avatar,p1_0.banned,p1_0.banned_at,p1_0.created,p1_0.degree_level,p1_0.display_name,p1_0.email,p1_0.experience,p1_0.last_login,p1_0.level,p1_0.password_hash,p1_0.role,p1_0.specialization,p1_0.student_id from players p1_0 where p1_0.email=?
Hibernate: select m1_0.id,m1_0.battle_code,m1_0.created_at,m1_0.deck1_id,m1_0.deck2_id,m1_0.ended_at,m1_0.event_id,m1_0.player1_id,m1_0.player2_id,m1_0.status,m1_0.win_condition,m1_0.winner_id from matches m1_0 where m1_0.id=?
Hibernate: select p1_0.id,p1_0.avatar,p1_0.banned,p1_0.banned_at,p1_0.created,p1_0.degree_level,p1_0.display_name,p1_0.email,p1_0.experience,p1_0.last_login,p1_0.level,p1_0.password_hash,p1_0.role,p1_0.specialization,p1_0.student_id from players p1_0 where p1_0.id=?
Hibernate: select p1_0.id,p1_0.avatar,p1_0.banned,p1_0.banned_at,p1_0.created,p1_0.degree_level,p1_0.display_name,p1_0.email,p1_0.experience,p1_0.last_login,p1_0.level,p1_0.password_hash,p1_0.role,p1_0.specialization,p1_0.student_id from players p1_0 where p1_0.email=?
Hibernate: select m1_0.id,m1_0.battle_code,m1_0.created_at,m1_0.deck1_id,m1_0.deck2_id,m1_0.ended_at,m1_0.event_id,m1_0.player1_id,m1_0.player2_id,m1_0.status,m1_0.win_condition,m1_0.winner_id from matches m1_0 where m1_0.id=?
Hibernate: select p1_0.id,p1_0.avatar,p1_0.banned,p1_0.banned_at,p1_0.created,p1_0.degree_level,p1_0.display_name,p1_0.email,p1_0.experience,p1_0.last_login,p1_0.level,p1_0.password_hash,p1_0.role,p1_0.specialization,p1_0.student_id from players p1_0 where p1_0.id=?
Hibernate: select p1_0.id,p1_0.avatar,p1_0.banned,p1_0.banned_at,p1_0.created,p1_0.degree_level,p1_0.display_name,p1_0.email,p1_0.experience,p1_0.last_login,p1_0.level,p1_0.password_hash,p1_0.role,p1_0.specialization,p1_0.student_id from players p1_0 where p1_0.email=?
Hibernate: select m1_0.id,m1_0.battle_code,m1_0.created_at,m1_0.deck1_id,m1_0.deck2_id,m1_0.ended_at,m1_0.event_id,m1_0.player1_id,m1_0.player2_id,m1_0.status,m1_0.win_condition,m1_0.winner_id from matches m1_0 where m1_0.id=?
Hibernate: select p1_0.id,p1_0.avatar,p1_0.banned,p1_0.banned_at,p1_0.created,p1_0.degree_level,p1_0.display_name,p1_0.email,p1_0.experience,p1_0.last_login,p1_0.level,p1_0.password_hash,p1_0.role,p1_0.specialization,p1_0.student_id from players p1_0 where p1_0.id=?
Hibernate: select p1_0.id,p1_0.avatar,p1_0.banned,p1_0.banned_at,p1_0.created,p1_0.degree_level,p1_0.display_name,p1_0.email,p1_0.experience,p1_0.last_login,p1_0.level,p1_0.password_hash,p1_0.role,p1_0.specialization,p1_0.student_id from players p1_0 where p1_0.email=?
Hibernate: select m1_0.id,m1_0.battle_code,m1_0.created_at,m1_0.deck1_id,m1_0.deck2_id,m1_0.ended_at,m1_0.event_id,m1_0.player1_id,m1_0.player2_id,m1_0.status,m1_0.win_condition,m1_0.winner_id from matches m1_0 where m1_0.id=?
Hibernate: select p1_0.id,p1_0.avatar,p1_0.banned,p1_0.banned_at,p1_0.created,p1_0.degree_level,p1_0.display_name,p1_0.email,p1_0.experience,p1_0.last_login,p1_0.level,p1_0.password_hash,p1_0.role,p1_0.specialization,p1_0.student_id from players p1_0 where p1_0.id=?
Hibernate: select p1_0.id,p1_0.avatar,p1_0.banned,p1_0.banned_at,p1_0.created,p1_0.degree_level,p1_0.display_name,p1_0.email,p1_0.experience,p1_0.last_login,p1_0.level,p1_0.password_hash,p1_0.role,p1_0.specialization,p1_0.student_id from players p1_0 where p1_0.email=?
Hibernate: select m1_0.id,m1_0.battle_code,m1_0.created_at,m1_0.deck1_id,m1_0.deck2_id,m1_0.ended_at,m1_0.event_id,m1_0.player1_id,m1_0.player2_id,m1_0.status,m1_0.win_condition,m1_0.winner_id from matches m1_0 where m1_0.id=?
Hibernate: select p1_0.id,p1_0.avatar,p1_0.banned,p1_0.banned_at,p1_0.created,p1_0.degree_level,p1_0.display_name,p1_0.email,p1_0.experience,p1_0.last_login,p1_0.level,p1_0.password_hash,p1_0.role,p1_0.specialization,p1_0.student_id from players p1_0 where p1_0.id=?
Hibernate: select p1_0.id,p1_0.avatar,p1_0.banned,p1_0.banned_at,p1_0.created,p1_0.degree_level,p1_0.display_name,p1_0.email,p1_0.experience,p1_0.last_login,p1_0.level,p1_0.password_hash,p1_0.role,p1_0.specialization,p1_0.student_id from players p1_0 where p1_0.email=?
Hibernate: select m1_0.id,m1_0.battle_code,m1_0.created_at,m1_0.deck1_id,m1_0.deck2_id,m1_0.ended_at,m1_0.event_id,m1_0.player1_id,m1_0.player2_id,m1_0.status,m1_0.win_condition,m1_0.winner_id from matches m1_0 where m1_0.id=?
Hibernate: select p1_0.id,p1_0.avatar,p1_0.banned,p1_0.banned_at,p1_0.created,p1_0.degree_level,p1_0.display_name,p1_0.email,p1_0.experience,p1_0.last_login,p1_0.level,p1_0.password_hash,p1_0.role,p1_0.specialization,p1_0.student_id from players p1_0 where p1_0.id=?
Hibernate: select p1_0.id,p1_0.avatar,p1_0.banned,p1_0.banned_at,p1_0.created,p1_0.degree_level,p1_0.display_name,p1_0.email,p1_0.experience,p1_0.last_login,p1_0.level,p1_0.password_hash,p1_0.role,p1_0.specialization,p1_0.student_id from players p1_0 where p1_0.email=?
Hibernate: select m1_0.id,m1_0.battle_code,m1_0.created_at,m1_0.deck1_id,m1_0.deck2_id,m1_0.ended_at,m1_0.event_id,m1_0.player1_id,m1_0.player2_id,m1_0.status,m1_0.win_condition,m1_0.winner_id from matches m1_0 where m1_0.id=?
Hibernate: select p1_0.id,p1_0.avatar,p1_0.banned,p1_0.banned_at,p1_0.created,p1_0.degree_level,p1_0.display_name,p1_0.email,p1_0.experience,p1_0.last_login,p1_0.level,p1_0.password_hash,p1_0.role,p1_0.specialization,p1_0.student_id from players p1_0 where p1_0.id=?
Hibernate: select p1_0.id,p1_0.avatar,p1_0.banned,p1_0.banned_at,p1_0.created,p1_0.degree_level,p1_0.display_name,p1_0.email,p1_0.experience,p1_0.last_login,p1_0.level,p1_0.password_hash,p1_0.role,p1_0.specialization,p1_0.student_id from players p1_0 where p1_0.email=?
Hibernate: select m1_0.id,m1_0.battle_code,m1_0.created_at,m1_0.deck1_id,m1_0.deck2_id,m1_0.ended_at,m1_0.event_id,m1_0.player1_id,m1_0.player2_id,m1_0.status,m1_0.win_condition,m1_0.winner_id from matches m1_0 where m1_0.id=?
Hibernate: select p1_0.id,p1_0.avatar,p1_0.banned,p1_0.banned_at,p1_0.created,p1_0.degree_level,p1_0.display_name,p1_0.email,p1_0.experience,p1_0.last_login,p1_0.level,p1_0.password_hash,p1_0.role,p1_0.specialization,p1_0.student_id from players p1_0 where p1_0.id=?
Hibernate: select p1_0.id,p1_0.avatar,p1_0.banned,p1_0.banned_at,p1_0.created,p1_0.degree_level,p1_0.display_name,p1_0.email,p1_0.experience,p1_0.last_login,p1_0.level,p1_0.password_hash,p1_0.role,p1_0.specialization,p1_0.student_id from players p1_0 where p1_0.email=?
Hibernate: select m1_0.id,m1_0.battle_code,m1_0.created_at,m1_0.deck1_id,m1_0.deck2_id,m1_0.ended_at,m1_0.event_id,m1_0.player1_id,m1_0.player2_id,m1_0.status,m1_0.win_condition,m1_0.winner_id from matches m1_0 where m1_0.id=?
Hibernate: select p1_0.id,p1_0.avatar,p1_0.banned,p1_0.banned_at,p1_0.created,p1_0.degree_level,p1_0.display_name,p1_0.email,p1_0.experience,p1_0.last_login,p1_0.level,p1_0.password_hash,p1_0.role,p1_0.specialization,p1_0.student_id from players p1_0 where p1_0.id=?
Hibernate: select p1_0.id,p1_0.avatar,p1_0.banned,p1_0.banned_at,p1_0.created,p1_0.degree_level,p1_0.display_name,p1_0.email,p1_0.experience,p1_0.last_login,p1_0.level,p1_0.password_hash,p1_0.role,p1_0.specialization,p1_0.student_id from players p1_0 where p1_0.email=?
Hibernate: select m1_0.id,m1_0.battle_code,m1_0.created_at,m1_0.deck1_id,m1_0.deck2_id,m1_0.ended_at,m1_0.event_id,m1_0.player1_id,m1_0.player2_id,m1_0.status,m1_0.win_condition,m1_0.winner_id from matches m1_0 where m1_0.id=?
Hibernate: select p1_0.id,p1_0.avatar,p1_0.banned,p1_0.banned_at,p1_0.created,p1_0.degree_level,p1_0.display_name,p1_0.email,p1_0.experience,p1_0.last_login,p1_0.level,p1_0.password_hash,p1_0.role,p1_0.specialization,p1_0.student_id from players p1_0 where p1_0.id=?
Hibernate: select p1_0.id,p1_0.avatar,p1_0.banned,p1_0.banned_at,p1_0.created,p1_0.degree_level,p1_0.display_name,p1_0.email,p1_0.experience,p1_0.last_login,p1_0.level,p1_0.password_hash,p1_0.role,p1_0.specialization,p1_0.student_id from players p1_0 where p1_0.email=?
Hibernate: select m1_0.id,m1_0.battle_code,m1_0.created_at,m1_0.deck1_id,m1_0.deck2_id,m1_0.ended_at,m1_0.event_id,m1_0.player1_id,m1_0.player2_id,m1_0.status,m1_0.win_condition,m1_0.winner_id from matches m1_0 where m1_0.id=?
Hibernate: select p1_0.id,p1_0.avatar,p1_0.banned,p1_0.banned_at,p1_0.created,p1_0.degree_level,p1_0.display_name,p1_0.email,p1_0.experience,p1_0.last_login,p1_0.level,p1_0.password_hash,p1_0.role,p1_0.specialization,p1_0.student_id from players p1_0 where p1_0.id=?
Hibernate: select p1_0.id,p1_0.avatar,p1_0.banned,p1_0.banned_at,p1_0.created,p1_0.degree_level,p1_0.display_name,p1_0.email,p1_0.experience,p1_0.last_login,p1_0.level,p1_0.password_hash,p1_0.role,p1_0.specialization,p1_0.student_id from players p1_0 where p1_0.email=?
Hibernate: select m1_0.id,m1_0.battle_code,m1_0.created_at,m1_0.deck1_id,m1_0.deck2_id,m1_0.ended_at,m1_0.event_id,m1_0.player1_id,m1_0.player2_id,m1_0.status,m1_0.win_condition,m1_0.winner_id from matches m1_0 where m1_0.id=?
Hibernate: select p1_0.id,p1_0.avatar,p1_0.banned,p1_0.banned_at,p1_0.created,p1_0.degree_level,p1_0.display_name,p1_0.email,p1_0.experience,p1_0.last_login,p1_0.level,p1_0.password_hash,p1_0.role,p1_0.specialization,p1_0.student_id from players p1_0 where p1_0.id=?
Hibernate: select p1_0.id,p1_0.avatar,p1_0.banned,p1_0.banned_at,p1_0.created,p1_0.degree_level,p1_0.display_name,p1_0.email,p1_0.experience,p1_0.last_login,p1_0.level,p1_0.password_hash,p1_0.role,p1_0.specialization,p1_0.student_id from players p1_0 where p1_0.email=?
Hibernate: select m1_0.id,m1_0.battle_code,m1_0.created_at,m1_0.deck1_id,m1_0.deck2_id,m1_0.ended_at,m1_0.event_id,m1_0.player1_id,m1_0.player2_id,m1_0.status,m1_0.win_condition,m1_0.winner_id from matches m1_0 where m1_0.id=?
Hibernate: select p1_0.id,p1_0.avatar,p1_0.banned,p1_0.banned_at,p1_0.created,p1_0.degree_level,p1_0.display_name,p1_0.email,p1_0.experience,p1_0.last_login,p1_0.level,p1_0.password_hash,p1_0.role,p1_0.specialization,p1_0.student_id from players p1_0 where p1_0.id=?
Hibernate: select p1_0.id,p1_0.avatar,p1_0.banned,p1_0.banned_at,p1_0.created,p1_0.degree_level,p1_0.display_name,p1_0.email,p1_0.experience,p1_0.last_login,p1_0.level,p1_0.password_hash,p1_0.role,p1_0.specialization,p1_0.student_id from players p1_0 where p1_0.email=?
Hibernate: select m1_0.id,m1_0.battle_code,m1_0.created_at,m1_0.deck1_id,m1_0.deck2_id,m1_0.ended_at,m1_0.event_id,m1_0.player1_id,m1_0.player2_id,m1_0.status,m1_0.win_condition,m1_0.winner_id from matches m1_0 where m1_0.id=?
Hibernate: select p1_0.id,p1_0.avatar,p1_0.banned,p1_0.banned_at,p1_0.created,p1_0.degree_level,p1_0.display_name,p1_0.email,p1_0.experience,p1_0.last_login,p1_0.level,p1_0.password_hash,p1_0.role,p1_0.specialization,p1_0.student_id from players p1_0 where p1_0.id=?
Hibernate: select p1_0.id,p1_0.avatar,p1_0.banned,p1_0.banned_at,p1_0.created,p1_0.degree_level,p1_0.display_name,p1_0.email,p1_0.experience,p1_0.last_login,p1_0.level,p1_0.password_hash,p1_0.role,p1_0.specialization,p1_0.student_id from players p1_0 where p1_0.email=?
Hibernate: select m1_0.id,m1_0.battle_code,m1_0.created_at,m1_0.deck1_id,m1_0.deck2_id,m1_0.ended_at,m1_0.event_id,m1_0.player1_id,m1_0.player2_id,m1_0.status,m1_0.win_condition,m1_0.winner_id from matches m1_0 where m1_0.id=?
Hibernate: select p1_0.id,p1_0.avatar,p1_0.banned,p1_0.banned_at,p1_0.created,p1_0.degree_level,p1_0.display_name,p1_0.email,p1_0.experience,p1_0.last_login,p1_0.level,p1_0.password_hash,p1_0.role,p1_0.specialization,p1_0.student_id from players p1_0 where p1_0.id=?
Hibernate: select p1_0.id,p1_0.avatar,p1_0.banned,p1_0.banned_at,p1_0.created,p1_0.degree_level,p1_0.display_name,p1_0.email,p1_0.experience,p1_0.last_login,p1_0.level,p1_0.password_hash,p1_0.role,p1_0.specialization,p1_0.student_id from players p1_0 where p1_0.email=?
Hibernate: select m1_0.id,m1_0.battle_code,m1_0.created_at,m1_0.deck1_id,m1_0.deck2_id,m1_0.ended_at,m1_0.event_id,m1_0.player1_id,m1_0.player2_id,m1_0.status,m1_0.win_condition,m1_0.winner_id from matches m1_0 where m1_0.id=?
Hibernate: select p1_0.id,p1_0.avatar,p1_0.banned,p1_0.banned_at,p1_0.created,p1_0.degree_level,p1_0.display_name,p1_0.email,p1_0.experience,p1_0.last_login,p1_0.level,p1_0.password_hash,p1_0.role,p1_0.specialization,p1_0.student_id from players p1_0 where p1_0.id=?
Hibernate: select p1_0.id,p1_0.avatar,p1_0.banned,p1_0.banned_at,p1_0.created,p1_0.degree_level,p1_0.display_name,p1_0.email,p1_0.experience,p1_0.last_login,p1_0.level,p1_0.password_hash,p1_0.role,p1_0.specialization,p1_0.student_id from players p1_0 where p1_0.email=?
Hibernate: select m1_0.id,m1_0.battle_code,m1_0.created_at,m1_0.deck1_id,m1_0.deck2_id,m1_0.ended_at,m1_0.event_id,m1_0.player1_id,m1_0.player2_id,m1_0.status,m1_0.win_condition,m1_0.winner_id from matches m1_0 where m1_0.id=?
Hibernate: select p1_0.id,p1_0.avatar,p1_0.banned,p1_0.banned_at,p1_0.created,p1_0.degree_level,p1_0.display_name,p1_0.email,p1_0.experience,p1_0.last_login,p1_0.level,p1_0.password_hash,p1_0.role,p1_0.specialization,p1_0.student_id from players p1_0 where p1_0.id=?
Hibernate: select p1_0.id,p1_0.avatar,p1_0.banned,p1_0.banned_at,p1_0.created,p1_0.degree_level,p1_0.display_name,p1_0.email,p1_0.experience,p1_0.last_login,p1_0.level,p1_0.password_hash,p1_0.role,p1_0.specialization,p1_0.student_id from players p1_0 where p1_0.email=?
Hibernate: select m1_0.id,m1_0.battle_code,m1_0.created_at,m1_0.deck1_id,m1_0.deck2_id,m1_0.ended_at,m1_0.event_id,m1_0.player1_id,m1_0.player2_id,m1_0.status,m1_0.win_condition,m1_0.winner_id from matches m1_0 where m1_0.id=?
Hibernate: select p1_0.id,p1_0.avatar,p1_0.banned,p1_0.banned_at,p1_0.created,p1_0.degree_level,p1_0.display_name,p1_0.email,p1_0.experience,p1_0.last_login,p1_0.level,p1_0.password_hash,p1_0.role,p1_0.specialization,p1_0.student_id from players p1_0 where p1_0.id=?
Hibernate: select p1_0.id,p1_0.avatar,p1_0.banned,p1_0.banned_at,p1_0.created,p1_0.degree_level,p1_0.display_name,p1_0.email,p1_0.experience,p1_0.last_login,p1_0.level,p1_0.password_hash,p1_0.role,p1_0.specialization,p1_0.student_id from players p1_0 where p1_0.email=?
Hibernate: select m1_0.id,m1_0.battle_code,m1_0.created_at,m1_0.deck1_id,m1_0.deck2_id,m1_0.ended_at,m1_0.event_id,m1_0.player1_id,m1_0.player2_id,m1_0.status,m1_0.win_condition,m1_0.winner_id from matches m1_0 where m1_0.id=?
Hibernate: select p1_0.id,p1_0.avatar,p1_0.banned,p1_0.banned_at,p1_0.created,p1_0.degree_level,p1_0.display_name,p1_0.email,p1_0.experience,p1_0.last_login,p1_0.level,p1_0.password_hash,p1_0.role,p1_0.specialization,p1_0.student_id from players p1_0 where p1_0.id=?
Hibernate: select p1_0.id,p1_0.avatar,p1_0.banned,p1_0.banned_at,p1_0.created,p1_0.degree_level,p1_0.display_name,p1_0.email,p1_0.experience,p1_0.last_login,p1_0.level,p1_0.password_hash,p1_0.role,p1_0.specialization,p1_0.student_id from players p1_0 where p1_0.email=?
Hibernate: select m1_0.id,m1_0.battle_code,m1_0.created_at,m1_0.deck1_id,m1_0.deck2_id,m1_0.ended_at,m1_0.event_id,m1_0.player1_id,m1_0.player2_id,m1_0.status,m1_0.win_condition,m1_0.winner_id from matches m1_0 where m1_0.id=?
Hibernate: select p1_0.id,p1_0.avatar,p1_0.banned,p1_0.banned_at,p1_0.created,p1_0.degree_level,p1_0.display_name,p1_0.email,p1_0.experience,p1_0.last_login,p1_0.level,p1_0.password_hash,p1_0.role,p1_0.specialization,p1_0.student_id from players p1_0 where p1_0.id=?
Hibernate: select p1_0.id,p1_0.avatar,p1_0.banned,p1_0.banned_at,p1_0.created,p1_0.degree_level,p1_0.display_name,p1_0.email,p1_0.experience,p1_0.last_login,p1_0.level,p1_0.password_hash,p1_0.role,p1_0.specialization,p1_0.student_id from players p1_0 where p1_0.email=?
Hibernate: select m1_0.id,m1_0.battle_code,m1_0.created_at,m1_0.deck1_id,m1_0.deck2_id,m1_0.ended_at,m1_0.event_id,m1_0.player1_id,m1_0.player2_id,m1_0.status,m1_0.win_condition,m1_0.winner_id from matches m1_0 where m1_0.id=?
Hibernate: select p1_0.id,p1_0.avatar,p1_0.banned,p1_0.banned_at,p1_0.created,p1_0.degree_level,p1_0.display_name,p1_0.email,p1_0.experience,p1_0.last_login,p1_0.level,p1_0.password_hash,p1_0.role,p1_0.specialization,p1_0.student_id from players p1_0 where p1_0.id=?
Hibernate: select p1_0.id,p1_0.avatar,p1_0.banned,p1_0.banned_at,p1_0.created,p1_0.degree_level,p1_0.display_name,p1_0.email,p1_0.experience,p1_0.last_login,p1_0.level,p1_0.password_hash,p1_0.role,p1_0.specialization,p1_0.student_id from players p1_0 where p1_0.email=?
Hibernate: select m1_0.id,m1_0.battle_code,m1_0.created_at,m1_0.deck1_id,m1_0.deck2_id,m1_0.ended_at,m1_0.event_id,m1_0.player1_id,m1_0.player2_id,m1_0.status,m1_0.win_condition,m1_0.winner_id from matches m1_0 where m1_0.id=?
Hibernate: select p1_0.id,p1_0.avatar,p1_0.banned,p1_0.banned_at,p1_0.created,p1_0.degree_level,p1_0.display_name,p1_0.email,p1_0.experience,p1_0.last_login,p1_0.level,p1_0.password_hash,p1_0.role,p1_0.specialization,p1_0.student_id from players p1_0 where p1_0.id=?
Hibernate: select p1_0.id,p1_0.avatar,p1_0.banned,p1_0.banned_at,p1_0.created,p1_0.degree_level,p1_0.display_name,p1_0.email,p1_0.experience,p1_0.last_login,p1_0.level,p1_0.password_hash,p1_0.role,p1_0.specialization,p1_0.student_id from players p1_0 where p1_0.email=?
Hibernate: select m1_0.id,m1_0.battle_code,m1_0.created_at,m1_0.deck1_id,m1_0.deck2_id,m1_0.ended_at,m1_0.event_id,m1_0.player1_id,m1_0.player2_id,m1_0.status,m1_0.win_condition,m1_0.winner_id from matches m1_0 where m1_0.id=?
Hibernate: select p1_0.id,p1_0.avatar,p1_0.banned,p1_0.banned_at,p1_0.created,p1_0.degree_level,p1_0.display_name,p1_0.email,p1_0.experience,p1_0.last_login,p1_0.level,p1_0.password_hash,p1_0.role,p1_0.specialization,p1_0.student_id from players p1_0 where p1_0.id=?
Hibernate: select p1_0.id,p1_0.avatar,p1_0.banned,p1_0.banned_at,p1_0.created,p1_0.degree_level,p1_0.display_name,p1_0.email,p1_0.experience,p1_0.last_login,p1_0.level,p1_0.password_hash,p1_0.role,p1_0.specialization,p1_0.student_id from players p1_0 where p1_0.email=?
Hibernate: select m1_0.id,m1_0.battle_code,m1_0.created_at,m1_0.deck1_id,m1_0.deck2_id,m1_0.ended_at,m1_0.event_id,m1_0.player1_id,m1_0.player2_id,m1_0.status,m1_0.win_condition,m1_0.winner_id from matches m1_0 where m1_0.id=?
Hibernate: select p1_0.id,p1_0.avatar,p1_0.banned,p1_0.banned_at,p1_0.created,p1_0.degree_level,p1_0.display_name,p1_0.email,p1_0.experience,p1_0.last_login,p1_0.level,p1_0.password_hash,p1_0.role,p1_0.specialization,p1_0.student_id from players p1_0 where p1_0.id=?
Hibernate: select p1_0.id,p1_0.avatar,p1_0.banned,p1_0.banned_at,p1_0.created,p1_0.degree_level,p1_0.display_name,p1_0.email,p1_0.experience,p1_0.last_login,p1_0.level,p1_0.password_hash,p1_0.role,p1_0.specialization,p1_0.student_id from players p1_0 where p1_0.email=?
Hibernate: select m1_0.id,m1_0.battle_code,m1_0.created_at,m1_0.deck1_id,m1_0.deck2_id,m1_0.ended_at,m1_0.event_id,m1_0.player1_id,m1_0.player2_id,m1_0.status,m1_0.win_condition,m1_0.winner_id from matches m1_0 where m1_0.id=?
Hibernate: select p1_0.id,p1_0.avatar,p1_0.banned,p1_0.banned_at,p1_0.created,p1_0.degree_level,p1_0.display_name,p1_0.email,p1_0.experience,p1_0.last_login,p1_0.level,p1_0.password_hash,p1_0.role,p1_0.specialization,p1_0.student_id from players p1_0 where p1_0.id=?
Hibernate: select p1_0.id,p1_0.avatar,p1_0.banned,p1_0.banned_at,p1_0.created,p1_0.degree_level,p1_0.display_name,p1_0.email,p1_0.experience,p1_0.last_login,p1_0.level,p1_0.password_hash,p1_0.role,p1_0.specialization,p1_0.student_id from players p1_0 where p1_0.email=?
Hibernate: select m1_0.id,m1_0.battle_code,m1_0.created_at,m1_0.deck1_id,m1_0.deck2_id,m1_0.ended_at,m1_0.event_id,m1_0.player1_id,m1_0.player2_id,m1_0.status,m1_0.win_condition,m1_0.winner_id from matches m1_0 where m1_0.id=?
Hibernate: select p1_0.id,p1_0.avatar,p1_0.banned,p1_0.banned_at,p1_0.created,p1_0.degree_level,p1_0.display_name,p1_0.email,p1_0.experience,p1_0.last_login,p1_0.level,p1_0.password_hash,p1_0.role,p1_0.specialization,p1_0.student_id from players p1_0 where p1_0.id=?
Hibernate: select p1_0.id,p1_0.avatar,p1_0.banned,p1_0.banned_at,p1_0.created,p1_0.degree_level,p1_0.display_name,p1_0.email,p1_0.experience,p1_0.last_login,p1_0.level,p1_0.password_hash,p1_0.role,p1_0.specialization,p1_0.student_id from players p1_0 where p1_0.email=?
Hibernate: select m1_0.id,m1_0.battle_code,m1_0.created_at,m1_0.deck1_id,m1_0.deck2_id,m1_0.ended_at,m1_0.event_id,m1_0.player1_id,m1_0.player2_id,m1_0.status,m1_0.win_condition,m1_0.winner_id from matches m1_0 where m1_0.id=?
Hibernate: select p1_0.id,p1_0.avatar,p1_0.banned,p1_0.banned_at,p1_0.created,p1_0.degree_level,p1_0.display_name,p1_0.email,p1_0.experience,p1_0.last_login,p1_0.level,p1_0.password_hash,p1_0.role,p1_0.specialization,p1_0.student_id from players p1_0 where p1_0.id=?
Hibernate: select p1_0.id,p1_0.avatar,p1_0.banned,p1_0.banned_at,p1_0.created,p1_0.degree_level,p1_0.display_name,p1_0.email,p1_0.experience,p1_0.last_login,p1_0.level,p1_0.password_hash,p1_0.role,p1_0.specialization,p1_0.student_id from players p1_0 where p1_0.email=?
Hibernate: select m1_0.id,m1_0.battle_code,m1_0.created_at,m1_0.deck1_id,m1_0.deck2_id,m1_0.ended_at,m1_0.event_id,m1_0.player1_id,m1_0.player2_id,m1_0.status,m1_0.win_condition,m1_0.winner_id from matches m1_0 where m1_0.id=?
Hibernate: select p1_0.id,p1_0.avatar,p1_0.banned,p1_0.banned_at,p1_0.created,p1_0.degree_level,p1_0.display_name,p1_0.email,p1_0.experience,p1_0.last_login,p1_0.level,p1_0.password_hash,p1_0.role,p1_0.specialization,p1_0.student_id from players p1_0 where p1_0.id=?
Hibernate: select p1_0.id,p1_0.avatar,p1_0.banned,p1_0.banned_at,p1_0.created,p1_0.degree_level,p1_0.display_name,p1_0.email,p1_0.experience,p1_0.last_login,p1_0.level,p1_0.password_hash,p1_0.role,p1_0.specialization,p1_0.student_id from players p1_0 where p1_0.email=?
Hibernate: select m1_0.id,m1_0.battle_code,m1_0.created_at,m1_0.deck1_id,m1_0.deck2_id,m1_0.ended_at,m1_0.event_id,m1_0.player1_id,m1_0.player2_id,m1_0.status,m1_0.win_condition,m1_0.winner_id from matches m1_0 where m1_0.id=?
Hibernate: select p1_0.id,p1_0.avatar,p1_0.banned,p1_0.banned_at,p1_0.created,p1_0.degree_level,p1_0.display_name,p1_0.email,p1_0.experience,p1_0.last_login,p1_0.level,p1_0.password_hash,p1_0.role,p1_0.specialization,p1_0.student_id from players p1_0 where p1_0.id=?
Hibernate: select p1_0.id,p1_0.avatar,p1_0.banned,p1_0.banned_at,p1_0.created,p1_0.degree_level,p1_0.display_name,p1_0.email,p1_0.experience,p1_0.last_login,p1_0.level,p1_0.password_hash,p1_0.role,p1_0.specialization,p1_0.student_id from players p1_0 where p1_0.email=?
Hibernate: select m1_0.id,m1_0.battle_code,m1_0.created_at,m1_0.deck1_id,m1_0.deck2_id,m1_0.ended_at,m1_0.event_id,m1_0.player1_id,m1_0.player2_id,m1_0.status,m1_0.win_condition,m1_0.winner_id from matches m1_0 where m1_0.id=?
Hibernate: select p1_0.id,p1_0.avatar,p1_0.banned,p1_0.banned_at,p1_0.created,p1_0.degree_level,p1_0.display_name,p1_0.email,p1_0.experience,p1_0.last_login,p1_0.level,p1_0.password_hash,p1_0.role,p1_0.specialization,p1_0.student_id from players p1_0 where p1_0.id=?
Hibernate: select p1_0.id,p1_0.avatar,p1_0.banned,p1_0.banned_at,p1_0.created,p1_0.degree_level,p1_0.display_name,p1_0.email,p1_0.experience,p1_0.last_login,p1_0.level,p1_0.password_hash,p1_0.role,p1_0.specialization,p1_0.student_id from players p1_0 where p1_0.email=?
Hibernate: select m1_0.id,m1_0.battle_code,m1_0.created_at,m1_0.deck1_id,m1_0.deck2_id,m1_0.ended_at,m1_0.event_id,m1_0.player1_id,m1_0.player2_id,m1_0.status,m1_0.win_condition,m1_0.winner_id from matches m1_0 where m1_0.id=?
Hibernate: select p1_0.id,p1_0.avatar,p1_0.banned,p1_0.banned_at,p1_0.created,p1_0.degree_level,p1_0.display_name,p1_0.email,p1_0.experience,p1_0.last_login,p1_0.level,p1_0.password_hash,p1_0.role,p1_0.specialization,p1_0.student_id from players p1_0 where p1_0.id=?
Hibernate: select p1_0.id,p1_0.avatar,p1_0.banned,p1_0.banned_at,p1_0.created,p1_0.degree_level,p1_0.display_name,p1_0.email,p1_0.experience,p1_0.last_login,p1_0.level,p1_0.password_hash,p1_0.role,p1_0.specialization,p1_0.student_id from players p1_0 where p1_0.email=?
Hibernate: select m1_0.id,m1_0.battle_code,m1_0.created_at,m1_0.deck1_id,m1_0.deck2_id,m1_0.ended_at,m1_0.event_id,m1_0.player1_id,m1_0.player2_id,m1_0.status,m1_0.win_condition,m1_0.winner_id from matches m1_0 where m1_0.id=?
Hibernate: select p1_0.id,p1_0.avatar,p1_0.banned,p1_0.banned_at,p1_0.created,p1_0.degree_level,p1_0.display_name,p1_0.email,p1_0.experience,p1_0.last_login,p1_0.level,p1_0.password_hash,p1_0.role,p1_0.specialization,p1_0.student_id from players p1_0 where p1_0.id=?
Hibernate: select p1_0.id,p1_0.avatar,p1_0.banned,p1_0.banned_at,p1_0.created,p1_0.degree_level,p1_0.display_name,p1_0.email,p1_0.experience,p1_0.last_login,p1_0.level,p1_0.password_hash,p1_0.role,p1_0.specialization,p1_0.student_id from players p1_0 where p1_0.email=?
Hibernate: select m1_0.id,m1_0.battle_code,m1_0.created_at,m1_0.deck1_id,m1_0.deck2_id,m1_0.ended_at,m1_0.event_id,m1_0.player1_id,m1_0.player2_id,m1_0.status,m1_0.win_condition,m1_0.winner_id from matches m1_0 where m1_0.id=?
Hibernate: select p1_0.id,p1_0.avatar,p1_0.banned,p1_0.banned_at,p1_0.created,p1_0.degree_level,p1_0.display_name,p1_0.email,p1_0.experience,p1_0.last_login,p1_0.level,p1_0.password_hash,p1_0.role,p1_0.specialization,p1_0.student_id from players p1_0 where p1_0.id=?
Hibernate: select p1_0.id,p1_0.avatar,p1_0.banned,p1_0.banned_at,p1_0.created,p1_0.degree_level,p1_0.display_name,p1_0.email,p1_0.experience,p1_0.last_login,p1_0.level,p1_0.password_hash,p1_0.role,p1_0.specialization,p1_0.student_id from players p1_0 where p1_0.email=?
Hibernate: select m1_0.id,m1_0.battle_code,m1_0.created_at,m1_0.deck1_id,m1_0.deck2_id,m1_0.ended_at,m1_0.event_id,m1_0.player1_id,m1_0.player2_id,m1_0.status,m1_0.win_condition,m1_0.winner_id from matches m1_0 where m1_0.id=?
Hibernate: select p1_0.id,p1_0.avatar,p1_0.banned,p1_0.banned_at,p1_0.created,p1_0.degree_level,p1_0.display_name,p1_0.email,p1_0.experience,p1_0.last_login,p1_0.level,p1_0.password_hash,p1_0.role,p1_0.specialization,p1_0.student_id from players p1_0 where p1_0.id=?
Hibernate: select p1_0.id,p1_0.avatar,p1_0.banned,p1_0.banned_at,p1_0.created,p1_0.degree_level,p1_0.display_name,p1_0.email,p1_0.experience,p1_0.last_login,p1_0.level,p1_0.password_hash,p1_0.role,p1_0.specialization,p1_0.student_id from players p1_0 where p1_0.email=?
Hibernate: select m1_0.id,m1_0.battle_code,m1_0.created_at,m1_0.deck1_id,m1_0.deck2_id,m1_0.ended_at,m1_0.event_id,m1_0.player1_id,m1_0.player2_id,m1_0.status,m1_0.win_condition,m1_0.winner_id from matches m1_0 where m1_0.id=?
Hibernate: select p1_0.id,p1_0.avatar,p1_0.banned,p1_0.banned_at,p1_0.created,p1_0.degree_level,p1_0.display_name,p1_0.email,p1_0.experience,p1_0.last_login,p1_0.level,p1_0.password_hash,p1_0.role,p1_0.specialization,p1_0.student_id from players p1_0 where p1_0.id=?
Hibernate: select p1_0.id,p1_0.avatar,p1_0.banned,p1_0.banned_at,p1_0.created,p1_0.degree_level,p1_0.display_name,p1_0.email,p1_0.experience,p1_0.last_login,p1_0.level,p1_0.password_hash,p1_0.role,p1_0.specialization,p1_0.student_id from players p1_0 where p1_0.email=?
Hibernate: select m1_0.id,m1_0.battle_code,m1_0.created_at,m1_0.deck1_id,m1_0.deck2_id,m1_0.ended_at,m1_0.event_id,m1_0.player1_id,m1_0.player2_id,m1_0.status,m1_0.win_condition,m1_0.winner_id from matches m1_0 where m1_0.id=?
Hibernate: select p1_0.id,p1_0.avatar,p1_0.banned,p1_0.banned_at,p1_0.created,p1_0.degree_level,p1_0.display_name,p1_0.email,p1_0.experience,p1_0.last_login,p1_0.level,p1_0.password_hash,p1_0.role,p1_0.specialization,p1_0.student_id from players p1_0 where p1_0.id=?
Hibernate: select p1_0.id,p1_0.avatar,p1_0.banned,p1_0.banned_at,p1_0.created,p1_0.degree_level,p1_0.display_name,p1_0.email,p1_0.experience,p1_0.last_login,p1_0.level,p1_0.password_hash,p1_0.role,p1_0.specialization,p1_0.student_id from players p1_0 where p1_0.email=?
Hibernate: select m1_0.id,m1_0.battle_code,m1_0.created_at,m1_0.deck1_id,m1_0.deck2_id,m1_0.ended_at,m1_0.event_id,m1_0.player1_id,m1_0.player2_id,m1_0.status,m1_0.win_condition,m1_0.winner_id from matches m1_0 where m1_0.id=?
Hibernate: select p1_0.id,p1_0.avatar,p1_0.banned,p1_0.banned_at,p1_0.created,p1_0.degree_level,p1_0.display_name,p1_0.email,p1_0.experience,p1_0.last_login,p1_0.level,p1_0.password_hash,p1_0.role,p1_0.specialization,p1_0.student_id from players p1_0 where p1_0.id=?
Hibernate: select p1_0.id,p1_0.avatar,p1_0.banned,p1_0.banned_at,p1_0.created,p1_0.degree_level,p1_0.display_name,p1_0.email,p1_0.experience,p1_0.last_login,p1_0.level,p1_0.password_hash,p1_0.role,p1_0.specialization,p1_0.student_id from players p1_0 where p1_0.email=?
Hibernate: select m1_0.id,m1_0.battle_code,m1_0.created_at,m1_0.deck1_id,m1_0.deck2_id,m1_0.ended_at,m1_0.event_id,m1_0.player1_id,m1_0.player2_id,m1_0.status,m1_0.win_condition,m1_0.winner_id from matches m1_0 where m1_0.id=?
Hibernate: select p1_0.id,p1_0.avatar,p1_0.banned,p1_0.banned_at,p1_0.created,p1_0.degree_level,p1_0.display_name,p1_0.email,p1_0.experience,p1_0.last_login,p1_0.level,p1_0.password_hash,p1_0.role,p1_0.specialization,p1_0.student_id from players p1_0 where p1_0.id=?
Hibernate: select p1_0.id,p1_0.avatar,p1_0.banned,p1_0.banned_at,p1_0.created,p1_0.degree_level,p1_0.display_name,p1_0.email,p1_0.experience,p1_0.last_login,p1_0.level,p1_0.password_hash,p1_0.role,p1_0.specialization,p1_0.student_id from players p1_0 where p1_0.email=?
Hibernate: select m1_0.id,m1_0.battle_code,m1_0.created_at,m1_0.deck1_id,m1_0.deck2_id,m1_0.ended_at,m1_0.event_id,m1_0.player1_id,m1_0.player2_id,m1_0.status,m1_0.win_condition,m1_0.winner_id from matches m1_0 where m1_0.id=?
Hibernate: select p1_0.id,p1_0.avatar,p1_0.banned,p1_0.banned_at,p1_0.created,p1_0.degree_level,p1_0.display_name,p1_0.email,p1_0.experience,p1_0.last_login,p1_0.level,p1_0.password_hash,p1_0.role,p1_0.specialization,p1_0.student_id from players p1_0 where p1_0.id=?
Hibernate: select p1_0.id,p1_0.avatar,p1_0.banned,p1_0.banned_at,p1_0.created,p1_0.degree_level,p1_0.display_name,p1_0.email,p1_0.experience,p1_0.last_login,p1_0.level,p1_0.password_hash,p1_0.role,p1_0.specialization,p1_0.student_id from players p1_0 where p1_0.email=?
Hibernate: select m1_0.id,m1_0.battle_code,m1_0.created_at,m1_0.deck1_id,m1_0.deck2_id,m1_0.ended_at,m1_0.event_id,m1_0.player1_id,m1_0.player2_id,m1_0.status,m1_0.win_condition,m1_0.winner_id from matches m1_0 where m1_0.id=?
Hibernate: select p1_0.id,p1_0.avatar,p1_0.banned,p1_0.banned_at,p1_0.created,p1_0.degree_level,p1_0.display_name,p1_0.email,p1_0.experience,p1_0.last_login,p1_0.level,p1_0.password_hash,p1_0.role,p1_0.specialization,p1_0.student_id from players p1_0 where p1_0.id=?
Hibernate: select p1_0.id,p1_0.avatar,p1_0.banned,p1_0.banned_at,p1_0.created,p1_0.degree_level,p1_0.display_name,p1_0.email,p1_0.experience,p1_0.last_login,p1_0.level,p1_0.password_hash,p1_0.role,p1_0.specialization,p1_0.student_id from players p1_0 where p1_0.email=?
Hibernate: select m1_0.id,m1_0.battle_code,m1_0.created_at,m1_0.deck1_id,m1_0.deck2_id,m1_0.ended_at,m1_0.event_id,m1_0.player1_id,m1_0.player2_id,m1_0.status,m1_0.win_condition,m1_0.winner_id from matches m1_0 where m1_0.id=?
Hibernate: select p1_0.id,p1_0.avatar,p1_0.banned,p1_0.banned_at,p1_0.created,p1_0.degree_level,p1_0.display_name,p1_0.email,p1_0.experience,p1_0.last_login,p1_0.level,p1_0.password_hash,p1_0.role,p1_0.specialization,p1_0.student_id from players p1_0 where p1_0.id=?
Hibernate: select p1_0.id,p1_0.avatar,p1_0.banned,p1_0.banned_at,p1_0.created,p1_0.degree_level,p1_0.display_name,p1_0.email,p1_0.experience,p1_0.last_login,p1_0.level,p1_0.password_hash,p1_0.role,p1_0.specialization,p1_0.student_id from players p1_0 where p1_0.email=?
Hibernate: select m1_0.id,m1_0.battle_code,m1_0.created_at,m1_0.deck1_id,m1_0.deck2_id,m1_0.ended_at,m1_0.event_id,m1_0.player1_id,m1_0.player2_id,m1_0.status,m1_0.win_condition,m1_0.winner_id from matches m1_0 where m1_0.id=?
Hibernate: select p1_0.id,p1_0.avatar,p1_0.banned,p1_0.banned_at,p1_0.created,p1_0.degree_level,p1_0.display_name,p1_0.email,p1_0.experience,p1_0.last_login,p1_0.level,p1_0.password_hash,p1_0.role,p1_0.specialization,p1_0.student_id from players p1_0 where p1_0.id=?
Hibernate: select p1_0.id,p1_0.avatar,p1_0.banned,p1_0.banned_at,p1_0.created,p1_0.degree_level,p1_0.display_name,p1_0.email,p1_0.experience,p1_0.last_login,p1_0.level,p1_0.password_hash,p1_0.role,p1_0.specialization,p1_0.student_id from players p1_0 where p1_0.email=?
Hibernate: select m1_0.id,m1_0.battle_code,m1_0.created_at,m1_0.deck1_id,m1_0.deck2_id,m1_0.ended_at,m1_0.event_id,m1_0.player1_id,m1_0.player2_id,m1_0.status,m1_0.win_condition,m1_0.winner_id from matches m1_0 where m1_0.id=?
Hibernate: select p1_0.id,p1_0.avatar,p1_0.banned,p1_0.banned_at,p1_0.created,p1_0.degree_level,p1_0.display_name,p1_0.email,p1_0.experience,p1_0.last_login,p1_0.level,p1_0.password_hash,p1_0.role,p1_0.specialization,p1_0.student_id from players p1_0 where p1_0.id=?
Hibernate: select p1_0.id,p1_0.avatar,p1_0.banned,p1_0.banned_at,p1_0.created,p1_0.degree_level,p1_0.display_name,p1_0.email,p1_0.experience,p1_0.last_login,p1_0.level,p1_0.password_hash,p1_0.role,p1_0.specialization,p1_0.student_id from players p1_0 where p1_0.email=?
Hibernate: select m1_0.id,m1_0.battle_code,m1_0.created_at,m1_0.deck1_id,m1_0.deck2_id,m1_0.ended_at,m1_0.event_id,m1_0.player1_id,m1_0.player2_id,m1_0.status,m1_0.win_condition,m1_0.winner_id from matches m1_0 where m1_0.id=?
Hibernate: select p1_0.id,p1_0.avatar,p1_0.banned,p1_0.banned_at,p1_0.created,p1_0.degree_level,p1_0.display_name,p1_0.email,p1_0.experience,p1_0.last_login,p1_0.level,p1_0.password_hash,p1_0.role,p1_0.specialization,p1_0.student_id from players p1_0 where p1_0.id=?
Hibernate: select p1_0.id,p1_0.avatar,p1_0.banned,p1_0.banned_at,p1_0.created,p1_0.degree_level,p1_0.display_name,p1_0.email,p1_0.experience,p1_0.last_login,p1_0.level,p1_0.password_hash,p1_0.role,p1_0.specialization,p1_0.student_id from players p1_0 where p1_0.email=?
Hibernate: select m1_0.id,m1_0.battle_code,m1_0.created_at,m1_0.deck1_id,m1_0.deck2_id,m1_0.ended_at,m1_0.event_id,m1_0.player1_id,m1_0.player2_id,m1_0.status,m1_0.win_condition,m1_0.winner_id from matches m1_0 where m1_0.id=?
Hibernate: select p1_0.id,p1_0.avatar,p1_0.banned,p1_0.banned_at,p1_0.created,p1_0.degree_level,p1_0.display_name,p1_0.email,p1_0.experience,p1_0.last_login,p1_0.level,p1_0.password_hash,p1_0.role,p1_0.specialization,p1_0.student_id from players p1_0 where p1_0.id=?
Hibernate: select p1_0.id,p1_0.avatar,p1_0.banned,p1_0.banned_at,p1_0.created,p1_0.degree_level,p1_0.display_name,p1_0.email,p1_0.experience,p1_0.last_login,p1_0.level,p1_0.password_hash,p1_0.role,p1_0.specialization,p1_0.student_id from players p1_0 where p1_0.email=?
Hibernate: select m1_0.id,m1_0.battle_code,m1_0.created_at,m1_0.deck1_id,m1_0.deck2_id,m1_0.ended_at,m1_0.event_id,m1_0.player1_id,m1_0.player2_id,m1_0.status,m1_0.win_condition,m1_0.winner_id from matches m1_0 where m1_0.id=?
Hibernate: select p1_0.id,p1_0.avatar,p1_0.banned,p1_0.banned_at,p1_0.created,p1_0.degree_level,p1_0.display_name,p1_0.email,p1_0.experience,p1_0.last_login,p1_0.level,p1_0.password_hash,p1_0.role,p1_0.specialization,p1_0.student_id from players p1_0 where p1_0.id=?
Hibernate: select p1_0.id,p1_0.avatar,p1_0.banned,p1_0.banned_at,p1_0.created,p1_0.degree_level,p1_0.display_name,p1_0.email,p1_0.experience,p1_0.last_login,p1_0.level,p1_0.password_hash,p1_0.role,p1_0.specialization,p1_0.student_id from players p1_0 where p1_0.email=?
Hibernate: select m1_0.id,m1_0.battle_code,m1_0.created_at,m1_0.deck1_id,m1_0.deck2_id,m1_0.ended_at,m1_0.event_id,m1_0.player1_id,m1_0.player2_id,m1_0.status,m1_0.win_condition,m1_0.winner_id from matches m1_0 where m1_0.id=?
Hibernate: select p1_0.id,p1_0.avatar,p1_0.banned,p1_0.banned_at,p1_0.created,p1_0.degree_level,p1_0.display_name,p1_0.email,p1_0.experience,p1_0.last_login,p1_0.level,p1_0.password_hash,p1_0.role,p1_0.specialization,p1_0.student_id from players p1_0 where p1_0.id=?
Hibernate: select p1_0.id,p1_0.avatar,p1_0.banned,p1_0.banned_at,p1_0.created,p1_0.degree_level,p1_0.display_name,p1_0.email,p1_0.experience,p1_0.last_login,p1_0.level,p1_0.password_hash,p1_0.role,p1_0.specialization,p1_0.student_id from players p1_0 where p1_0.email=?
Hibernate: select m1_0.id,m1_0.battle_code,m1_0.created_at,m1_0.deck1_id,m1_0.deck2_id,m1_0.ended_at,m1_0.event_id,m1_0.player1_id,m1_0.player2_id,m1_0.status,m1_0.win_condition,m1_0.winner_id from matches m1_0 where m1_0.id=?
Hibernate: select p1_0.id,p1_0.avatar,p1_0.banned,p1_0.banned_at,p1_0.created,p1_0.degree_level,p1_0.display_name,p1_0.email,p1_0.experience,p1_0.last_login,p1_0.level,p1_0.password_hash,p1_0.role,p1_0.specialization,p1_0.student_id from players p1_0 where p1_0.id=?
Hibernate: select p1_0.id,p1_0.avatar,p1_0.banned,p1_0.banned_at,p1_0.created,p1_0.degree_level,p1_0.display_name,p1_0.email,p1_0.experience,p1_0.last_login,p1_0.level,p1_0.password_hash,p1_0.role,p1_0.specialization,p1_0.student_id from players p1_0 where p1_0.email=?
Hibernate: select m1_0.id,m1_0.battle_code,m1_0.created_at,m1_0.deck1_id,m1_0.deck2_id,m1_0.ended_at,m1_0.event_id,m1_0.player1_id,m1_0.player2_id,m1_0.status,m1_0.win_condition,m1_0.winner_id from matches m1_0 where m1_0.id=?
Hibernate: select p1_0.id,p1_0.avatar,p1_0.banned,p1_0.banned_at,p1_0.created,p1_0.degree_level,p1_0.display_name,p1_0.email,p1_0.experience,p1_0.last_login,p1_0.level,p1_0.password_hash,p1_0.role,p1_0.specialization,p1_0.student_id from players p1_0 where p1_0.id=?
Hibernate: select p1_0.id,p1_0.avatar,p1_0.banned,p1_0.banned_at,p1_0.created,p1_0.degree_level,p1_0.display_name,p1_0.email,p1_0.experience,p1_0.last_login,p1_0.level,p1_0.password_hash,p1_0.role,p1_0.specialization,p1_0.student_id from players p1_0 where p1_0.email=?
Hibernate: select m1_0.id,m1_0.battle_code,m1_0.created_at,m1_0.deck1_id,m1_0.deck2_id,m1_0.ended_at,m1_0.event_id,m1_0.player1_id,m1_0.player2_id,m1_0.status,m1_0.win_condition,m1_0.winner_id from matches m1_0 where m1_0.id=?
Hibernate: select p1_0.id,p1_0.avatar,p1_0.banned,p1_0.banned_at,p1_0.created,p1_0.degree_level,p1_0.display_name,p1_0.email,p1_0.experience,p1_0.last_login,p1_0.level,p1_0.password_hash,p1_0.role,p1_0.specialization,p1_0.student_id from players p1_0 where p1_0.id=?
Hibernate: select p1_0.id,p1_0.avatar,p1_0.banned,p1_0.banned_at,p1_0.created,p1_0.degree_level,p1_0.display_name,p1_0.email,p1_0.experience,p1_0.last_login,p1_0.level,p1_0.password_hash,p1_0.role,p1_0.specialization,p1_0.student_id from players p1_0 where p1_0.email=?
Hibernate: select m1_0.id,m1_0.battle_code,m1_0.created_at,m1_0.deck1_id,m1_0.deck2_id,m1_0.ended_at,m1_0.event_id,m1_0.player1_id,m1_0.player2_id,m1_0.status,m1_0.win_condition,m1_0.winner_id from matches m1_0 where m1_0.id=?
Hibernate: select p1_0.id,p1_0.avatar,p1_0.banned,p1_0.banned_at,p1_0.created,p1_0.degree_level,p1_0.display_name,p1_0.email,p1_0.experience,p1_0.last_login,p1_0.level,p1_0.password_hash,p1_0.role,p1_0.specialization,p1_0.student_id from players p1_0 where p1_0.id=?
Hibernate: select p1_0.id,p1_0.avatar,p1_0.banned,p1_0.banned_at,p1_0.created,p1_0.degree_level,p1_0.display_name,p1_0.email,p1_0.experience,p1_0.last_login,p1_0.level,p1_0.password_hash,p1_0.role,p1_0.specialization,p1_0.student_id from players p1_0 where p1_0.email=?
Hibernate: select m1_0.id,m1_0.battle_code,m1_0.created_at,m1_0.deck1_id,m1_0.deck2_id,m1_0.ended_at,m1_0.event_id,m1_0.player1_id,m1_0.player2_id,m1_0.status,m1_0.win_condition,m1_0.winner_id from matches m1_0 where m1_0.id=?
Hibernate: select p1_0.id,p1_0.avatar,p1_0.banned,p1_0.banned_at,p1_0.created,p1_0.degree_level,p1_0.display_name,p1_0.email,p1_0.experience,p1_0.last_login,p1_0.level,p1_0.password_hash,p1_0.role,p1_0.specialization,p1_0.student_id from players p1_0 where p1_0.id=?
Hibernate: select p1_0.id,p1_0.avatar,p1_0.banned,p1_0.banned_at,p1_0.created,p1_0.degree_level,p1_0.display_name,p1_0.email,p1_0.experience,p1_0.last_login,p1_0.level,p1_0.password_hash,p1_0.role,p1_0.specialization,p1_0.student_id from players p1_0 where p1_0.email=?
Hibernate: select m1_0.id,m1_0.battle_code,m1_0.created_at,m1_0.deck1_id,m1_0.deck2_id,m1_0.ended_at,m1_0.event_id,m1_0.player1_id,m1_0.player2_id,m1_0.status,m1_0.win_condition,m1_0.winner_id from matches m1_0 where m1_0.id=?
Hibernate: select p1_0.id,p1_0.avatar,p1_0.banned,p1_0.banned_at,p1_0.created,p1_0.degree_level,p1_0.display_name,p1_0.email,p1_0.experience,p1_0.last_login,p1_0.level,p1_0.password_hash,p1_0.role,p1_0.specialization,p1_0.student_id from players p1_0 where p1_0.id=?
Hibernate: select p1_0.id,p1_0.avatar,p1_0.banned,p1_0.banned_at,p1_0.created,p1_0.degree_level,p1_0.display_name,p1_0.email,p1_0.experience,p1_0.last_login,p1_0.level,p1_0.password_hash,p1_0.role,p1_0.specialization,p1_0.student_id from players p1_0 where p1_0.email=?
Hibernate: select m1_0.id,m1_0.battle_code,m1_0.created_at,m1_0.deck1_id,m1_0.deck2_id,m1_0.ended_at,m1_0.event_id,m1_0.player1_id,m1_0.player2_id,m1_0.status,m1_0.win_condition,m1_0.winner_id from matches m1_0 where m1_0.id=?
Hibernate: select p1_0.id,p1_0.avatar,p1_0.banned,p1_0.banned_at,p1_0.created,p1_0.degree_level,p1_0.display_name,p1_0.email,p1_0.experience,p1_0.last_login,p1_0.level,p1_0.password_hash,p1_0.role,p1_0.specialization,p1_0.student_id from players p1_0 where p1_0.id=?
Hibernate: select p1_0.id,p1_0.avatar,p1_0.banned,p1_0.banned_at,p1_0.created,p1_0.degree_level,p1_0.display_name,p1_0.email,p1_0.experience,p1_0.last_login,p1_0.level,p1_0.password_hash,p1_0.role,p1_0.specialization,p1_0.student_id from players p1_0 where p1_0.email=?
Hibernate: select m1_0.id,m1_0.battle_code,m1_0.created_at,m1_0.deck1_id,m1_0.deck2_id,m1_0.ended_at,m1_0.event_id,m1_0.player1_id,m1_0.player2_id,m1_0.status,m1_0.win_condition,m1_0.winner_id from matches m1_0 where m1_0.id=?
Hibernate: select p1_0.id,p1_0.avatar,p1_0.banned,p1_0.banned_at,p1_0.created,p1_0.degree_level,p1_0.display_name,p1_0.email,p1_0.experience,p1_0.last_login,p1_0.level,p1_0.password_hash,p1_0.role,p1_0.specialization,p1_0.student_id from players p1_0 where p1_0.id=?
Hibernate: select p1_0.id,p1_0.avatar,p1_0.banned,p1_0.banned_at,p1_0.created,p1_0.degree_level,p1_0.display_name,p1_0.email,p1_0.experience,p1_0.last_login,p1_0.level,p1_0.password_hash,p1_0.role,p1_0.specialization,p1_0.student_id from players p1_0 where p1_0.email=?
Hibernate: select m1_0.id,m1_0.battle_code,m1_0.created_at,m1_0.deck1_id,m1_0.deck2_id,m1_0.ended_at,m1_0.event_id,m1_0.player1_id,m1_0.player2_id,m1_0.status,m1_0.win_condition,m1_0.winner_id from matches m1_0 where m1_0.id=?
Hibernate: select p1_0.id,p1_0.avatar,p1_0.banned,p1_0.banned_at,p1_0.created,p1_0.degree_level,p1_0.display_name,p1_0.email,p1_0.experience,p1_0.last_login,p1_0.level,p1_0.password_hash,p1_0.role,p1_0.specialization,p1_0.student_id from players p1_0 where p1_0.id=?
Hibernate: select p1_0.id,p1_0.avatar,p1_0.banned,p1_0.banned_at,p1_0.created,p1_0.degree_level,p1_0.display_name,p1_0.email,p1_0.experience,p1_0.last_login,p1_0.level,p1_0.password_hash,p1_0.role,p1_0.specialization,p1_0.student_id from players p1_0 where p1_0.email=?
Hibernate: select m1_0.id,m1_0.battle_code,m1_0.created_at,m1_0.deck1_id,m1_0.deck2_id,m1_0.ended_at,m1_0.event_id,m1_0.player1_id,m1_0.player2_id,m1_0.status,m1_0.win_condition,m1_0.winner_id from matches m1_0 where m1_0.id=?
Hibernate: select p1_0.id,p1_0.avatar,p1_0.banned,p1_0.banned_at,p1_0.created,p1_0.degree_level,p1_0.display_name,p1_0.email,p1_0.experience,p1_0.last_login,p1_0.level,p1_0.password_hash,p1_0.role,p1_0.specialization,p1_0.student_id from players p1_0 where p1_0.id=?
Hibernate: select p1_0.id,p1_0.avatar,p1_0.banned,p1_0.banned_at,p1_0.created,p1_0.degree_level,p1_0.display_name,p1_0.email,p1_0.experience,p1_0.last_login,p1_0.level,p1_0.password_hash,p1_0.role,p1_0.specialization,p1_0.student_id from players p1_0 where p1_0.email=?
Hibernate: select m1_0.id,m1_0.battle_code,m1_0.created_at,m1_0.deck1_id,m1_0.deck2_id,m1_0.ended_at,m1_0.event_id,m1_0.player1_id,m1_0.player2_id,m1_0.status,m1_0.win_condition,m1_0.winner_id from matches m1_0 where m1_0.id=?
Hibernate: select p1_0.id,p1_0.avatar,p1_0.banned,p1_0.banned_at,p1_0.created,p1_0.degree_level,p1_0.display_name,p1_0.email,p1_0.experience,p1_0.last_login,p1_0.level,p1_0.password_hash,p1_0.role,p1_0.specialization,p1_0.student_id from players p1_0 where p1_0.id=?
Hibernate: select p1_0.id,p1_0.avatar,p1_0.banned,p1_0.banned_at,p1_0.created,p1_0.degree_level,p1_0.display_name,p1_0.email,p1_0.experience,p1_0.last_login,p1_0.level,p1_0.password_hash,p1_0.role,p1_0.specialization,p1_0.student_id from players p1_0 where p1_0.email=?
Hibernate: select m1_0.id,m1_0.battle_code,m1_0.created_at,m1_0.deck1_id,m1_0.deck2_id,m1_0.ended_at,m1_0.event_id,m1_0.player1_id,m1_0.player2_id,m1_0.status,m1_0.win_condition,m1_0.winner_id from matches m1_0 where m1_0.id=?
Hibernate: select p1_0.id,p1_0.avatar,p1_0.banned,p1_0.banned_at,p1_0.created,p1_0.degree_level,p1_0.display_name,p1_0.email,p1_0.experience,p1_0.last_login,p1_0.level,p1_0.password_hash,p1_0.role,p1_0.specialization,p1_0.student_id from players p1_0 where p1_0.id=?
Hibernate: select p1_0.id,p1_0.avatar,p1_0.banned,p1_0.banned_at,p1_0.created,p1_0.degree_level,p1_0.display_name,p1_0.email,p1_0.experience,p1_0.last_login,p1_0.level,p1_0.password_hash,p1_0.role,p1_0.specialization,p1_0.student_id from players p1_0 where p1_0.email=?
Hibernate: select m1_0.id,m1_0.battle_code,m1_0.created_at,m1_0.deck1_id,m1_0.deck2_id,m1_0.ended_at,m1_0.event_id,m1_0.player1_id,m1_0.player2_id,m1_0.status,m1_0.win_condition,m1_0.winner_id from matches m1_0 where m1_0.id=?
Hibernate: select p1_0.id,p1_0.avatar,p1_0.banned,p1_0.banned_at,p1_0.created,p1_0.degree_level,p1_0.display_name,p1_0.email,p1_0.experience,p1_0.last_login,p1_0.level,p1_0.password_hash,p1_0.role,p1_0.specialization,p1_0.student_id from players p1_0 where p1_0.id=?
Hibernate: select p1_0.id,p1_0.avatar,p1_0.banned,p1_0.banned_at,p1_0.created,p1_0.degree_level,p1_0.display_name,p1_0.email,p1_0.experience,p1_0.last_login,p1_0.level,p1_0.password_hash,p1_0.role,p1_0.specialization,p1_0.student_id from players p1_0 where p1_0.email=?
Hibernate: select m1_0.id,m1_0.battle_code,m1_0.created_at,m1_0.deck1_id,m1_0.deck2_id,m1_0.ended_at,m1_0.event_id,m1_0.player1_id,m1_0.player2_id,m1_0.status,m1_0.win_condition,m1_0.winner_id from matches m1_0 where m1_0.id=?
Hibernate: select p1_0.id,p1_0.avatar,p1_0.banned,p1_0.banned_at,p1_0.created,p1_0.degree_level,p1_0.display_name,p1_0.email,p1_0.experience,p1_0.last_login,p1_0.level,p1_0.password_hash,p1_0.role,p1_0.specialization,p1_0.student_id from players p1_0 where p1_0.id=?
Hibernate: select p1_0.id,p1_0.avatar,p1_0.banned,p1_0.banned_at,p1_0.created,p1_0.degree_level,p1_0.display_name,p1_0.email,p1_0.experience,p1_0.last_login,p1_0.level,p1_0.password_hash,p1_0.role,p1_0.specialization,p1_0.student_id from players p1_0 where p1_0.email=?
Hibernate: select m1_0.id,m1_0.battle_code,m1_0.created_at,m1_0.deck1_id,m1_0.deck2_id,m1_0.ended_at,m1_0.event_id,m1_0.player1_id,m1_0.player2_id,m1_0.status,m1_0.win_condition,m1_0.winner_id from matches m1_0 where m1_0.id=?
Hibernate: select p1_0.id,p1_0.avatar,p1_0.banned,p1_0.banned_at,p1_0.created,p1_0.degree_level,p1_0.display_name,p1_0.email,p1_0.experience,p1_0.last_login,p1_0.level,p1_0.password_hash,p1_0.role,p1_0.specialization,p1_0.student_id from players p1_0 where p1_0.id=?
Hibernate: select p1_0.id,p1_0.avatar,p1_0.banned,p1_0.banned_at,p1_0.created,p1_0.degree_level,p1_0.display_name,p1_0.email,p1_0.experience,p1_0.last_login,p1_0.level,p1_0.password_hash,p1_0.role,p1_0.specialization,p1_0.student_id from players p1_0 where p1_0.email=?
Hibernate: select m1_0.id,m1_0.battle_code,m1_0.created_at,m1_0.deck1_id,m1_0.deck2_id,m1_0.ended_at,m1_0.event_id,m1_0.player1_id,m1_0.player2_id,m1_0.status,m1_0.win_condition,m1_0.winner_id from matches m1_0 where m1_0.id=?
Hibernate: select p1_0.id,p1_0.avatar,p1_0.banned,p1_0.banned_at,p1_0.created,p1_0.degree_level,p1_0.display_name,p1_0.email,p1_0.experience,p1_0.last_login,p1_0.level,p1_0.password_hash,p1_0.role,p1_0.specialization,p1_0.student_id from players p1_0 where p1_0.id=?
Hibernate: select p1_0.id,p1_0.avatar,p1_0.banned,p1_0.banned_at,p1_0.created,p1_0.degree_level,p1_0.display_name,p1_0.email,p1_0.experience,p1_0.last_login,p1_0.level,p1_0.password_hash,p1_0.role,p1_0.specialization,p1_0.student_id from players p1_0 where p1_0.email=?
Hibernate: select m1_0.id,m1_0.battle_code,m1_0.created_at,m1_0.deck1_id,m1_0.deck2_id,m1_0.ended_at,m1_0.event_id,m1_0.player1_id,m1_0.player2_id,m1_0.status,m1_0.win_condition,m1_0.winner_id from matches m1_0 where m1_0.id=?
Hibernate: select p1_0.id,p1_0.avatar,p1_0.banned,p1_0.banned_at,p1_0.created,p1_0.degree_level,p1_0.display_name,p1_0.email,p1_0.experience,p1_0.last_login,p1_0.level,p1_0.password_hash,p1_0.role,p1_0.specialization,p1_0.student_id from players p1_0 where p1_0.id=?
Hibernate: select p1_0.id,p1_0.avatar,p1_0.banned,p1_0.banned_at,p1_0.created,p1_0.degree_level,p1_0.display_name,p1_0.email,p1_0.experience,p1_0.last_login,p1_0.level,p1_0.password_hash,p1_0.role,p1_0.specialization,p1_0.student_id from players p1_0 where p1_0.email=?
Hibernate: select m1_0.id,m1_0.battle_code,m1_0.created_at,m1_0.deck1_id,m1_0.deck2_id,m1_0.ended_at,m1_0.event_id,m1_0.player1_id,m1_0.player2_id,m1_0.status,m1_0.win_condition,m1_0.winner_id from matches m1_0 where m1_0.id=?
Hibernate: select p1_0.id,p1_0.avatar,p1_0.banned,p1_0.banned_at,p1_0.created,p1_0.degree_level,p1_0.display_name,p1_0.email,p1_0.experience,p1_0.last_login,p1_0.level,p1_0.password_hash,p1_0.role,p1_0.specialization,p1_0.student_id from players p1_0 where p1_0.id=?
Hibernate: select p1_0.id,p1_0.avatar,p1_0.banned,p1_0.banned_at,p1_0.created,p1_0.degree_level,p1_0.display_name,p1_0.email,p1_0.experience,p1_0.last_login,p1_0.level,p1_0.password_hash,p1_0.role,p1_0.specialization,p1_0.student_id from players p1_0 where p1_0.email=?
Hibernate: select m1_0.id,m1_0.battle_code,m1_0.created_at,m1_0.deck1_id,m1_0.deck2_id,m1_0.ended_at,m1_0.event_id,m1_0.player1_id,m1_0.player2_id,m1_0.status,m1_0.win_condition,m1_0.winner_id from matches m1_0 where m1_0.id=?
Hibernate: select p1_0.id,p1_0.avatar,p1_0.banned,p1_0.banned_at,p1_0.created,p1_0.degree_level,p1_0.display_name,p1_0.email,p1_0.experience,p1_0.last_login,p1_0.level,p1_0.password_hash,p1_0.role,p1_0.specialization,p1_0.student_id from players p1_0 where p1_0.id=?
Hibernate: select p1_0.id,p1_0.avatar,p1_0.banned,p1_0.banned_at,p1_0.created,p1_0.degree_level,p1_0.display_name,p1_0.email,p1_0.experience,p1_0.last_login,p1_0.level,p1_0.password_hash,p1_0.role,p1_0.specialization,p1_0.student_id from players p1_0 where p1_0.email=?
Hibernate: select m1_0.id,m1_0.battle_code,m1_0.created_at,m1_0.deck1_id,m1_0.deck2_id,m1_0.ended_at,m1_0.event_id,m1_0.player1_id,m1_0.player2_id,m1_0.status,m1_0.win_condition,m1_0.winner_id from matches m1_0 where m1_0.id=?
Hibernate: select p1_0.id,p1_0.avatar,p1_0.banned,p1_0.banned_at,p1_0.created,p1_0.degree_level,p1_0.display_name,p1_0.email,p1_0.experience,p1_0.last_login,p1_0.level,p1_0.password_hash,p1_0.role,p1_0.specialization,p1_0.student_id from players p1_0 where p1_0.id=?
Hibernate: select p1_0.id,p1_0.avatar,p1_0.banned,p1_0.banned_at,p1_0.created,p1_0.degree_level,p1_0.display_name,p1_0.email,p1_0.experience,p1_0.last_login,p1_0.level,p1_0.password_hash,p1_0.role,p1_0.specialization,p1_0.student_id from players p1_0 where p1_0.email=?
Hibernate: select m1_0.id,m1_0.battle_code,m1_0.created_at,m1_0.deck1_id,m1_0.deck2_id,m1_0.ended_at,m1_0.event_id,m1_0.player1_id,m1_0.player2_id,m1_0.status,m1_0.win_condition,m1_0.winner_id from matches m1_0 where m1_0.id=?
Hibernate: select p1_0.id,p1_0.avatar,p1_0.banned,p1_0.banned_at,p1_0.created,p1_0.degree_level,p1_0.display_name,p1_0.email,p1_0.experience,p1_0.last_login,p1_0.level,p1_0.password_hash,p1_0.role,p1_0.specialization,p1_0.student_id from players p1_0 where p1_0.id=?
Hibernate: select p1_0.id,p1_0.avatar,p1_0.banned,p1_0.banned_at,p1_0.created,p1_0.degree_level,p1_0.display_name,p1_0.email,p1_0.experience,p1_0.last_login,p1_0.level,p1_0.password_hash,p1_0.role,p1_0.specialization,p1_0.student_id from players p1_0 where p1_0.email=?
Hibernate: select m1_0.id,m1_0.battle_code,m1_0.created_at,m1_0.deck1_id,m1_0.deck2_id,m1_0.ended_at,m1_0.event_id,m1_0.player1_id,m1_0.player2_id,m1_0.status,m1_0.win_condition,m1_0.winner_id from matches m1_0 where m1_0.id=?
Hibernate: select p1_0.id,p1_0.avatar,p1_0.banned,p1_0.banned_at,p1_0.created,p1_0.degree_level,p1_0.display_name,p1_0.email,p1_0.experience,p1_0.last_login,p1_0.level,p1_0.password_hash,p1_0.role,p1_0.specialization,p1_0.student_id from players p1_0 where p1_0.id=?
Hibernate: select p1_0.id,p1_0.avatar,p1_0.banned,p1_0.banned_at,p1_0.created,p1_0.degree_level,p1_0.display_name,p1_0.email,p1_0.experience,p1_0.last_login,p1_0.level,p1_0.password_hash,p1_0.role,p1_0.specialization,p1_0.student_id from players p1_0 where p1_0.email=?
Hibernate: select m1_0.id,m1_0.battle_code,m1_0.created_at,m1_0.deck1_id,m1_0.deck2_id,m1_0.ended_at,m1_0.event_id,m1_0.player1_id,m1_0.player2_id,m1_0.status,m1_0.win_condition,m1_0.winner_id from matches m1_0 where m1_0.id=?
Hibernate: select p1_0.id,p1_0.avatar,p1_0.banned,p1_0.banned_at,p1_0.created,p1_0.degree_level,p1_0.display_name,p1_0.email,p1_0.experience,p1_0.last_login,p1_0.level,p1_0.password_hash,p1_0.role,p1_0.specialization,p1_0.student_id from players p1_0 where p1_0.id=?
Hibernate: select p1_0.id,p1_0.avatar,p1_0.banned,p1_0.banned_at,p1_0.created,p1_0.degree_level,p1_0.display_name,p1_0.email,p1_0.experience,p1_0.last_login,p1_0.level,p1_0.password_hash,p1_0.role,p1_0.specialization,p1_0.student_id from players p1_0 where p1_0.email=?
Hibernate: select m1_0.id,m1_0.battle_code,m1_0.created_at,m1_0.deck1_id,m1_0.deck2_id,m1_0.ended_at,m1_0.event_id,m1_0.player1_id,m1_0.player2_id,m1_0.status,m1_0.win_condition,m1_0.winner_id from matches m1_0 where m1_0.id=?
Hibernate: select p1_0.id,p1_0.avatar,p1_0.banned,p1_0.banned_at,p1_0.created,p1_0.degree_level,p1_0.display_name,p1_0.email,p1_0.experience,p1_0.last_login,p1_0.level,p1_0.password_hash,p1_0.role,p1_0.specialization,p1_0.student_id from players p1_0 where p1_0.id=?
Hibernate: select p1_0.id,p1_0.avatar,p1_0.banned,p1_0.banned_at,p1_0.created,p1_0.degree_level,p1_0.display_name,p1_0.email,p1_0.experience,p1_0.last_login,p1_0.level,p1_0.password_hash,p1_0.role,p1_0.specialization,p1_0.student_id from players p1_0 where p1_0.email=?
Hibernate: select m1_0.id,m1_0.battle_code,m1_0.created_at,m1_0.deck1_id,m1_0.deck2_id,m1_0.ended_at,m1_0.event_id,m1_0.player1_id,m1_0.player2_id,m1_0.status,m1_0.win_condition,m1_0.winner_id from matches m1_0 where m1_0.id=?
Hibernate: select p1_0.id,p1_0.avatar,p1_0.banned,p1_0.banned_at,p1_0.created,p1_0.degree_level,p1_0.display_name,p1_0.email,p1_0.experience,p1_0.last_login,p1_0.level,p1_0.password_hash,p1_0.role,p1_0.specialization,p1_0.student_id from players p1_0 where p1_0.id=?
Hibernate: select p1_0.id,p1_0.avatar,p1_0.banned,p1_0.banned_at,p1_0.created,p1_0.degree_level,p1_0.display_name,p1_0.email,p1_0.experience,p1_0.last_login,p1_0.level,p1_0.password_hash,p1_0.role,p1_0.specialization,p1_0.student_id from players p1_0 where p1_0.email=?
Hibernate: select m1_0.id,m1_0.battle_code,m1_0.created_at,m1_0.deck1_id,m1_0.deck2_id,m1_0.ended_at,m1_0.event_id,m1_0.player1_id,m1_0.player2_id,m1_0.status,m1_0.win_condition,m1_0.winner_id from matches m1_0 where m1_0.id=?
Hibernate: select p1_0.id,p1_0.avatar,p1_0.banned,p1_0.banned_at,p1_0.created,p1_0.degree_level,p1_0.display_name,p1_0.email,p1_0.experience,p1_0.last_login,p1_0.level,p1_0.password_hash,p1_0.role,p1_0.specialization,p1_0.student_id from players p1_0 where p1_0.id=?
Hibernate: select p1_0.id,p1_0.avatar,p1_0.banned,p1_0.banned_at,p1_0.created,p1_0.degree_level,p1_0.display_name,p1_0.email,p1_0.experience,p1_0.last_login,p1_0.level,p1_0.password_hash,p1_0.role,p1_0.specialization,p1_0.student_id from players p1_0 where p1_0.email=?
Hibernate: select m1_0.id,m1_0.battle_code,m1_0.created_at,m1_0.deck1_id,m1_0.deck2_id,m1_0.ended_at,m1_0.event_id,m1_0.player1_id,m1_0.player2_id,m1_0.status,m1_0.win_condition,m1_0.winner_id from matches m1_0 where m1_0.id=?
Hibernate: select p1_0.id,p1_0.avatar,p1_0.banned,p1_0.banned_at,p1_0.created,p1_0.degree_level,p1_0.display_name,p1_0.email,p1_0.experience,p1_0.last_login,p1_0.level,p1_0.password_hash,p1_0.role,p1_0.specialization,p1_0.student_id from players p1_0 where p1_0.id=?
Hibernate: select p1_0.id,p1_0.avatar,p1_0.banned,p1_0.banned_at,p1_0.created,p1_0.degree_level,p1_0.display_name,p1_0.email,p1_0.experience,p1_0.last_login,p1_0.level,p1_0.password_hash,p1_0.role,p1_0.specialization,p1_0.student_id from players p1_0 where p1_0.email=?
Hibernate: select m1_0.id,m1_0.battle_code,m1_0.created_at,m1_0.deck1_id,m1_0.deck2_id,m1_0.ended_at,m1_0.event_id,m1_0.player1_id,m1_0.player2_id,m1_0.status,m1_0.win_condition,m1_0.winner_id from matches m1_0 where m1_0.id=?
Hibernate: select p1_0.id,p1_0.avatar,p1_0.banned,p1_0.banned_at,p1_0.created,p1_0.degree_level,p1_0.display_name,p1_0.email,p1_0.experience,p1_0.last_login,p1_0.level,p1_0.password_hash,p1_0.role,p1_0.specialization,p1_0.student_id from players p1_0 where p1_0.id=?
Hibernate: select p1_0.id,p1_0.avatar,p1_0.banned,p1_0.banned_at,p1_0.created,p1_0.degree_level,p1_0.display_name,p1_0.email,p1_0.experience,p1_0.last_login,p1_0.level,p1_0.password_hash,p1_0.role,p1_0.specialization,p1_0.student_id from players p1_0 where p1_0.email=?
Hibernate: select m1_0.id,m1_0.battle_code,m1_0.created_at,m1_0.deck1_id,m1_0.deck2_id,m1_0.ended_at,m1_0.event_id,m1_0.player1_id,m1_0.player2_id,m1_0.status,m1_0.win_condition,m1_0.winner_id from matches m1_0 where m1_0.id=?
Hibernate: select p1_0.id,p1_0.avatar,p1_0.banned,p1_0.banned_at,p1_0.created,p1_0.degree_level,p1_0.display_name,p1_0.email,p1_0.experience,p1_0.last_login,p1_0.level,p1_0.password_hash,p1_0.role,p1_0.specialization,p1_0.student_id from players p1_0 where p1_0.id=?
Hibernate: select p1_0.id,p1_0.avatar,p1_0.banned,p1_0.banned_at,p1_0.created,p1_0.degree_level,p1_0.display_name,p1_0.email,p1_0.experience,p1_0.last_login,p1_0.level,p1_0.password_hash,p1_0.role,p1_0.specialization,p1_0.student_id from players p1_0 where p1_0.email=?
Hibernate: select m1_0.id,m1_0.battle_code,m1_0.created_at,m1_0.deck1_id,m1_0.deck2_id,m1_0.ended_at,m1_0.event_id,m1_0.player1_id,m1_0.player2_id,m1_0.status,m1_0.win_condition,m1_0.winner_id from matches m1_0 where m1_0.id=?
Hibernate: select p1_0.id,p1_0.avatar,p1_0.banned,p1_0.banned_at,p1_0.created,p1_0.degree_level,p1_0.display_name,p1_0.email,p1_0.experience,p1_0.last_login,p1_0.level,p1_0.password_hash,p1_0.role,p1_0.specialization,p1_0.student_id from players p1_0 where p1_0.id=?
Hibernate: select p1_0.id,p1_0.avatar,p1_0.banned,p1_0.banned_at,p1_0.created,p1_0.degree_level,p1_0.display_name,p1_0.email,p1_0.experience,p1_0.last_login,p1_0.level,p1_0.password_hash,p1_0.role,p1_0.specialization,p1_0.student_id from players p1_0 where p1_0.email=?
Hibernate: select m1_0.id,m1_0.battle_code,m1_0.created_at,m1_0.deck1_id,m1_0.deck2_id,m1_0.ended_at,m1_0.event_id,m1_0.player1_id,m1_0.player2_id,m1_0.status,m1_0.win_condition,m1_0.winner_id from matches m1_0 where m1_0.id=?
Hibernate: select p1_0.id,p1_0.avatar,p1_0.banned,p1_0.banned_at,p1_0.created,p1_0.degree_level,p1_0.display_name,p1_0.email,p1_0.experience,p1_0.last_login,p1_0.level,p1_0.password_hash,p1_0.role,p1_0.specialization,p1_0.student_id from players p1_0 where p1_0.id=?
Hibernate: select p1_0.id,p1_0.avatar,p1_0.banned,p1_0.banned_at,p1_0.created,p1_0.degree_level,p1_0.display_name,p1_0.email,p1_0.experience,p1_0.last_login,p1_0.level,p1_0.password_hash,p1_0.role,p1_0.specialization,p1_0.student_id from players p1_0 where p1_0.email=?
Hibernate: select m1_0.id,m1_0.battle_code,m1_0.created_at,m1_0.deck1_id,m1_0.deck2_id,m1_0.ended_at,m1_0.event_id,m1_0.player1_id,m1_0.player2_id,m1_0.status,m1_0.win_condition,m1_0.winner_id from matches m1_0 where m1_0.id=?
Hibernate: select p1_0.id,p1_0.avatar,p1_0.banned,p1_0.banned_at,p1_0.created,p1_0.degree_level,p1_0.display_name,p1_0.email,p1_0.experience,p1_0.last_login,p1_0.level,p1_0.password_hash,p1_0.role,p1_0.specialization,p1_0.student_id from players p1_0 where p1_0.id=?
Hibernate: select p1_0.id,p1_0.avatar,p1_0.banned,p1_0.banned_at,p1_0.created,p1_0.degree_level,p1_0.display_name,p1_0.email,p1_0.experience,p1_0.last_login,p1_0.level,p1_0.password_hash,p1_0.role,p1_0.specialization,p1_0.student_id from players p1_0 where p1_0.email=?
Hibernate: select m1_0.id,m1_0.battle_code,m1_0.created_at,m1_0.deck1_id,m1_0.deck2_id,m1_0.ended_at,m1_0.event_id,m1_0.player1_id,m1_0.player2_id,m1_0.status,m1_0.win_condition,m1_0.winner_id from matches m1_0 where m1_0.id=?
Hibernate: select p1_0.id,p1_0.avatar,p1_0.banned,p1_0.banned_at,p1_0.created,p1_0.degree_level,p1_0.display_name,p1_0.email,p1_0.experience,p1_0.last_login,p1_0.level,p1_0.password_hash,p1_0.role,p1_0.specialization,p1_0.student_id from players p1_0 where p1_0.id=?
Hibernate: select p1_0.id,p1_0.avatar,p1_0.banned,p1_0.banned_at,p1_0.created,p1_0.degree_level,p1_0.display_name,p1_0.email,p1_0.experience,p1_0.last_login,p1_0.level,p1_0.password_hash,p1_0.role,p1_0.specialization,p1_0.student_id from players p1_0 where p1_0.email=?
Hibernate: select m1_0.id,m1_0.battle_code,m1_0.created_at,m1_0.deck1_id,m1_0.deck2_id,m1_0.ended_at,m1_0.event_id,m1_0.player1_id,m1_0.player2_id,m1_0.status,m1_0.win_condition,m1_0.winner_id from matches m1_0 where m1_0.id=?
Hibernate: select p1_0.id,p1_0.avatar,p1_0.banned,p1_0.banned_at,p1_0.created,p1_0.degree_level,p1_0.display_name,p1_0.email,p1_0.experience,p1_0.last_login,p1_0.level,p1_0.password_hash,p1_0.role,p1_0.specialization,p1_0.student_id from players p1_0 where p1_0.id=?
Hibernate: select p1_0.id,p1_0.avatar,p1_0.banned,p1_0.banned_at,p1_0.created,p1_0.degree_level,p1_0.display_name,p1_0.email,p1_0.experience,p1_0.last_login,p1_0.level,p1_0.password_hash,p1_0.role,p1_0.specialization,p1_0.student_id from players p1_0 where p1_0.email=?
Hibernate: select m1_0.id,m1_0.battle_code,m1_0.created_at,m1_0.deck1_id,m1_0.deck2_id,m1_0.ended_at,m1_0.event_id,m1_0.player1_id,m1_0.player2_id,m1_0.status,m1_0.win_condition,m1_0.winner_id from matches m1_0 where m1_0.id=?
Hibernate: select p1_0.id,p1_0.avatar,p1_0.banned,p1_0.banned_at,p1_0.created,p1_0.degree_level,p1_0.display_name,p1_0.email,p1_0.experience,p1_0.last_login,p1_0.level,p1_0.password_hash,p1_0.role,p1_0.specialization,p1_0.student_id from players p1_0 where p1_0.id=?
Hibernate: select p1_0.id,p1_0.avatar,p1_0.banned,p1_0.banned_at,p1_0.created,p1_0.degree_level,p1_0.display_name,p1_0.email,p1_0.experience,p1_0.last_login,p1_0.level,p1_0.password_hash,p1_0.role,p1_0.specialization,p1_0.student_id from players p1_0 where p1_0.email=?
Hibernate: select m1_0.id,m1_0.battle_code,m1_0.created_at,m1_0.deck1_id,m1_0.deck2_id,m1_0.ended_at,m1_0.event_id,m1_0.player1_id,m1_0.player2_id,m1_0.status,m1_0.win_condition,m1_0.winner_id from matches m1_0 where m1_0.id=?
Hibernate: select p1_0.id,p1_0.avatar,p1_0.banned,p1_0.banned_at,p1_0.created,p1_0.degree_level,p1_0.display_name,p1_0.email,p1_0.experience,p1_0.last_login,p1_0.level,p1_0.password_hash,p1_0.role,p1_0.specialization,p1_0.student_id from players p1_0 where p1_0.id=?
Hibernate: select p1_0.id,p1_0.avatar,p1_0.banned,p1_0.banned_at,p1_0.created,p1_0.degree_level,p1_0.display_name,p1_0.email,p1_0.experience,p1_0.last_login,p1_0.level,p1_0.password_hash,p1_0.role,p1_0.specialization,p1_0.student_id from players p1_0 where p1_0.email=?
Hibernate: select m1_0.id,m1_0.battle_code,m1_0.created_at,m1_0.deck1_id,m1_0.deck2_id,m1_0.ended_at,m1_0.event_id,m1_0.player1_id,m1_0.player2_id,m1_0.status,m1_0.win_condition,m1_0.winner_id from matches m1_0 where m1_0.id=?
Hibernate: select p1_0.id,p1_0.avatar,p1_0.banned,p1_0.banned_at,p1_0.created,p1_0.degree_level,p1_0.display_name,p1_0.email,p1_0.experience,p1_0.last_login,p1_0.level,p1_0.password_hash,p1_0.role,p1_0.specialization,p1_0.student_id from players p1_0 where p1_0.id=?
Hibernate: select p1_0.id,p1_0.avatar,p1_0.banned,p1_0.banned_at,p1_0.created,p1_0.degree_level,p1_0.display_name,p1_0.email,p1_0.experience,p1_0.last_login,p1_0.level,p1_0.password_hash,p1_0.role,p1_0.specialization,p1_0.student_id from players p1_0 where p1_0.email=?
Hibernate: select m1_0.id,m1_0.battle_code,m1_0.created_at,m1_0.deck1_id,m1_0.deck2_id,m1_0.ended_at,m1_0.event_id,m1_0.player1_id,m1_0.player2_id,m1_0.status,m1_0.win_condition,m1_0.winner_id from matches m1_0 where m1_0.id=?
Hibernate: select p1_0.id,p1_0.avatar,p1_0.banned,p1_0.banned_at,p1_0.created,p1_0.degree_level,p1_0.display_name,p1_0.email,p1_0.experience,p1_0.last_login,p1_0.level,p1_0.password_hash,p1_0.role,p1_0.specialization,p1_0.student_id from players p1_0 where p1_0.id=?
Hibernate: select p1_0.id,p1_0.avatar,p1_0.banned,p1_0.banned_at,p1_0.created,p1_0.degree_level,p1_0.display_name,p1_0.email,p1_0.experience,p1_0.last_login,p1_0.level,p1_0.password_hash,p1_0.role,p1_0.specialization,p1_0.student_id from players p1_0 where p1_0.email=?
Hibernate: select m1_0.id,m1_0.battle_code,m1_0.created_at,m1_0.deck1_id,m1_0.deck2_id,m1_0.ended_at,m1_0.event_id,m1_0.player1_id,m1_0.player2_id,m1_0.status,m1_0.win_condition,m1_0.winner_id from matches m1_0 where m1_0.id=?
Hibernate: select p1_0.id,p1_0.avatar,p1_0.banned,p1_0.banned_at,p1_0.created,p1_0.degree_level,p1_0.display_name,p1_0.email,p1_0.experience,p1_0.last_login,p1_0.level,p1_0.password_hash,p1_0.role,p1_0.specialization,p1_0.student_id from players p1_0 where p1_0.id=?
Hibernate: select p1_0.id,p1_0.avatar,p1_0.banned,p1_0.banned_at,p1_0.created,p1_0.degree_level,p1_0.display_name,p1_0.email,p1_0.experience,p1_0.last_login,p1_0.level,p1_0.password_hash,p1_0.role,p1_0.specialization,p1_0.student_id from players p1_0 where p1_0.email=?
Hibernate: select m1_0.id,m1_0.battle_code,m1_0.created_at,m1_0.deck1_id,m1_0.deck2_id,m1_0.ended_at,m1_0.event_id,m1_0.player1_id,m1_0.player2_id,m1_0.status,m1_0.win_condition,m1_0.winner_id from matches m1_0 where m1_0.id=?
Hibernate: select p1_0.id,p1_0.avatar,p1_0.banned,p1_0.banned_at,p1_0.created,p1_0.degree_level,p1_0.display_name,p1_0.email,p1_0.experience,p1_0.last_login,p1_0.level,p1_0.password_hash,p1_0.role,p1_0.specialization,p1_0.student_id from players p1_0 where p1_0.id=?
Hibernate: select p1_0.id,p1_0.avatar,p1_0.banned,p1_0.banned_at,p1_0.created,p1_0.degree_level,p1_0.display_name,p1_0.email,p1_0.experience,p1_0.last_login,p1_0.level,p1_0.password_hash,p1_0.role,p1_0.specialization,p1_0.student_id from players p1_0 where p1_0.email=?
Hibernate: select m1_0.id,m1_0.battle_code,m1_0.created_at,m1_0.deck1_id,m1_0.deck2_id,m1_0.ended_at,m1_0.event_id,m1_0.player1_id,m1_0.player2_id,m1_0.status,m1_0.win_condition,m1_0.winner_id from matches m1_0 where m1_0.id=?
Hibernate: select p1_0.id,p1_0.avatar,p1_0.banned,p1_0.banned_at,p1_0.created,p1_0.degree_level,p1_0.display_name,p1_0.email,p1_0.experience,p1_0.last_login,p1_0.level,p1_0.password_hash,p1_0.role,p1_0.specialization,p1_0.student_id from players p1_0 where p1_0.id=?
Hibernate: select p1_0.id,p1_0.avatar,p1_0.banned,p1_0.banned_at,p1_0.created,p1_0.degree_level,p1_0.display_name,p1_0.email,p1_0.experience,p1_0.last_login,p1_0.level,p1_0.password_hash,p1_0.role,p1_0.specialization,p1_0.student_id from players p1_0 where p1_0.email=?
Hibernate: select m1_0.id,m1_0.battle_code,m1_0.created_at,m1_0.deck1_id,m1_0.deck2_id,m1_0.ended_at,m1_0.event_id,m1_0.player1_id,m1_0.player2_id,m1_0.status,m1_0.win_condition,m1_0.winner_id from matches m1_0 where m1_0.id=?
Hibernate: select p1_0.id,p1_0.avatar,p1_0.banned,p1_0.banned_at,p1_0.created,p1_0.degree_level,p1_0.display_name,p1_0.email,p1_0.experience,p1_0.last_login,p1_0.level,p1_0.password_hash,p1_0.role,p1_0.specialization,p1_0.student_id from players p1_0 where p1_0.id=?
Hibernate: select p1_0.id,p1_0.avatar,p1_0.banned,p1_0.banned_at,p1_0.created,p1_0.degree_level,p1_0.display_name,p1_0.email,p1_0.experience,p1_0.last_login,p1_0.level,p1_0.password_hash,p1_0.role,p1_0.specialization,p1_0.student_id from players p1_0 where p1_0.email=?
Hibernate: select m1_0.id,m1_0.battle_code,m1_0.created_at,m1_0.deck1_id,m1_0.deck2_id,m1_0.ended_at,m1_0.event_id,m1_0.player1_id,m1_0.player2_id,m1_0.status,m1_0.win_condition,m1_0.winner_id from matches m1_0 where m1_0.id=?
Hibernate: select p1_0.id,p1_0.avatar,p1_0.banned,p1_0.banned_at,p1_0.created,p1_0.degree_level,p1_0.display_name,p1_0.email,p1_0.experience,p1_0.last_login,p1_0.level,p1_0.password_hash,p1_0.role,p1_0.specialization,p1_0.student_id from players p1_0 where p1_0.id=?
Hibernate: select p1_0.id,p1_0.avatar,p1_0.banned,p1_0.banned_at,p1_0.created,p1_0.degree_level,p1_0.display_name,p1_0.email,p1_0.experience,p1_0.last_login,p1_0.level,p1_0.password_hash,p1_0.role,p1_0.specialization,p1_0.student_id from players p1_0 where p1_0.email=?
Hibernate: select m1_0.id,m1_0.battle_code,m1_0.created_at,m1_0.deck1_id,m1_0.deck2_id,m1_0.ended_at,m1_0.event_id,m1_0.player1_id,m1_0.player2_id,m1_0.status,m1_0.win_condition,m1_0.winner_id from matches m1_0 where m1_0.id=?
Hibernate: select p1_0.id,p1_0.avatar,p1_0.banned,p1_0.banned_at,p1_0.created,p1_0.degree_level,p1_0.display_name,p1_0.email,p1_0.experience,p1_0.last_login,p1_0.level,p1_0.password_hash,p1_0.role,p1_0.specialization,p1_0.student_id from players p1_0 where p1_0.id=?
Hibernate: select p1_0.id,p1_0.avatar,p1_0.banned,p1_0.banned_at,p1_0.created,p1_0.degree_level,p1_0.display_name,p1_0.email,p1_0.experience,p1_0.last_login,p1_0.level,p1_0.password_hash,p1_0.role,p1_0.specialization,p1_0.student_id from players p1_0 where p1_0.email=?
Hibernate: select m1_0.id,m1_0.battle_code,m1_0.created_at,m1_0.deck1_id,m1_0.deck2_id,m1_0.ended_at,m1_0.event_id,m1_0.player1_id,m1_0.player2_id,m1_0.status,m1_0.win_condition,m1_0.winner_id from matches m1_0 where m1_0.id=?
Hibernate: select p1_0.id,p1_0.avatar,p1_0.banned,p1_0.banned_at,p1_0.created,p1_0.degree_level,p1_0.display_name,p1_0.email,p1_0.experience,p1_0.last_login,p1_0.level,p1_0.password_hash,p1_0.role,p1_0.specialization,p1_0.student_id from players p1_0 where p1_0.id=?
Hibernate: select p1_0.id,p1_0.avatar,p1_0.banned,p1_0.banned_at,p1_0.created,p1_0.degree_level,p1_0.display_name,p1_0.email,p1_0.experience,p1_0.last_login,p1_0.level,p1_0.password_hash,p1_0.role,p1_0.specialization,p1_0.student_id from players p1_0 where p1_0.email=?
Hibernate: select m1_0.id,m1_0.battle_code,m1_0.created_at,m1_0.deck1_id,m1_0.deck2_id,m1_0.ended_at,m1_0.event_id,m1_0.player1_id,m1_0.player2_id,m1_0.status,m1_0.win_condition,m1_0.winner_id from matches m1_0 where m1_0.id=?
Hibernate: select p1_0.id,p1_0.avatar,p1_0.banned,p1_0.banned_at,p1_0.created,p1_0.degree_level,p1_0.display_name,p1_0.email,p1_0.experience,p1_0.last_login,p1_0.level,p1_0.password_hash,p1_0.role,p1_0.specialization,p1_0.student_id from players p1_0 where p1_0.id=?
Hibernate: select p1_0.id,p1_0.avatar,p1_0.banned,p1_0.banned_at,p1_0.created,p1_0.degree_level,p1_0.display_name,p1_0.email,p1_0.experience,p1_0.last_login,p1_0.level,p1_0.password_hash,p1_0.role,p1_0.specialization,p1_0.student_id from players p1_0 where p1_0.email=?
Hibernate: select m1_0.id,m1_0.battle_code,m1_0.created_at,m1_0.deck1_id,m1_0.deck2_id,m1_0.ended_at,m1_0.event_id,m1_0.player1_id,m1_0.player2_id,m1_0.status,m1_0.win_condition,m1_0.winner_id from matches m1_0 where m1_0.id=?
Hibernate: select p1_0.id,p1_0.avatar,p1_0.banned,p1_0.banned_at,p1_0.created,p1_0.degree_level,p1_0.display_name,p1_0.email,p1_0.experience,p1_0.last_login,p1_0.level,p1_0.password_hash,p1_0.role,p1_0.specialization,p1_0.student_id from players p1_0 where p1_0.id=?
Hibernate: select p1_0.id,p1_0.avatar,p1_0.banned,p1_0.banned_at,p1_0.created,p1_0.degree_level,p1_0.display_name,p1_0.email,p1_0.experience,p1_0.last_login,p1_0.level,p1_0.password_hash,p1_0.role,p1_0.specialization,p1_0.student_id from players p1_0 where p1_0.email=?
Hibernate: select m1_0.id,m1_0.battle_code,m1_0.created_at,m1_0.deck1_id,m1_0.deck2_id,m1_0.ended_at,m1_0.event_id,m1_0.player1_id,m1_0.player2_id,m1_0.status,m1_0.win_condition,m1_0.winner_id from matches m1_0 where m1_0.id=?
Hibernate: select p1_0.id,p1_0.avatar,p1_0.banned,p1_0.banned_at,p1_0.created,p1_0.degree_level,p1_0.display_name,p1_0.email,p1_0.experience,p1_0.last_login,p1_0.level,p1_0.password_hash,p1_0.role,p1_0.specialization,p1_0.student_id from players p1_0 where p1_0.id=?
Hibernate: select p1_0.id,p1_0.avatar,p1_0.banned,p1_0.banned_at,p1_0.created,p1_0.degree_level,p1_0.display_name,p1_0.email,p1_0.experience,p1_0.last_login,p1_0.level,p1_0.password_hash,p1_0.role,p1_0.specialization,p1_0.student_id from players p1_0 where p1_0.email=?
Hibernate: select m1_0.id,m1_0.battle_code,m1_0.created_at,m1_0.deck1_id,m1_0.deck2_id,m1_0.ended_at,m1_0.event_id,m1_0.player1_id,m1_0.player2_id,m1_0.status,m1_0.win_condition,m1_0.winner_id from matches m1_0 where m1_0.id=?
Hibernate: select p1_0.id,p1_0.avatar,p1_0.banned,p1_0.banned_at,p1_0.created,p1_0.degree_level,p1_0.display_name,p1_0.email,p1_0.experience,p1_0.last_login,p1_0.level,p1_0.password_hash,p1_0.role,p1_0.specialization,p1_0.student_id from players p1_0 where p1_0.id=?
Hibernate: select p1_0.id,p1_0.avatar,p1_0.banned,p1_0.banned_at,p1_0.created,p1_0.degree_level,p1_0.display_name,p1_0.email,p1_0.experience,p1_0.last_login,p1_0.level,p1_0.password_hash,p1_0.role,p1_0.specialization,p1_0.student_id from players p1_0 where p1_0.email=?
Hibernate: select m1_0.id,m1_0.battle_code,m1_0.created_at,m1_0.deck1_id,m1_0.deck2_id,m1_0.ended_at,m1_0.event_id,m1_0.player1_id,m1_0.player2_id,m1_0.status,m1_0.win_condition,m1_0.winner_id from matches m1_0 where m1_0.id=?
Hibernate: select p1_0.id,p1_0.avatar,p1_0.banned,p1_0.banned_at,p1_0.created,p1_0.degree_level,p1_0.display_name,p1_0.email,p1_0.experience,p1_0.last_login,p1_0.level,p1_0.password_hash,p1_0.role,p1_0.specialization,p1_0.student_id from players p1_0 where p1_0.id=?
Hibernate: select p1_0.id,p1_0.avatar,p1_0.banned,p1_0.banned_at,p1_0.created,p1_0.degree_level,p1_0.display_name,p1_0.email,p1_0.experience,p1_0.last_login,p1_0.level,p1_0.password_hash,p1_0.role,p1_0.specialization,p1_0.student_id from players p1_0 where p1_0.email=?
Hibernate: select m1_0.id,m1_0.battle_code,m1_0.created_at,m1_0.deck1_id,m1_0.deck2_id,m1_0.ended_at,m1_0.event_id,m1_0.player1_id,m1_0.player2_id,m1_0.status,m1_0.win_condition,m1_0.winner_id from matches m1_0 where m1_0.id=?
Hibernate: select p1_0.id,p1_0.avatar,p1_0.banned,p1_0.banned_at,p1_0.created,p1_0.degree_level,p1_0.display_name,p1_0.email,p1_0.experience,p1_0.last_login,p1_0.level,p1_0.password_hash,p1_0.role,p1_0.specialization,p1_0.student_id from players p1_0 where p1_0.id=?
Hibernate: select p1_0.id,p1_0.avatar,p1_0.banned,p1_0.banned_at,p1_0.created,p1_0.degree_level,p1_0.display_name,p1_0.email,p1_0.experience,p1_0.last_login,p1_0.level,p1_0.password_hash,p1_0.role,p1_0.specialization,p1_0.student_id from players p1_0 where p1_0.email=?
Hibernate: select m1_0.id,m1_0.battle_code,m1_0.created_at,m1_0.deck1_id,m1_0.deck2_id,m1_0.ended_at,m1_0.event_id,m1_0.player1_id,m1_0.player2_id,m1_0.status,m1_0.win_condition,m1_0.winner_id from matches m1_0 where m1_0.id=?
Hibernate: select p1_0.id,p1_0.avatar,p1_0.banned,p1_0.banned_at,p1_0.created,p1_0.degree_level,p1_0.display_name,p1_0.email,p1_0.experience,p1_0.last_login,p1_0.level,p1_0.password_hash,p1_0.role,p1_0.specialization,p1_0.student_id from players p1_0 where p1_0.id=?
Hibernate: select p1_0.id,p1_0.avatar,p1_0.banned,p1_0.banned_at,p1_0.created,p1_0.degree_level,p1_0.display_name,p1_0.email,p1_0.experience,p1_0.last_login,p1_0.level,p1_0.password_hash,p1_0.role,p1_0.specialization,p1_0.student_id from players p1_0 where p1_0.email=?
Hibernate: select m1_0.id,m1_0.battle_code,m1_0.created_at,m1_0.deck1_id,m1_0.deck2_id,m1_0.ended_at,m1_0.event_id,m1_0.player1_id,m1_0.player2_id,m1_0.status,m1_0.win_condition,m1_0.winner_id from matches m1_0 where m1_0.id=?
Hibernate: select p1_0.id,p1_0.avatar,p1_0.banned,p1_0.banned_at,p1_0.created,p1_0.degree_level,p1_0.display_name,p1_0.email,p1_0.experience,p1_0.last_login,p1_0.level,p1_0.password_hash,p1_0.role,p1_0.specialization,p1_0.student_id from players p1_0 where p1_0.id=?
Hibernate: select p1_0.id,p1_0.avatar,p1_0.banned,p1_0.banned_at,p1_0.created,p1_0.degree_level,p1_0.display_name,p1_0.email,p1_0.experience,p1_0.last_login,p1_0.level,p1_0.password_hash,p1_0.role,p1_0.specialization,p1_0.student_id from players p1_0 where p1_0.email=?
Hibernate: select m1_0.id,m1_0.battle_code,m1_0.created_at,m1_0.deck1_id,m1_0.deck2_id,m1_0.ended_at,m1_0.event_id,m1_0.player1_id,m1_0.player2_id,m1_0.status,m1_0.win_condition,m1_0.winner_id from matches m1_0 where m1_0.id=?
Hibernate: select p1_0.id,p1_0.avatar,p1_0.banned,p1_0.banned_at,p1_0.created,p1_0.degree_level,p1_0.display_name,p1_0.email,p1_0.experience,p1_0.last_login,p1_0.level,p1_0.password_hash,p1_0.role,p1_0.specialization,p1_0.student_id from players p1_0 where p1_0.id=?
Hibernate: select p1_0.id,p1_0.avatar,p1_0.banned,p1_0.banned_at,p1_0.created,p1_0.degree_level,p1_0.display_name,p1_0.email,p1_0.experience,p1_0.last_login,p1_0.level,p1_0.password_hash,p1_0.role,p1_0.specialization,p1_0.student_id from players p1_0 where p1_0.email=?
Hibernate: select m1_0.id,m1_0.battle_code,m1_0.created_at,m1_0.deck1_id,m1_0.deck2_id,m1_0.ended_at,m1_0.event_id,m1_0.player1_id,m1_0.player2_id,m1_0.status,m1_0.win_condition,m1_0.winner_id from matches m1_0 where m1_0.id=?
Hibernate: select p1_0.id,p1_0.avatar,p1_0.banned,p1_0.banned_at,p1_0.created,p1_0.degree_level,p1_0.display_name,p1_0.email,p1_0.experience,p1_0.last_login,p1_0.level,p1_0.password_hash,p1_0.role,p1_0.specialization,p1_0.student_id from players p1_0 where p1_0.id=?
Hibernate: select p1_0.id,p1_0.avatar,p1_0.banned,p1_0.banned_at,p1_0.created,p1_0.degree_level,p1_0.display_name,p1_0.email,p1_0.experience,p1_0.last_login,p1_0.level,p1_0.password_hash,p1_0.role,p1_0.specialization,p1_0.student_id from players p1_0 where p1_0.email=?
Hibernate: select m1_0.id,m1_0.battle_code,m1_0.created_at,m1_0.deck1_id,m1_0.deck2_id,m1_0.ended_at,m1_0.event_id,m1_0.player1_id,m1_0.player2_id,m1_0.status,m1_0.win_condition,m1_0.winner_id from matches m1_0 where m1_0.id=?
Hibernate: select p1_0.id,p1_0.avatar,p1_0.banned,p1_0.banned_at,p1_0.created,p1_0.degree_level,p1_0.display_name,p1_0.email,p1_0.experience,p1_0.last_login,p1_0.level,p1_0.password_hash,p1_0.role,p1_0.specialization,p1_0.student_id from players p1_0 where p1_0.id=?
Hibernate: select p1_0.id,p1_0.avatar,p1_0.banned,p1_0.banned_at,p1_0.created,p1_0.degree_level,p1_0.display_name,p1_0.email,p1_0.experience,p1_0.last_login,p1_0.level,p1_0.password_hash,p1_0.role,p1_0.specialization,p1_0.student_id from players p1_0 where p1_0.email=?
Hibernate: select m1_0.id,m1_0.battle_code,m1_0.created_at,m1_0.deck1_id,m1_0.deck2_id,m1_0.ended_at,m1_0.event_id,m1_0.player1_id,m1_0.player2_id,m1_0.status,m1_0.win_condition,m1_0.winner_id from matches m1_0 where m1_0.id=?
Hibernate: select p1_0.id,p1_0.avatar,p1_0.banned,p1_0.banned_at,p1_0.created,p1_0.degree_level,p1_0.display_name,p1_0.email,p1_0.experience,p1_0.last_login,p1_0.level,p1_0.password_hash,p1_0.role,p1_0.specialization,p1_0.student_id from players p1_0 where p1_0.id=?
Hibernate: select p1_0.id,p1_0.avatar,p1_0.banned,p1_0.banned_at,p1_0.created,p1_0.degree_level,p1_0.display_name,p1_0.email,p1_0.experience,p1_0.last_login,p1_0.level,p1_0.password_hash,p1_0.role,p1_0.specialization,p1_0.student_id from players p1_0 where p1_0.email=?
Hibernate: select m1_0.id,m1_0.battle_code,m1_0.created_at,m1_0.deck1_id,m1_0.deck2_id,m1_0.ended_at,m1_0.event_id,m1_0.player1_id,m1_0.player2_id,m1_0.status,m1_0.win_condition,m1_0.winner_id from matches m1_0 where m1_0.id=?
Hibernate: select p1_0.id,p1_0.avatar,p1_0.banned,p1_0.banned_at,p1_0.created,p1_0.degree_level,p1_0.display_name,p1_0.email,p1_0.experience,p1_0.last_login,p1_0.level,p1_0.password_hash,p1_0.role,p1_0.specialization,p1_0.student_id from players p1_0 where p1_0.id=?
Hibernate: select p1_0.id,p1_0.avatar,p1_0.banned,p1_0.banned_at,p1_0.created,p1_0.degree_level,p1_0.display_name,p1_0.email,p1_0.experience,p1_0.last_login,p1_0.level,p1_0.password_hash,p1_0.role,p1_0.specialization,p1_0.student_id from players p1_0 where p1_0.email=?
Hibernate: select m1_0.id,m1_0.battle_code,m1_0.created_at,m1_0.deck1_id,m1_0.deck2_id,m1_0.ended_at,m1_0.event_id,m1_0.player1_id,m1_0.player2_id,m1_0.status,m1_0.win_condition,m1_0.winner_id from matches m1_0 where m1_0.id=?
Hibernate: select p1_0.id,p1_0.avatar,p1_0.banned,p1_0.banned_at,p1_0.created,p1_0.degree_level,p1_0.display_name,p1_0.email,p1_0.experience,p1_0.last_login,p1_0.level,p1_0.password_hash,p1_0.role,p1_0.specialization,p1_0.student_id from players p1_0 where p1_0.id=?
Hibernate: select p1_0.id,p1_0.avatar,p1_0.banned,p1_0.banned_at,p1_0.created,p1_0.degree_level,p1_0.display_name,p1_0.email,p1_0.experience,p1_0.last_login,p1_0.level,p1_0.password_hash,p1_0.role,p1_0.specialization,p1_0.student_id from players p1_0 where p1_0.email=?
Hibernate: select m1_0.id,m1_0.battle_code,m1_0.created_at,m1_0.deck1_id,m1_0.deck2_id,m1_0.ended_at,m1_0.event_id,m1_0.player1_id,m1_0.player2_id,m1_0.status,m1_0.win_condition,m1_0.winner_id from matches m1_0 where m1_0.id=?
Hibernate: select p1_0.id,p1_0.avatar,p1_0.banned,p1_0.banned_at,p1_0.created,p1_0.degree_level,p1_0.display_name,p1_0.email,p1_0.experience,p1_0.last_login,p1_0.level,p1_0.password_hash,p1_0.role,p1_0.specialization,p1_0.student_id from players p1_0 where p1_0.id=?
Hibernate: select p1_0.id,p1_0.avatar,p1_0.banned,p1_0.banned_at,p1_0.created,p1_0.degree_level,p1_0.display_name,p1_0.email,p1_0.experience,p1_0.last_login,p1_0.level,p1_0.password_hash,p1_0.role,p1_0.specialization,p1_0.student_id from players p1_0 where p1_0.email=?
Hibernate: select m1_0.id,m1_0.battle_code,m1_0.created_at,m1_0.deck1_id,m1_0.deck2_id,m1_0.ended_at,m1_0.event_id,m1_0.player1_id,m1_0.player2_id,m1_0.status,m1_0.win_condition,m1_0.winner_id from matches m1_0 where m1_0.id=?
Hibernate: select p1_0.id,p1_0.avatar,p1_0.banned,p1_0.banned_at,p1_0.created,p1_0.degree_level,p1_0.display_name,p1_0.email,p1_0.experience,p1_0.last_login,p1_0.level,p1_0.password_hash,p1_0.role,p1_0.specialization,p1_0.student_id from players p1_0 where p1_0.id=?
Hibernate: select p1_0.id,p1_0.avatar,p1_0.banned,p1_0.banned_at,p1_0.created,p1_0.degree_level,p1_0.display_name,p1_0.email,p1_0.experience,p1_0.last_login,p1_0.level,p1_0.password_hash,p1_0.role,p1_0.specialization,p1_0.student_id from players p1_0 where p1_0.email=?
Hibernate: select m1_0.id,m1_0.battle_code,m1_0.created_at,m1_0.deck1_id,m1_0.deck2_id,m1_0.ended_at,m1_0.event_id,m1_0.player1_id,m1_0.player2_id,m1_0.status,m1_0.win_condition,m1_0.winner_id from matches m1_0 where m1_0.id=?
Hibernate: select p1_0.id,p1_0.avatar,p1_0.banned,p1_0.banned_at,p1_0.created,p1_0.degree_level,p1_0.display_name,p1_0.email,p1_0.experience,p1_0.last_login,p1_0.level,p1_0.password_hash,p1_0.role,p1_0.specialization,p1_0.student_id from players p1_0 where p1_0.id=?
Hibernate: select p1_0.id,p1_0.avatar,p1_0.banned,p1_0.banned_at,p1_0.created,p1_0.degree_level,p1_0.display_name,p1_0.email,p1_0.experience,p1_0.last_login,p1_0.level,p1_0.password_hash,p1_0.role,p1_0.specialization,p1_0.student_id from players p1_0 where p1_0.email=?
Hibernate: select m1_0.id,m1_0.battle_code,m1_0.created_at,m1_0.deck1_id,m1_0.deck2_id,m1_0.ended_at,m1_0.event_id,m1_0.player1_id,m1_0.player2_id,m1_0.status,m1_0.win_condition,m1_0.winner_id from matches m1_0 where m1_0.id=?
Hibernate: select p1_0.id,p1_0.avatar,p1_0.banned,p1_0.banned_at,p1_0.created,p1_0.degree_level,p1_0.display_name,p1_0.email,p1_0.experience,p1_0.last_login,p1_0.level,p1_0.password_hash,p1_0.role,p1_0.specialization,p1_0.student_id from players p1_0 where p1_0.id=?
Hibernate: select p1_0.id,p1_0.avatar,p1_0.banned,p1_0.banned_at,p1_0.created,p1_0.degree_level,p1_0.display_name,p1_0.email,p1_0.experience,p1_0.last_login,p1_0.level,p1_0.password_hash,p1_0.role,p1_0.specialization,p1_0.student_id from players p1_0 where p1_0.email=?
Hibernate: select m1_0.id,m1_0.battle_code,m1_0.created_at,m1_0.deck1_id,m1_0.deck2_id,m1_0.ended_at,m1_0.event_id,m1_0.player1_id,m1_0.player2_id,m1_0.status,m1_0.win_condition,m1_0.winner_id from matches m1_0 where m1_0.id=?
Hibernate: select p1_0.id,p1_0.avatar,p1_0.banned,p1_0.banned_at,p1_0.created,p1_0.degree_level,p1_0.display_name,p1_0.email,p1_0.experience,p1_0.last_login,p1_0.level,p1_0.password_hash,p1_0.role,p1_0.specialization,p1_0.student_id from players p1_0 where p1_0.id=?
Hibernate: select p1_0.id,p1_0.avatar,p1_0.banned,p1_0.banned_at,p1_0.created,p1_0.degree_level,p1_0.display_name,p1_0.email,p1_0.experience,p1_0.last_login,p1_0.level,p1_0.password_hash,p1_0.role,p1_0.specialization,p1_0.student_id from players p1_0 where p1_0.email=?
Hibernate: select m1_0.id,m1_0.battle_code,m1_0.created_at,m1_0.deck1_id,m1_0.deck2_id,m1_0.ended_at,m1_0.event_id,m1_0.player1_id,m1_0.player2_id,m1_0.status,m1_0.win_condition,m1_0.winner_id from matches m1_0 where m1_0.id=?
Hibernate: select p1_0.id,p1_0.avatar,p1_0.banned,p1_0.banned_at,p1_0.created,p1_0.degree_level,p1_0.display_name,p1_0.email,p1_0.experience,p1_0.last_login,p1_0.level,p1_0.password_hash,p1_0.role,p1_0.specialization,p1_0.student_id from players p1_0 where p1_0.id=?
Hibernate: select p1_0.id,p1_0.avatar,p1_0.banned,p1_0.banned_at,p1_0.created,p1_0.degree_level,p1_0.display_name,p1_0.email,p1_0.experience,p1_0.last_login,p1_0.level,p1_0.password_hash,p1_0.role,p1_0.specialization,p1_0.student_id from players p1_0 where p1_0.email=?
Hibernate: select m1_0.id,m1_0.battle_code,m1_0.created_at,m1_0.deck1_id,m1_0.deck2_id,m1_0.ended_at,m1_0.event_id,m1_0.player1_id,m1_0.player2_id,m1_0.status,m1_0.win_condition,m1_0.winner_id from matches m1_0 where m1_0.id=?
Hibernate: select p1_0.id,p1_0.avatar,p1_0.banned,p1_0.banned_at,p1_0.created,p1_0.degree_level,p1_0.display_name,p1_0.email,p1_0.experience,p1_0.last_login,p1_0.level,p1_0.password_hash,p1_0.role,p1_0.specialization,p1_0.student_id from players p1_0 where p1_0.id=?
Hibernate: select p1_0.id,p1_0.avatar,p1_0.banned,p1_0.banned_at,p1_0.created,p1_0.degree_level,p1_0.display_name,p1_0.email,p1_0.experience,p1_0.last_login,p1_0.level,p1_0.password_hash,p1_0.role,p1_0.specialization,p1_0.student_id from players p1_0 where p1_0.email=?
Hibernate: select m1_0.id,m1_0.battle_code,m1_0.created_at,m1_0.deck1_id,m1_0.deck2_id,m1_0.ended_at,m1_0.event_id,m1_0.player1_id,m1_0.player2_id,m1_0.status,m1_0.win_condition,m1_0.winner_id from matches m1_0 where m1_0.id=?
Hibernate: select p1_0.id,p1_0.avatar,p1_0.banned,p1_0.banned_at,p1_0.created,p1_0.degree_level,p1_0.display_name,p1_0.email,p1_0.experience,p1_0.last_login,p1_0.level,p1_0.password_hash,p1_0.role,p1_0.specialization,p1_0.student_id from players p1_0 where p1_0.id=?
Hibernate: select p1_0.id,p1_0.avatar,p1_0.banned,p1_0.banned_at,p1_0.created,p1_0.degree_level,p1_0.display_name,p1_0.email,p1_0.experience,p1_0.last_login,p1_0.level,p1_0.password_hash,p1_0.role,p1_0.specialization,p1_0.student_id from players p1_0 where p1_0.email=?
Hibernate: select m1_0.id,m1_0.battle_code,m1_0.created_at,m1_0.deck1_id,m1_0.deck2_id,m1_0.ended_at,m1_0.event_id,m1_0.player1_id,m1_0.player2_id,m1_0.status,m1_0.win_condition,m1_0.winner_id from matches m1_0 where m1_0.id=?
Hibernate: select p1_0.id,p1_0.avatar,p1_0.banned,p1_0.banned_at,p1_0.created,p1_0.degree_level,p1_0.display_name,p1_0.email,p1_0.experience,p1_0.last_login,p1_0.level,p1_0.password_hash,p1_0.role,p1_0.specialization,p1_0.student_id from players p1_0 where p1_0.id=?
Hibernate: select p1_0.id,p1_0.avatar,p1_0.banned,p1_0.banned_at,p1_0.created,p1_0.degree_level,p1_0.display_name,p1_0.email,p1_0.experience,p1_0.last_login,p1_0.level,p1_0.password_hash,p1_0.role,p1_0.specialization,p1_0.student_id from players p1_0 where p1_0.email=?
Hibernate: select m1_0.id,m1_0.battle_code,m1_0.created_at,m1_0.deck1_id,m1_0.deck2_id,m1_0.ended_at,m1_0.event_id,m1_0.player1_id,m1_0.player2_id,m1_0.status,m1_0.win_condition,m1_0.winner_id from matches m1_0 where m1_0.id=?
Hibernate: select p1_0.id,p1_0.avatar,p1_0.banned,p1_0.banned_at,p1_0.created,p1_0.degree_level,p1_0.display_name,p1_0.email,p1_0.experience,p1_0.last_login,p1_0.level,p1_0.password_hash,p1_0.role,p1_0.specialization,p1_0.student_id from players p1_0 where p1_0.id=?
Hibernate: select p1_0.id,p1_0.avatar,p1_0.banned,p1_0.banned_at,p1_0.created,p1_0.degree_level,p1_0.display_name,p1_0.email,p1_0.experience,p1_0.last_login,p1_0.level,p1_0.password_hash,p1_0.role,p1_0.specialization,p1_0.student_id from players p1_0 where p1_0.email=?
Hibernate: select m1_0.id,m1_0.battle_code,m1_0.created_at,m1_0.deck1_id,m1_0.deck2_id,m1_0.ended_at,m1_0.event_id,m1_0.player1_id,m1_0.player2_id,m1_0.status,m1_0.win_condition,m1_0.winner_id from matches m1_0 where m1_0.id=?
Hibernate: select p1_0.id,p1_0.avatar,p1_0.banned,p1_0.banned_at,p1_0.created,p1_0.degree_level,p1_0.display_name,p1_0.email,p1_0.experience,p1_0.last_login,p1_0.level,p1_0.password_hash,p1_0.role,p1_0.specialization,p1_0.student_id from players p1_0 where p1_0.id=?
Hibernate: select p1_0.id,p1_0.avatar,p1_0.banned,p1_0.banned_at,p1_0.created,p1_0.degree_level,p1_0.display_name,p1_0.email,p1_0.experience,p1_0.last_login,p1_0.level,p1_0.password_hash,p1_0.role,p1_0.specialization,p1_0.student_id from players p1_0 where p1_0.email=?
Hibernate: select m1_0.id,m1_0.battle_code,m1_0.created_at,m1_0.deck1_id,m1_0.deck2_id,m1_0.ended_at,m1_0.event_id,m1_0.player1_id,m1_0.player2_id,m1_0.status,m1_0.win_condition,m1_0.winner_id from matches m1_0 where m1_0.id=?
Hibernate: select p1_0.id,p1_0.avatar,p1_0.banned,p1_0.banned_at,p1_0.created,p1_0.degree_level,p1_0.display_name,p1_0.email,p1_0.experience,p1_0.last_login,p1_0.level,p1_0.password_hash,p1_0.role,p1_0.specialization,p1_0.student_id from players p1_0 where p1_0.id=?
Hibernate: select p1_0.id,p1_0.avatar,p1_0.banned,p1_0.banned_at,p1_0.created,p1_0.degree_level,p1_0.display_name,p1_0.email,p1_0.experience,p1_0.last_login,p1_0.level,p1_0.password_hash,p1_0.role,p1_0.specialization,p1_0.student_id from players p1_0 where p1_0.email=?
Hibernate: select m1_0.id,m1_0.battle_code,m1_0.created_at,m1_0.deck1_id,m1_0.deck2_id,m1_0.ended_at,m1_0.event_id,m1_0.player1_id,m1_0.player2_id,m1_0.status,m1_0.win_condition,m1_0.winner_id from matches m1_0 where m1_0.id=?
Hibernate: select p1_0.id,p1_0.avatar,p1_0.banned,p1_0.banned_at,p1_0.created,p1_0.degree_level,p1_0.display_name,p1_0.email,p1_0.experience,p1_0.last_login,p1_0.level,p1_0.password_hash,p1_0.role,p1_0.specialization,p1_0.student_id from players p1_0 where p1_0.id=?
Hibernate: select p1_0.id,p1_0.avatar,p1_0.banned,p1_0.banned_at,p1_0.created,p1_0.degree_level,p1_0.display_name,p1_0.email,p1_0.experience,p1_0.last_login,p1_0.level,p1_0.password_hash,p1_0.role,p1_0.specialization,p1_0.student_id from players p1_0 where p1_0.email=?
Hibernate: select m1_0.id,m1_0.battle_code,m1_0.created_at,m1_0.deck1_id,m1_0.deck2_id,m1_0.ended_at,m1_0.event_id,m1_0.player1_id,m1_0.player2_id,m1_0.status,m1_0.win_condition,m1_0.winner_id from matches m1_0 where m1_0.id=?
Hibernate: select p1_0.id,p1_0.avatar,p1_0.banned,p1_0.banned_at,p1_0.created,p1_0.degree_level,p1_0.display_name,p1_0.email,p1_0.experience,p1_0.last_login,p1_0.level,p1_0.password_hash,p1_0.role,p1_0.specialization,p1_0.student_id from players p1_0 where p1_0.id=?
Hibernate: select p1_0.id,p1_0.avatar,p1_0.banned,p1_0.banned_at,p1_0.created,p1_0.degree_level,p1_0.display_name,p1_0.email,p1_0.experience,p1_0.last_login,p1_0.level,p1_0.password_hash,p1_0.role,p1_0.specialization,p1_0.student_id from players p1_0 where p1_0.email=?
Hibernate: select m1_0.id,m1_0.battle_code,m1_0.created_at,m1_0.deck1_id,m1_0.deck2_id,m1_0.ended_at,m1_0.event_id,m1_0.player1_id,m1_0.player2_id,m1_0.status,m1_0.win_condition,m1_0.winner_id from matches m1_0 where m1_0.id=?
Hibernate: select p1_0.id,p1_0.avatar,p1_0.banned,p1_0.banned_at,p1_0.created,p1_0.degree_level,p1_0.display_name,p1_0.email,p1_0.experience,p1_0.last_login,p1_0.level,p1_0.password_hash,p1_0.role,p1_0.specialization,p1_0.student_id from players p1_0 where p1_0.id=?
Hibernate: select p1_0.id,p1_0.avatar,p1_0.banned,p1_0.banned_at,p1_0.created,p1_0.degree_level,p1_0.display_name,p1_0.email,p1_0.experience,p1_0.last_login,p1_0.level,p1_0.password_hash,p1_0.role,p1_0.specialization,p1_0.student_id from players p1_0 where p1_0.email=?
Hibernate: select m1_0.id,m1_0.battle_code,m1_0.created_at,m1_0.deck1_id,m1_0.deck2_id,m1_0.ended_at,m1_0.event_id,m1_0.player1_id,m1_0.player2_id,m1_0.status,m1_0.win_condition,m1_0.winner_id from matches m1_0 where m1_0.id=?
Hibernate: select p1_0.id,p1_0.avatar,p1_0.banned,p1_0.banned_at,p1_0.created,p1_0.degree_level,p1_0.display_name,p1_0.email,p1_0.experience,p1_0.last_login,p1_0.level,p1_0.password_hash,p1_0.role,p1_0.specialization,p1_0.student_id from players p1_0 where p1_0.id=?
Hibernate: select p1_0.id,p1_0.avatar,p1_0.banned,p1_0.banned_at,p1_0.created,p1_0.degree_level,p1_0.display_name,p1_0.email,p1_0.experience,p1_0.last_login,p1_0.level,p1_0.password_hash,p1_0.role,p1_0.specialization,p1_0.student_id from players p1_0 where p1_0.email=?
Hibernate: select m1_0.id,m1_0.battle_code,m1_0.created_at,m1_0.deck1_id,m1_0.deck2_id,m1_0.ended_at,m1_0.event_id,m1_0.player1_id,m1_0.player2_id,m1_0.status,m1_0.win_condition,m1_0.winner_id from matches m1_0 where m1_0.id=?
Hibernate: select p1_0.id,p1_0.avatar,p1_0.banned,p1_0.banned_at,p1_0.created,p1_0.degree_level,p1_0.display_name,p1_0.email,p1_0.experience,p1_0.last_login,p1_0.level,p1_0.password_hash,p1_0.role,p1_0.specialization,p1_0.student_id from players p1_0 where p1_0.id=?
Hibernate: select p1_0.id,p1_0.avatar,p1_0.banned,p1_0.banned_at,p1_0.created,p1_0.degree_level,p1_0.display_name,p1_0.email,p1_0.experience,p1_0.last_login,p1_0.level,p1_0.password_hash,p1_0.role,p1_0.specialization,p1_0.student_id from players p1_0 where p1_0.email=?
Hibernate: select m1_0.id,m1_0.battle_code,m1_0.created_at,m1_0.deck1_id,m1_0.deck2_id,m1_0.ended_at,m1_0.event_id,m1_0.player1_id,m1_0.player2_id,m1_0.status,m1_0.win_condition,m1_0.winner_id from matches m1_0 where m1_0.id=?
Hibernate: select p1_0.id,p1_0.avatar,p1_0.banned,p1_0.banned_at,p1_0.created,p1_0.degree_level,p1_0.display_name,p1_0.email,p1_0.experience,p1_0.last_login,p1_0.level,p1_0.password_hash,p1_0.role,p1_0.specialization,p1_0.student_id from players p1_0 where p1_0.id=?
Hibernate: select p1_0.id,p1_0.avatar,p1_0.banned,p1_0.banned_at,p1_0.created,p1_0.degree_level,p1_0.display_name,p1_0.email,p1_0.experience,p1_0.last_login,p1_0.level,p1_0.password_hash,p1_0.role,p1_0.specialization,p1_0.student_id from players p1_0 where p1_0.email=?
Hibernate: select m1_0.id,m1_0.battle_code,m1_0.created_at,m1_0.deck1_id,m1_0.deck2_id,m1_0.ended_at,m1_0.event_id,m1_0.player1_id,m1_0.player2_id,m1_0.status,m1_0.win_condition,m1_0.winner_id from matches m1_0 where m1_0.id=?
Hibernate: select p1_0.id,p1_0.avatar,p1_0.banned,p1_0.banned_at,p1_0.created,p1_0.degree_level,p1_0.display_name,p1_0.email,p1_0.experience,p1_0.last_login,p1_0.level,p1_0.password_hash,p1_0.role,p1_0.specialization,p1_0.student_id from players p1_0 where p1_0.id=?
Hibernate: select p1_0.id,p1_0.avatar,p1_0.banned,p1_0.banned_at,p1_0.created,p1_0.degree_level,p1_0.display_name,p1_0.email,p1_0.experience,p1_0.last_login,p1_0.level,p1_0.password_hash,p1_0.role,p1_0.specialization,p1_0.student_id from players p1_0 where p1_0.email=?
Hibernate: select m1_0.id,m1_0.battle_code,m1_0.created_at,m1_0.deck1_id,m1_0.deck2_id,m1_0.ended_at,m1_0.event_id,m1_0.player1_id,m1_0.player2_id,m1_0.status,m1_0.win_condition,m1_0.winner_id from matches m1_0 where m1_0.id=?
Hibernate: select p1_0.id,p1_0.avatar,p1_0.banned,p1_0.banned_at,p1_0.created,p1_0.degree_level,p1_0.display_name,p1_0.email,p1_0.experience,p1_0.last_login,p1_0.level,p1_0.password_hash,p1_0.role,p1_0.specialization,p1_0.student_id from players p1_0 where p1_0.id=?
Hibernate: select p1_0.id,p1_0.avatar,p1_0.banned,p1_0.banned_at,p1_0.created,p1_0.degree_level,p1_0.display_name,p1_0.email,p1_0.experience,p1_0.last_login,p1_0.level,p1_0.password_hash,p1_0.role,p1_0.specialization,p1_0.student_id from players p1_0 where p1_0.email=?
Hibernate: select m1_0.id,m1_0.battle_code,m1_0.created_at,m1_0.deck1_id,m1_0.deck2_id,m1_0.ended_at,m1_0.event_id,m1_0.player1_id,m1_0.player2_id,m1_0.status,m1_0.win_condition,m1_0.winner_id from matches m1_0 where m1_0.id=?
Hibernate: select p1_0.id,p1_0.avatar,p1_0.banned,p1_0.banned_at,p1_0.created,p1_0.degree_level,p1_0.display_name,p1_0.email,p1_0.experience,p1_0.last_login,p1_0.level,p1_0.password_hash,p1_0.role,p1_0.specialization,p1_0.student_id from players p1_0 where p1_0.id=?
Hibernate: select p1_0.id,p1_0.avatar,p1_0.banned,p1_0.banned_at,p1_0.created,p1_0.degree_level,p1_0.display_name,p1_0.email,p1_0.experience,p1_0.last_login,p1_0.level,p1_0.password_hash,p1_0.role,p1_0.specialization,p1_0.student_id from players p1_0 where p1_0.email=?
Hibernate: select m1_0.id,m1_0.battle_code,m1_0.created_at,m1_0.deck1_id,m1_0.deck2_id,m1_0.ended_at,m1_0.event_id,m1_0.player1_id,m1_0.player2_id,m1_0.status,m1_0.win_condition,m1_0.winner_id from matches m1_0 where m1_0.id=?
Hibernate: select p1_0.id,p1_0.avatar,p1_0.banned,p1_0.banned_at,p1_0.created,p1_0.degree_level,p1_0.display_name,p1_0.email,p1_0.experience,p1_0.last_login,p1_0.level,p1_0.password_hash,p1_0.role,p1_0.specialization,p1_0.student_id from players p1_0 where p1_0.id=?
Hibernate: select p1_0.id,p1_0.avatar,p1_0.banned,p1_0.banned_at,p1_0.created,p1_0.degree_level,p1_0.display_name,p1_0.email,p1_0.experience,p1_0.last_login,p1_0.level,p1_0.password_hash,p1_0.role,p1_0.specialization,p1_0.student_id from players p1_0 where p1_0.email=?
Hibernate: select m1_0.id,m1_0.battle_code,m1_0.created_at,m1_0.deck1_id,m1_0.deck2_id,m1_0.ended_at,m1_0.event_id,m1_0.player1_id,m1_0.player2_id,m1_0.status,m1_0.win_condition,m1_0.winner_id from matches m1_0 where m1_0.id=?
Hibernate: select p1_0.id,p1_0.avatar,p1_0.banned,p1_0.banned_at,p1_0.created,p1_0.degree_level,p1_0.display_name,p1_0.email,p1_0.experience,p1_0.last_login,p1_0.level,p1_0.password_hash,p1_0.role,p1_0.specialization,p1_0.student_id from players p1_0 where p1_0.id=?
Hibernate: select p1_0.id,p1_0.avatar,p1_0.banned,p1_0.banned_at,p1_0.created,p1_0.degree_level,p1_0.display_name,p1_0.email,p1_0.experience,p1_0.last_login,p1_0.level,p1_0.password_hash,p1_0.role,p1_0.specialization,p1_0.student_id from players p1_0 where p1_0.email=?
Hibernate: select m1_0.id,m1_0.battle_code,m1_0.created_at,m1_0.deck1_id,m1_0.deck2_id,m1_0.ended_at,m1_0.event_id,m1_0.player1_id,m1_0.player2_id,m1_0.status,m1_0.win_condition,m1_0.winner_id from matches m1_0 where m1_0.id=?
Hibernate: select p1_0.id,p1_0.avatar,p1_0.banned,p1_0.banned_at,p1_0.created,p1_0.degree_level,p1_0.display_name,p1_0.email,p1_0.experience,p1_0.last_login,p1_0.level,p1_0.password_hash,p1_0.role,p1_0.specialization,p1_0.student_id from players p1_0 where p1_0.id=?
Hibernate: select p1_0.id,p1_0.avatar,p1_0.banned,p1_0.banned_at,p1_0.created,p1_0.degree_level,p1_0.display_name,p1_0.email,p1_0.experience,p1_0.last_login,p1_0.level,p1_0.password_hash,p1_0.role,p1_0.specialization,p1_0.student_id from players p1_0 where p1_0.email=?
Hibernate: select m1_0.id,m1_0.battle_code,m1_0.created_at,m1_0.deck1_id,m1_0.deck2_id,m1_0.ended_at,m1_0.event_id,m1_0.player1_id,m1_0.player2_id,m1_0.status,m1_0.win_condition,m1_0.winner_id from matches m1_0 where m1_0.id=?
Hibernate: select p1_0.id,p1_0.avatar,p1_0.banned,p1_0.banned_at,p1_0.created,p1_0.degree_level,p1_0.display_name,p1_0.email,p1_0.experience,p1_0.last_login,p1_0.level,p1_0.password_hash,p1_0.role,p1_0.specialization,p1_0.student_id from players p1_0 where p1_0.id=?
Hibernate: select p1_0.id,p1_0.avatar,p1_0.banned,p1_0.banned_at,p1_0.created,p1_0.degree_level,p1_0.display_name,p1_0.email,p1_0.experience,p1_0.last_login,p1_0.level,p1_0.password_hash,p1_0.role,p1_0.specialization,p1_0.student_id from players p1_0 where p1_0.email=?
Hibernate: select m1_0.id,m1_0.battle_code,m1_0.created_at,m1_0.deck1_id,m1_0.deck2_id,m1_0.ended_at,m1_0.event_id,m1_0.player1_id,m1_0.player2_id,m1_0.status,m1_0.win_condition,m1_0.winner_id from matches m1_0 where m1_0.id=?
Hibernate: select p1_0.id,p1_0.avatar,p1_0.banned,p1_0.banned_at,p1_0.created,p1_0.degree_level,p1_0.display_name,p1_0.email,p1_0.experience,p1_0.last_login,p1_0.level,p1_0.password_hash,p1_0.role,p1_0.specialization,p1_0.student_id from players p1_0 where p1_0.id=?
Hibernate: select p1_0.id,p1_0.avatar,p1_0.banned,p1_0.banned_at,p1_0.created,p1_0.degree_level,p1_0.display_name,p1_0.email,p1_0.experience,p1_0.last_login,p1_0.level,p1_0.password_hash,p1_0.role,p1_0.specialization,p1_0.student_id from players p1_0 where p1_0.email=?
Hibernate: select m1_0.id,m1_0.battle_code,m1_0.created_at,m1_0.deck1_id,m1_0.deck2_id,m1_0.ended_at,m1_0.event_id,m1_0.player1_id,m1_0.player2_id,m1_0.status,m1_0.win_condition,m1_0.winner_id from matches m1_0 where m1_0.id=?
Hibernate: select p1_0.id,p1_0.avatar,p1_0.banned,p1_0.banned_at,p1_0.created,p1_0.degree_level,p1_0.display_name,p1_0.email,p1_0.experience,p1_0.last_login,p1_0.level,p1_0.password_hash,p1_0.role,p1_0.specialization,p1_0.student_id from players p1_0 where p1_0.id=?
Hibernate: select p1_0.id,p1_0.avatar,p1_0.banned,p1_0.banned_at,p1_0.created,p1_0.degree_level,p1_0.display_name,p1_0.email,p1_0.experience,p1_0.last_login,p1_0.level,p1_0.password_hash,p1_0.role,p1_0.specialization,p1_0.student_id from players p1_0 where p1_0.email=?
Hibernate: select m1_0.id,m1_0.battle_code,m1_0.created_at,m1_0.deck1_id,m1_0.deck2_id,m1_0.ended_at,m1_0.event_id,m1_0.player1_id,m1_0.player2_id,m1_0.status,m1_0.win_condition,m1_0.winner_id from matches m1_0 where m1_0.id=?
Hibernate: select p1_0.id,p1_0.avatar,p1_0.banned,p1_0.banned_at,p1_0.created,p1_0.degree_level,p1_0.display_name,p1_0.email,p1_0.experience,p1_0.last_login,p1_0.level,p1_0.password_hash,p1_0.role,p1_0.specialization,p1_0.student_id from players p1_0 where p1_0.id=?
Hibernate: select p1_0.id,p1_0.avatar,p1_0.banned,p1_0.banned_at,p1_0.created,p1_0.degree_level,p1_0.display_name,p1_0.email,p1_0.experience,p1_0.last_login,p1_0.level,p1_0.password_hash,p1_0.role,p1_0.specialization,p1_0.student_id from players p1_0 where p1_0.email=?
Hibernate: select m1_0.id,m1_0.battle_code,m1_0.created_at,m1_0.deck1_id,m1_0.deck2_id,m1_0.ended_at,m1_0.event_id,m1_0.player1_id,m1_0.player2_id,m1_0.status,m1_0.win_condition,m1_0.winner_id from matches m1_0 where m1_0.id=?
Hibernate: select p1_0.id,p1_0.avatar,p1_0.banned,p1_0.banned_at,p1_0.created,p1_0.degree_level,p1_0.display_name,p1_0.email,p1_0.experience,p1_0.last_login,p1_0.level,p1_0.password_hash,p1_0.role,p1_0.specialization,p1_0.student_id from players p1_0 where p1_0.id=?
Hibernate: select p1_0.id,p1_0.avatar,p1_0.banned,p1_0.banned_at,p1_0.created,p1_0.degree_level,p1_0.display_name,p1_0.email,p1_0.experience,p1_0.last_login,p1_0.level,p1_0.password_hash,p1_0.role,p1_0.specialization,p1_0.student_id from players p1_0 where p1_0.email=?
Hibernate: select m1_0.id,m1_0.battle_code,m1_0.created_at,m1_0.deck1_id,m1_0.deck2_id,m1_0.ended_at,m1_0.event_id,m1_0.player1_id,m1_0.player2_id,m1_0.status,m1_0.win_condition,m1_0.winner_id from matches m1_0 where m1_0.id=?
Hibernate: select p1_0.id,p1_0.avatar,p1_0.banned,p1_0.banned_at,p1_0.created,p1_0.degree_level,p1_0.display_name,p1_0.email,p1_0.experience,p1_0.last_login,p1_0.level,p1_0.password_hash,p1_0.role,p1_0.specialization,p1_0.student_id from players p1_0 where p1_0.id=?
Hibernate: select p1_0.id,p1_0.avatar,p1_0.banned,p1_0.banned_at,p1_0.created,p1_0.degree_level,p1_0.display_name,p1_0.email,p1_0.experience,p1_0.last_login,p1_0.level,p1_0.password_hash,p1_0.role,p1_0.specialization,p1_0.student_id from players p1_0 where p1_0.email=?
Hibernate: select m1_0.id,m1_0.battle_code,m1_0.created_at,m1_0.deck1_id,m1_0.deck2_id,m1_0.ended_at,m1_0.event_id,m1_0.player1_id,m1_0.player2_id,m1_0.status,m1_0.win_condition,m1_0.winner_id from matches m1_0 where m1_0.id=?
Hibernate: select p1_0.id,p1_0.avatar,p1_0.banned,p1_0.banned_at,p1_0.created,p1_0.degree_level,p1_0.display_name,p1_0.email,p1_0.experience,p1_0.last_login,p1_0.level,p1_0.password_hash,p1_0.role,p1_0.specialization,p1_0.student_id from players p1_0 where p1_0.id=?
Hibernate: select p1_0.id,p1_0.avatar,p1_0.banned,p1_0.banned_at,p1_0.created,p1_0.degree_level,p1_0.display_name,p1_0.email,p1_0.experience,p1_0.last_login,p1_0.level,p1_0.password_hash,p1_0.role,p1_0.specialization,p1_0.student_id from players p1_0 where p1_0.email=?
Hibernate: select m1_0.id,m1_0.battle_code,m1_0.created_at,m1_0.deck1_id,m1_0.deck2_id,m1_0.ended_at,m1_0.event_id,m1_0.player1_id,m1_0.player2_id,m1_0.status,m1_0.win_condition,m1_0.winner_id from matches m1_0 where m1_0.id=?
Hibernate: select p1_0.id,p1_0.avatar,p1_0.banned,p1_0.banned_at,p1_0.created,p1_0.degree_level,p1_0.display_name,p1_0.email,p1_0.experience,p1_0.last_login,p1_0.level,p1_0.password_hash,p1_0.role,p1_0.specialization,p1_0.student_id from players p1_0 where p1_0.id=?
Hibernate: select p1_0.id,p1_0.avatar,p1_0.banned,p1_0.banned_at,p1_0.created,p1_0.degree_level,p1_0.display_name,p1_0.email,p1_0.experience,p1_0.last_login,p1_0.level,p1_0.password_hash,p1_0.role,p1_0.specialization,p1_0.student_id from players p1_0 where p1_0.email=?
Hibernate: select m1_0.id,m1_0.battle_code,m1_0.created_at,m1_0.deck1_id,m1_0.deck2_id,m1_0.ended_at,m1_0.event_id,m1_0.player1_id,m1_0.player2_id,m1_0.status,m1_0.win_condition,m1_0.winner_id from matches m1_0 where m1_0.id=?
Hibernate: select p1_0.id,p1_0.avatar,p1_0.banned,p1_0.banned_at,p1_0.created,p1_0.degree_level,p1_0.display_name,p1_0.email,p1_0.experience,p1_0.last_login,p1_0.level,p1_0.password_hash,p1_0.role,p1_0.specialization,p1_0.student_id from players p1_0 where p1_0.id=?
Hibernate: select p1_0.id,p1_0.avatar,p1_0.banned,p1_0.banned_at,p1_0.created,p1_0.degree_level,p1_0.display_name,p1_0.email,p1_0.experience,p1_0.last_login,p1_0.level,p1_0.password_hash,p1_0.role,p1_0.specialization,p1_0.student_id from players p1_0 where p1_0.email=?
Hibernate: select m1_0.id,m1_0.battle_code,m1_0.created_at,m1_0.deck1_id,m1_0.deck2_id,m1_0.ended_at,m1_0.event_id,m1_0.player1_id,m1_0.player2_id,m1_0.status,m1_0.win_condition,m1_0.winner_id from matches m1_0 where m1_0.id=?
Hibernate: select p1_0.id,p1_0.avatar,p1_0.banned,p1_0.banned_at,p1_0.created,p1_0.degree_level,p1_0.display_name,p1_0.email,p1_0.experience,p1_0.last_login,p1_0.level,p1_0.password_hash,p1_0.role,p1_0.specialization,p1_0.student_id from players p1_0 where p1_0.id=?
Hibernate: select p1_0.id,p1_0.avatar,p1_0.banned,p1_0.banned_at,p1_0.created,p1_0.degree_level,p1_0.display_name,p1_0.email,p1_0.experience,p1_0.last_login,p1_0.level,p1_0.password_hash,p1_0.role,p1_0.specialization,p1_0.student_id from players p1_0 where p1_0.email=?
Hibernate: select m1_0.id,m1_0.battle_code,m1_0.created_at,m1_0.deck1_id,m1_0.deck2_id,m1_0.ended_at,m1_0.event_id,m1_0.player1_id,m1_0.player2_id,m1_0.status,m1_0.win_condition,m1_0.winner_id from matches m1_0 where m1_0.id=?
Hibernate: select p1_0.id,p1_0.avatar,p1_0.banned,p1_0.banned_at,p1_0.created,p1_0.degree_level,p1_0.display_name,p1_0.email,p1_0.experience,p1_0.last_login,p1_0.level,p1_0.password_hash,p1_0.role,p1_0.specialization,p1_0.student_id from players p1_0 where p1_0.id=?
Hibernate: select p1_0.id,p1_0.avatar,p1_0.banned,p1_0.banned_at,p1_0.created,p1_0.degree_level,p1_0.display_name,p1_0.email,p1_0.experience,p1_0.last_login,p1_0.level,p1_0.password_hash,p1_0.role,p1_0.specialization,p1_0.student_id from players p1_0 where p1_0.email=?
Hibernate: select m1_0.id,m1_0.battle_code,m1_0.created_at,m1_0.deck1_id,m1_0.deck2_id,m1_0.ended_at,m1_0.event_id,m1_0.player1_id,m1_0.player2_id,m1_0.status,m1_0.win_condition,m1_0.winner_id from matches m1_0 where m1_0.id=?
Hibernate: select p1_0.id,p1_0.avatar,p1_0.banned,p1_0.banned_at,p1_0.created,p1_0.degree_level,p1_0.display_name,p1_0.email,p1_0.experience,p1_0.last_login,p1_0.level,p1_0.password_hash,p1_0.role,p1_0.specialization,p1_0.student_id from players p1_0 where p1_0.id=?
Hibernate: select p1_0.id,p1_0.avatar,p1_0.banned,p1_0.banned_at,p1_0.created,p1_0.degree_level,p1_0.display_name,p1_0.email,p1_0.experience,p1_0.last_login,p1_0.level,p1_0.password_hash,p1_0.role,p1_0.specialization,p1_0.student_id from players p1_0 where p1_0.email=?
Hibernate: select m1_0.id,m1_0.battle_code,m1_0.created_at,m1_0.deck1_id,m1_0.deck2_id,m1_0.ended_at,m1_0.event_id,m1_0.player1_id,m1_0.player2_id,m1_0.status,m1_0.win_condition,m1_0.winner_id from matches m1_0 where m1_0.id=?
Hibernate: select p1_0.id,p1_0.avatar,p1_0.banned,p1_0.banned_at,p1_0.created,p1_0.degree_level,p1_0.display_name,p1_0.email,p1_0.experience,p1_0.last_login,p1_0.level,p1_0.password_hash,p1_0.role,p1_0.specialization,p1_0.student_id from players p1_0 where p1_0.id=?
Hibernate: select p1_0.id,p1_0.avatar,p1_0.banned,p1_0.banned_at,p1_0.created,p1_0.degree_level,p1_0.display_name,p1_0.email,p1_0.experience,p1_0.last_login,p1_0.level,p1_0.password_hash,p1_0.role,p1_0.specialization,p1_0.student_id from players p1_0 where p1_0.email=?
Hibernate: select m1_0.id,m1_0.battle_code,m1_0.created_at,m1_0.deck1_id,m1_0.deck2_id,m1_0.ended_at,m1_0.event_id,m1_0.player1_id,m1_0.player2_id,m1_0.status,m1_0.win_condition,m1_0.winner_id from matches m1_0 where m1_0.id=?
Hibernate: select p1_0.id,p1_0.avatar,p1_0.banned,p1_0.banned_at,p1_0.created,p1_0.degree_level,p1_0.display_name,p1_0.email,p1_0.experience,p1_0.last_login,p1_0.level,p1_0.password_hash,p1_0.role,p1_0.specialization,p1_0.student_id from players p1_0 where p1_0.id=?
Hibernate: select p1_0.id,p1_0.avatar,p1_0.banned,p1_0.banned_at,p1_0.created,p1_0.degree_level,p1_0.display_name,p1_0.email,p1_0.experience,p1_0.last_login,p1_0.level,p1_0.password_hash,p1_0.role,p1_0.specialization,p1_0.student_id from players p1_0 where p1_0.email=?
Hibernate: select m1_0.id,m1_0.battle_code,m1_0.created_at,m1_0.deck1_id,m1_0.deck2_id,m1_0.ended_at,m1_0.event_id,m1_0.player1_id,m1_0.player2_id,m1_0.status,m1_0.win_condition,m1_0.winner_id from matches m1_0 where m1_0.id=?
Hibernate: select p1_0.id,p1_0.avatar,p1_0.banned,p1_0.banned_at,p1_0.created,p1_0.degree_level,p1_0.display_name,p1_0.email,p1_0.experience,p1_0.last_login,p1_0.level,p1_0.password_hash,p1_0.role,p1_0.specialization,p1_0.student_id from players p1_0 where p1_0.id=?
Hibernate: select p1_0.id,p1_0.avatar,p1_0.banned,p1_0.banned_at,p1_0.created,p1_0.degree_level,p1_0.display_name,p1_0.email,p1_0.experience,p1_0.last_login,p1_0.level,p1_0.password_hash,p1_0.role,p1_0.specialization,p1_0.student_id from players p1_0 where p1_0.email=?
Hibernate: select m1_0.id,m1_0.battle_code,m1_0.created_at,m1_0.deck1_id,m1_0.deck2_id,m1_0.ended_at,m1_0.event_id,m1_0.player1_id,m1_0.player2_id,m1_0.status,m1_0.win_condition,m1_0.winner_id from matches m1_0 where m1_0.id=?
Hibernate: select p1_0.id,p1_0.avatar,p1_0.banned,p1_0.banned_at,p1_0.created,p1_0.degree_level,p1_0.display_name,p1_0.email,p1_0.experience,p1_0.last_login,p1_0.level,p1_0.password_hash,p1_0.role,p1_0.specialization,p1_0.student_id from players p1_0 where p1_0.id=?
Hibernate: select p1_0.id,p1_0.avatar,p1_0.banned,p1_0.banned_at,p1_0.created,p1_0.degree_level,p1_0.display_name,p1_0.email,p1_0.experience,p1_0.last_login,p1_0.level,p1_0.password_hash,p1_0.role,p1_0.specialization,p1_0.student_id from players p1_0 where p1_0.email=?
Hibernate: select m1_0.id,m1_0.battle_code,m1_0.created_at,m1_0.deck1_id,m1_0.deck2_id,m1_0.ended_at,m1_0.event_id,m1_0.player1_id,m1_0.player2_id,m1_0.status,m1_0.win_condition,m1_0.winner_id from matches m1_0 where m1_0.id=?
Hibernate: select p1_0.id,p1_0.avatar,p1_0.banned,p1_0.banned_at,p1_0.created,p1_0.degree_level,p1_0.display_name,p1_0.email,p1_0.experience,p1_0.last_login,p1_0.level,p1_0.password_hash,p1_0.role,p1_0.specialization,p1_0.student_id from players p1_0 where p1_0.id=?
Hibernate: select p1_0.id,p1_0.avatar,p1_0.banned,p1_0.banned_at,p1_0.created,p1_0.degree_level,p1_0.display_name,p1_0.email,p1_0.experience,p1_0.last_login,p1_0.level,p1_0.password_hash,p1_0.role,p1_0.specialization,p1_0.student_id from players p1_0 where p1_0.email=?
Hibernate: select m1_0.id,m1_0.battle_code,m1_0.created_at,m1_0.deck1_id,m1_0.deck2_id,m1_0.ended_at,m1_0.event_id,m1_0.player1_id,m1_0.player2_id,m1_0.status,m1_0.win_condition,m1_0.winner_id from matches m1_0 where m1_0.id=?
Hibernate: select p1_0.id,p1_0.avatar,p1_0.banned,p1_0.banned_at,p1_0.created,p1_0.degree_level,p1_0.display_name,p1_0.email,p1_0.experience,p1_0.last_login,p1_0.level,p1_0.password_hash,p1_0.role,p1_0.specialization,p1_0.student_id from players p1_0 where p1_0.id=?
Hibernate: select p1_0.id,p1_0.avatar,p1_0.banned,p1_0.banned_at,p1_0.created,p1_0.degree_level,p1_0.display_name,p1_0.email,p1_0.experience,p1_0.last_login,p1_0.level,p1_0.password_hash,p1_0.role,p1_0.specialization,p1_0.student_id from players p1_0 where p1_0.email=?
Hibernate: select m1_0.id,m1_0.battle_code,m1_0.created_at,m1_0.deck1_id,m1_0.deck2_id,m1_0.ended_at,m1_0.event_id,m1_0.player1_id,m1_0.player2_id,m1_0.status,m1_0.win_condition,m1_0.winner_id from matches m1_0 where m1_0.id=?
Hibernate: select p1_0.id,p1_0.avatar,p1_0.banned,p1_0.banned_at,p1_0.created,p1_0.degree_level,p1_0.display_name,p1_0.email,p1_0.experience,p1_0.last_login,p1_0.level,p1_0.password_hash,p1_0.role,p1_0.specialization,p1_0.student_id from players p1_0 where p1_0.id=?
Hibernate: select p1_0.id,p1_0.avatar,p1_0.banned,p1_0.banned_at,p1_0.created,p1_0.degree_level,p1_0.display_name,p1_0.email,p1_0.experience,p1_0.last_login,p1_0.level,p1_0.password_hash,p1_0.role,p1_0.specialization,p1_0.student_id from players p1_0 where p1_0.email=?
Hibernate: select m1_0.id,m1_0.battle_code,m1_0.created_at,m1_0.deck1_id,m1_0.deck2_id,m1_0.ended_at,m1_0.event_id,m1_0.player1_id,m1_0.player2_id,m1_0.status,m1_0.win_condition,m1_0.winner_id from matches m1_0 where m1_0.id=?
Hibernate: select p1_0.id,p1_0.avatar,p1_0.banned,p1_0.banned_at,p1_0.created,p1_0.degree_level,p1_0.display_name,p1_0.email,p1_0.experience,p1_0.last_login,p1_0.level,p1_0.password_hash,p1_0.role,p1_0.specialization,p1_0.student_id from players p1_0 where p1_0.id=?
Hibernate: select p1_0.id,p1_0.avatar,p1_0.banned,p1_0.banned_at,p1_0.created,p1_0.degree_level,p1_0.display_name,p1_0.email,p1_0.experience,p1_0.last_login,p1_0.level,p1_0.password_hash,p1_0.role,p1_0.specialization,p1_0.student_id from players p1_0 where p1_0.email=?
Hibernate: select m1_0.id,m1_0.battle_code,m1_0.created_at,m1_0.deck1_id,m1_0.deck2_id,m1_0.ended_at,m1_0.event_id,m1_0.player1_id,m1_0.player2_id,m1_0.status,m1_0.win_condition,m1_0.winner_id from matches m1_0 where m1_0.id=?
Hibernate: select p1_0.id,p1_0.avatar,p1_0.banned,p1_0.banned_at,p1_0.created,p1_0.degree_level,p1_0.display_name,p1_0.email,p1_0.experience,p1_0.last_login,p1_0.level,p1_0.password_hash,p1_0.role,p1_0.specialization,p1_0.student_id from players p1_0 where p1_0.id=?
Hibernate: select p1_0.id,p1_0.avatar,p1_0.banned,p1_0.banned_at,p1_0.created,p1_0.degree_level,p1_0.display_name,p1_0.email,p1_0.experience,p1_0.last_login,p1_0.level,p1_0.password_hash,p1_0.role,p1_0.specialization,p1_0.student_id from players p1_0 where p1_0.email=?
Hibernate: select m1_0.id,m1_0.battle_code,m1_0.created_at,m1_0.deck1_id,m1_0.deck2_id,m1_0.ended_at,m1_0.event_id,m1_0.player1_id,m1_0.player2_id,m1_0.status,m1_0.win_condition,m1_0.winner_id from matches m1_0 where m1_0.id=?
Hibernate: select p1_0.id,p1_0.avatar,p1_0.banned,p1_0.banned_at,p1_0.created,p1_0.degree_level,p1_0.display_name,p1_0.email,p1_0.experience,p1_0.last_login,p1_0.level,p1_0.password_hash,p1_0.role,p1_0.specialization,p1_0.student_id from players p1_0 where p1_0.id=?
Hibernate: select p1_0.id,p1_0.avatar,p1_0.banned,p1_0.banned_at,p1_0.created,p1_0.degree_level,p1_0.display_name,p1_0.email,p1_0.experience,p1_0.last_login,p1_0.level,p1_0.password_hash,p1_0.role,p1_0.specialization,p1_0.student_id from players p1_0 where p1_0.email=?
Hibernate: select m1_0.id,m1_0.battle_code,m1_0.created_at,m1_0.deck1_id,m1_0.deck2_id,m1_0.ended_at,m1_0.event_id,m1_0.player1_id,m1_0.player2_id,m1_0.status,m1_0.win_condition,m1_0.winner_id from matches m1_0 where m1_0.id=?
Hibernate: select p1_0.id,p1_0.avatar,p1_0.banned,p1_0.banned_at,p1_0.created,p1_0.degree_level,p1_0.display_name,p1_0.email,p1_0.experience,p1_0.last_login,p1_0.level,p1_0.password_hash,p1_0.role,p1_0.specialization,p1_0.student_id from players p1_0 where p1_0.id=?
Hibernate: select p1_0.id,p1_0.avatar,p1_0.banned,p1_0.banned_at,p1_0.created,p1_0.degree_level,p1_0.display_name,p1_0.email,p1_0.experience,p1_0.last_login,p1_0.level,p1_0.password_hash,p1_0.role,p1_0.specialization,p1_0.student_id from players p1_0 where p1_0.email=?
Hibernate: select m1_0.id,m1_0.battle_code,m1_0.created_at,m1_0.deck1_id,m1_0.deck2_id,m1_0.ended_at,m1_0.event_id,m1_0.player1_id,m1_0.player2_id,m1_0.status,m1_0.win_condition,m1_0.winner_id from matches m1_0 where m1_0.id=?
Hibernate: select p1_0.id,p1_0.avatar,p1_0.banned,p1_0.banned_at,p1_0.created,p1_0.degree_level,p1_0.display_name,p1_0.email,p1_0.experience,p1_0.last_login,p1_0.level,p1_0.password_hash,p1_0.role,p1_0.specialization,p1_0.student_id from players p1_0 where p1_0.id=?
Hibernate: select p1_0.id,p1_0.avatar,p1_0.banned,p1_0.banned_at,p1_0.created,p1_0.degree_level,p1_0.display_name,p1_0.email,p1_0.experience,p1_0.last_login,p1_0.level,p1_0.password_hash,p1_0.role,p1_0.specialization,p1_0.student_id from players p1_0 where p1_0.email=?
Hibernate: select m1_0.id,m1_0.battle_code,m1_0.created_at,m1_0.deck1_id,m1_0.deck2_id,m1_0.ended_at,m1_0.event_id,m1_0.player1_id,m1_0.player2_id,m1_0.status,m1_0.win_condition,m1_0.winner_id from matches m1_0 where m1_0.id=?
Hibernate: select p1_0.id,p1_0.avatar,p1_0.banned,p1_0.banned_at,p1_0.created,p1_0.degree_level,p1_0.display_name,p1_0.email,p1_0.experience,p1_0.last_login,p1_0.level,p1_0.password_hash,p1_0.role,p1_0.specialization,p1_0.student_id from players p1_0 where p1_0.id=?
Hibernate: select p1_0.id,p1_0.avatar,p1_0.banned,p1_0.banned_at,p1_0.created,p1_0.degree_level,p1_0.display_name,p1_0.email,p1_0.experience,p1_0.last_login,p1_0.level,p1_0.password_hash,p1_0.role,p1_0.specialization,p1_0.student_id from players p1_0 where p1_0.email=?
Hibernate: select m1_0.id,m1_0.battle_code,m1_0.created_at,m1_0.deck1_id,m1_0.deck2_id,m1_0.ended_at,m1_0.event_id,m1_0.player1_id,m1_0.player2_id,m1_0.status,m1_0.win_condition,m1_0.winner_id from matches m1_0 where m1_0.id=?
Hibernate: select p1_0.id,p1_0.avatar,p1_0.banned,p1_0.banned_at,p1_0.created,p1_0.degree_level,p1_0.display_name,p1_0.email,p1_0.experience,p1_0.last_login,p1_0.level,p1_0.password_hash,p1_0.role,p1_0.specialization,p1_0.student_id from players p1_0 where p1_0.id=?
Hibernate: select p1_0.id,p1_0.avatar,p1_0.banned,p1_0.banned_at,p1_0.created,p1_0.degree_level,p1_0.display_name,p1_0.email,p1_0.experience,p1_0.last_login,p1_0.level,p1_0.password_hash,p1_0.role,p1_0.specialization,p1_0.student_id from players p1_0 where p1_0.email=?
Hibernate: select m1_0.id,m1_0.battle_code,m1_0.created_at,m1_0.deck1_id,m1_0.deck2_id,m1_0.ended_at,m1_0.event_id,m1_0.player1_id,m1_0.player2_id,m1_0.status,m1_0.win_condition,m1_0.winner_id from matches m1_0 where m1_0.id=?
Hibernate: select p1_0.id,p1_0.avatar,p1_0.banned,p1_0.banned_at,p1_0.created,p1_0.degree_level,p1_0.display_name,p1_0.email,p1_0.experience,p1_0.last_login,p1_0.level,p1_0.password_hash,p1_0.role,p1_0.specialization,p1_0.student_id from players p1_0 where p1_0.id=?
Hibernate: select p1_0.id,p1_0.avatar,p1_0.banned,p1_0.banned_at,p1_0.created,p1_0.degree_level,p1_0.display_name,p1_0.email,p1_0.experience,p1_0.last_login,p1_0.level,p1_0.password_hash,p1_0.role,p1_0.specialization,p1_0.student_id from players p1_0 where p1_0.email=?
Hibernate: select m1_0.id,m1_0.battle_code,m1_0.created_at,m1_0.deck1_id,m1_0.deck2_id,m1_0.ended_at,m1_0.event_id,m1_0.player1_id,m1_0.player2_id,m1_0.status,m1_0.win_condition,m1_0.winner_id from matches m1_0 where m1_0.id=?
Hibernate: select p1_0.id,p1_0.avatar,p1_0.banned,p1_0.banned_at,p1_0.created,p1_0.degree_level,p1_0.display_name,p1_0.email,p1_0.experience,p1_0.last_login,p1_0.level,p1_0.password_hash,p1_0.role,p1_0.specialization,p1_0.student_id from players p1_0 where p1_0.id=?
Hibernate: select p1_0.id,p1_0.avatar,p1_0.banned,p1_0.banned_at,p1_0.created,p1_0.degree_level,p1_0.display_name,p1_0.email,p1_0.experience,p1_0.last_login,p1_0.level,p1_0.password_hash,p1_0.role,p1_0.specialization,p1_0.student_id from players p1_0 where p1_0.email=?
Hibernate: select m1_0.id,m1_0.battle_code,m1_0.created_at,m1_0.deck1_id,m1_0.deck2_id,m1_0.ended_at,m1_0.event_id,m1_0.player1_id,m1_0.player2_id,m1_0.status,m1_0.win_condition,m1_0.winner_id from matches m1_0 where m1_0.id=?
Hibernate: select p1_0.id,p1_0.avatar,p1_0.banned,p1_0.banned_at,p1_0.created,p1_0.degree_level,p1_0.display_name,p1_0.email,p1_0.experience,p1_0.last_login,p1_0.level,p1_0.password_hash,p1_0.role,p1_0.specialization,p1_0.student_id from players p1_0 where p1_0.id=?
Hibernate: select p1_0.id,p1_0.avatar,p1_0.banned,p1_0.banned_at,p1_0.created,p1_0.degree_level,p1_0.display_name,p1_0.email,p1_0.experience,p1_0.last_login,p1_0.level,p1_0.password_hash,p1_0.role,p1_0.specialization,p1_0.student_id from players p1_0 where p1_0.email=?
Hibernate: select m1_0.id,m1_0.battle_code,m1_0.created_at,m1_0.deck1_id,m1_0.deck2_id,m1_0.ended_at,m1_0.event_id,m1_0.player1_id,m1_0.player2_id,m1_0.status,m1_0.win_condition,m1_0.winner_id from matches m1_0 where m1_0.id=?
Hibernate: select p1_0.id,p1_0.avatar,p1_0.banned,p1_0.banned_at,p1_0.created,p1_0.degree_level,p1_0.display_name,p1_0.email,p1_0.experience,p1_0.last_login,p1_0.level,p1_0.password_hash,p1_0.role,p1_0.specialization,p1_0.student_id from players p1_0 where p1_0.id=?
Hibernate: select p1_0.id,p1_0.avatar,p1_0.banned,p1_0.banned_at,p1_0.created,p1_0.degree_level,p1_0.display_name,p1_0.email,p1_0.experience,p1_0.last_login,p1_0.level,p1_0.password_hash,p1_0.role,p1_0.specialization,p1_0.student_id from players p1_0 where p1_0.email=?
Hibernate: select m1_0.id,m1_0.battle_code,m1_0.created_at,m1_0.deck1_id,m1_0.deck2_id,m1_0.ended_at,m1_0.event_id,m1_0.player1_id,m1_0.player2_id,m1_0.status,m1_0.win_condition,m1_0.winner_id from matches m1_0 where m1_0.id=?
Hibernate: select p1_0.id,p1_0.avatar,p1_0.banned,p1_0.banned_at,p1_0.created,p1_0.degree_level,p1_0.display_name,p1_0.email,p1_0.experience,p1_0.last_login,p1_0.level,p1_0.password_hash,p1_0.role,p1_0.specialization,p1_0.student_id from players p1_0 where p1_0.id=?
Hibernate: select p1_0.id,p1_0.avatar,p1_0.banned,p1_0.banned_at,p1_0.created,p1_0.degree_level,p1_0.display_name,p1_0.email,p1_0.experience,p1_0.last_login,p1_0.level,p1_0.password_hash,p1_0.role,p1_0.specialization,p1_0.student_id from players p1_0 where p1_0.email=?
Hibernate: select m1_0.id,m1_0.battle_code,m1_0.created_at,m1_0.deck1_id,m1_0.deck2_id,m1_0.ended_at,m1_0.event_id,m1_0.player1_id,m1_0.player2_id,m1_0.status,m1_0.win_condition,m1_0.winner_id from matches m1_0 where m1_0.id=?
Hibernate: select p1_0.id,p1_0.avatar,p1_0.banned,p1_0.banned_at,p1_0.created,p1_0.degree_level,p1_0.display_name,p1_0.email,p1_0.experience,p1_0.last_login,p1_0.level,p1_0.password_hash,p1_0.role,p1_0.specialization,p1_0.student_id from players p1_0 where p1_0.id=?
Hibernate: select p1_0.id,p1_0.avatar,p1_0.banned,p1_0.banned_at,p1_0.created,p1_0.degree_level,p1_0.display_name,p1_0.email,p1_0.experience,p1_0.last_login,p1_0.level,p1_0.password_hash,p1_0.role,p1_0.specialization,p1_0.student_id from players p1_0 where p1_0.email=?
Hibernate: select m1_0.id,m1_0.battle_code,m1_0.created_at,m1_0.deck1_id,m1_0.deck2_id,m1_0.ended_at,m1_0.event_id,m1_0.player1_id,m1_0.player2_id,m1_0.status,m1_0.win_condition,m1_0.winner_id from matches m1_0 where m1_0.id=?
Hibernate: select p1_0.id,p1_0.avatar,p1_0.banned,p1_0.banned_at,p1_0.created,p1_0.degree_level,p1_0.display_name,p1_0.email,p1_0.experience,p1_0.last_login,p1_0.level,p1_0.password_hash,p1_0.role,p1_0.specialization,p1_0.student_id from players p1_0 where p1_0.id=?
Hibernate: select p1_0.id,p1_0.avatar,p1_0.banned,p1_0.banned_at,p1_0.created,p1_0.degree_level,p1_0.display_name,p1_0.email,p1_0.experience,p1_0.last_login,p1_0.level,p1_0.password_hash,p1_0.role,p1_0.specialization,p1_0.student_id from players p1_0 where p1_0.email=?
Hibernate: select m1_0.id,m1_0.battle_code,m1_0.created_at,m1_0.deck1_id,m1_0.deck2_id,m1_0.ended_at,m1_0.event_id,m1_0.player1_id,m1_0.player2_id,m1_0.status,m1_0.win_condition,m1_0.winner_id from matches m1_0 where m1_0.id=?
Hibernate: select p1_0.id,p1_0.avatar,p1_0.banned,p1_0.banned_at,p1_0.created,p1_0.degree_level,p1_0.display_name,p1_0.email,p1_0.experience,p1_0.last_login,p1_0.level,p1_0.password_hash,p1_0.role,p1_0.specialization,p1_0.student_id from players p1_0 where p1_0.id=?
Hibernate: select p1_0.id,p1_0.avatar,p1_0.banned,p1_0.banned_at,p1_0.created,p1_0.degree_level,p1_0.display_name,p1_0.email,p1_0.experience,p1_0.last_login,p1_0.level,p1_0.password_hash,p1_0.role,p1_0.specialization,p1_0.student_id from players p1_0 where p1_0.email=?
Hibernate: select m1_0.id,m1_0.battle_code,m1_0.created_at,m1_0.deck1_id,m1_0.deck2_id,m1_0.ended_at,m1_0.event_id,m1_0.player1_id,m1_0.player2_id,m1_0.status,m1_0.win_condition,m1_0.winner_id from matches m1_0 where m1_0.id=?
Hibernate: select p1_0.id,p1_0.avatar,p1_0.banned,p1_0.banned_at,p1_0.created,p1_0.degree_level,p1_0.display_name,p1_0.email,p1_0.experience,p1_0.last_login,p1_0.level,p1_0.password_hash,p1_0.role,p1_0.specialization,p1_0.student_id from players p1_0 where p1_0.id=?
Hibernate: select p1_0.id,p1_0.avatar,p1_0.banned,p1_0.banned_at,p1_0.created,p1_0.degree_level,p1_0.display_name,p1_0.email,p1_0.experience,p1_0.last_login,p1_0.level,p1_0.password_hash,p1_0.role,p1_0.specialization,p1_0.student_id from players p1_0 where p1_0.email=?
Hibernate: select m1_0.id,m1_0.battle_code,m1_0.created_at,m1_0.deck1_id,m1_0.deck2_id,m1_0.ended_at,m1_0.event_id,m1_0.player1_id,m1_0.player2_id,m1_0.status,m1_0.win_condition,m1_0.winner_id from matches m1_0 where m1_0.id=?
Hibernate: select p1_0.id,p1_0.avatar,p1_0.banned,p1_0.banned_at,p1_0.created,p1_0.degree_level,p1_0.display_name,p1_0.email,p1_0.experience,p1_0.last_login,p1_0.level,p1_0.password_hash,p1_0.role,p1_0.specialization,p1_0.student_id from players p1_0 where p1_0.id=?
Hibernate: select p1_0.id,p1_0.avatar,p1_0.banned,p1_0.banned_at,p1_0.created,p1_0.degree_level,p1_0.display_name,p1_0.email,p1_0.experience,p1_0.last_login,p1_0.level,p1_0.password_hash,p1_0.role,p1_0.specialization,p1_0.student_id from players p1_0 where p1_0.email=?
Hibernate: select m1_0.id,m1_0.battle_code,m1_0.created_at,m1_0.deck1_id,m1_0.deck2_id,m1_0.ended_at,m1_0.event_id,m1_0.player1_id,m1_0.player2_id,m1_0.status,m1_0.win_condition,m1_0.winner_id from matches m1_0 where m1_0.id=?
Hibernate: select p1_0.id,p1_0.avatar,p1_0.banned,p1_0.banned_at,p1_0.created,p1_0.degree_level,p1_0.display_name,p1_0.email,p1_0.experience,p1_0.last_login,p1_0.level,p1_0.password_hash,p1_0.role,p1_0.specialization,p1_0.student_id from players p1_0 where p1_0.id=?
Hibernate: select p1_0.id,p1_0.avatar,p1_0.banned,p1_0.banned_at,p1_0.created,p1_0.degree_level,p1_0.display_name,p1_0.email,p1_0.experience,p1_0.last_login,p1_0.level,p1_0.password_hash,p1_0.role,p1_0.specialization,p1_0.student_id from players p1_0 where p1_0.email=?
Hibernate: select m1_0.id,m1_0.battle_code,m1_0.created_at,m1_0.deck1_id,m1_0.deck2_id,m1_0.ended_at,m1_0.event_id,m1_0.player1_id,m1_0.player2_id,m1_0.status,m1_0.win_condition,m1_0.winner_id from matches m1_0 where m1_0.id=?
Hibernate: select p1_0.id,p1_0.avatar,p1_0.banned,p1_0.banned_at,p1_0.created,p1_0.degree_level,p1_0.display_name,p1_0.email,p1_0.experience,p1_0.last_login,p1_0.level,p1_0.password_hash,p1_0.role,p1_0.specialization,p1_0.student_id from players p1_0 where p1_0.id=?
Hibernate: select p1_0.id,p1_0.avatar,p1_0.banned,p1_0.banned_at,p1_0.created,p1_0.degree_level,p1_0.display_name,p1_0.email,p1_0.experience,p1_0.last_login,p1_0.level,p1_0.password_hash,p1_0.role,p1_0.specialization,p1_0.student_id from players p1_0 where p1_0.email=?
Hibernate: select m1_0.id,m1_0.battle_code,m1_0.created_at,m1_0.deck1_id,m1_0.deck2_id,m1_0.ended_at,m1_0.event_id,m1_0.player1_id,m1_0.player2_id,m1_0.status,m1_0.win_condition,m1_0.winner_id from matches m1_0 where m1_0.id=?
Hibernate: select p1_0.id,p1_0.avatar,p1_0.banned,p1_0.banned_at,p1_0.created,p1_0.degree_level,p1_0.display_name,p1_0.email,p1_0.experience,p1_0.last_login,p1_0.level,p1_0.password_hash,p1_0.role,p1_0.specialization,p1_0.student_id from players p1_0 where p1_0.id=?
Hibernate: select p1_0.id,p1_0.avatar,p1_0.banned,p1_0.banned_at,p1_0.created,p1_0.degree_level,p1_0.display_name,p1_0.email,p1_0.experience,p1_0.last_login,p1_0.level,p1_0.password_hash,p1_0.role,p1_0.specialization,p1_0.student_id from players p1_0 where p1_0.email=?
Hibernate: select m1_0.id,m1_0.battle_code,m1_0.created_at,m1_0.deck1_id,m1_0.deck2_id,m1_0.ended_at,m1_0.event_id,m1_0.player1_id,m1_0.player2_id,m1_0.status,m1_0.win_condition,m1_0.winner_id from matches m1_0 where m1_0.id=?
Hibernate: select p1_0.id,p1_0.avatar,p1_0.banned,p1_0.banned_at,p1_0.created,p1_0.degree_level,p1_0.display_name,p1_0.email,p1_0.experience,p1_0.last_login,p1_0.level,p1_0.password_hash,p1_0.role,p1_0.specialization,p1_0.student_id from players p1_0 where p1_0.id=?
Hibernate: select p1_0.id,p1_0.avatar,p1_0.banned,p1_0.banned_at,p1_0.created,p1_0.degree_level,p1_0.display_name,p1_0.email,p1_0.experience,p1_0.last_login,p1_0.level,p1_0.password_hash,p1_0.role,p1_0.specialization,p1_0.student_id from players p1_0 where p1_0.email=?
Hibernate: select m1_0.id,m1_0.battle_code,m1_0.created_at,m1_0.deck1_id,m1_0.deck2_id,m1_0.ended_at,m1_0.event_id,m1_0.player1_id,m1_0.player2_id,m1_0.status,m1_0.win_condition,m1_0.winner_id from matches m1_0 where m1_0.id=?
Hibernate: select p1_0.id,p1_0.avatar,p1_0.banned,p1_0.banned_at,p1_0.created,p1_0.degree_level,p1_0.display_name,p1_0.email,p1_0.experience,p1_0.last_login,p1_0.level,p1_0.password_hash,p1_0.role,p1_0.specialization,p1_0.student_id from players p1_0 where p1_0.id=?
Hibernate: select p1_0.id,p1_0.avatar,p1_0.banned,p1_0.banned_at,p1_0.created,p1_0.degree_level,p1_0.display_name,p1_0.email,p1_0.experience,p1_0.last_login,p1_0.level,p1_0.password_hash,p1_0.role,p1_0.specialization,p1_0.student_id from players p1_0 where p1_0.email=?
Hibernate: select m1_0.id,m1_0.battle_code,m1_0.created_at,m1_0.deck1_id,m1_0.deck2_id,m1_0.ended_at,m1_0.event_id,m1_0.player1_id,m1_0.player2_id,m1_0.status,m1_0.win_condition,m1_0.winner_id from matches m1_0 where m1_0.id=?
Hibernate: select p1_0.id,p1_0.avatar,p1_0.banned,p1_0.banned_at,p1_0.created,p1_0.degree_level,p1_0.display_name,p1_0.email,p1_0.experience,p1_0.last_login,p1_0.level,p1_0.password_hash,p1_0.role,p1_0.specialization,p1_0.student_id from players p1_0 where p1_0.id=?
Hibernate: select p1_0.id,p1_0.avatar,p1_0.banned,p1_0.banned_at,p1_0.created,p1_0.degree_level,p1_0.display_name,p1_0.email,p1_0.experience,p1_0.last_login,p1_0.level,p1_0.password_hash,p1_0.role,p1_0.specialization,p1_0.student_id from players p1_0 where p1_0.email=?
Hibernate: select m1_0.id,m1_0.battle_code,m1_0.created_at,m1_0.deck1_id,m1_0.deck2_id,m1_0.ended_at,m1_0.event_id,m1_0.player1_id,m1_0.player2_id,m1_0.status,m1_0.win_condition,m1_0.winner_id from matches m1_0 where m1_0.id=?
Hibernate: select p1_0.id,p1_0.avatar,p1_0.banned,p1_0.banned_at,p1_0.created,p1_0.degree_level,p1_0.display_name,p1_0.email,p1_0.experience,p1_0.last_login,p1_0.level,p1_0.password_hash,p1_0.role,p1_0.specialization,p1_0.student_id from players p1_0 where p1_0.id=?
Hibernate: select p1_0.id,p1_0.avatar,p1_0.banned,p1_0.banned_at,p1_0.created,p1_0.degree_level,p1_0.display_name,p1_0.email,p1_0.experience,p1_0.last_login,p1_0.level,p1_0.password_hash,p1_0.role,p1_0.specialization,p1_0.student_id from players p1_0 where p1_0.email=?
Hibernate: select m1_0.id,m1_0.battle_code,m1_0.created_at,m1_0.deck1_id,m1_0.deck2_id,m1_0.ended_at,m1_0.event_id,m1_0.player1_id,m1_0.player2_id,m1_0.status,m1_0.win_condition,m1_0.winner_id from matches m1_0 where m1_0.id=?
Hibernate: select p1_0.id,p1_0.avatar,p1_0.banned,p1_0.banned_at,p1_0.created,p1_0.degree_level,p1_0.display_name,p1_0.email,p1_0.experience,p1_0.last_login,p1_0.level,p1_0.password_hash,p1_0.role,p1_0.specialization,p1_0.student_id from players p1_0 where p1_0.id=?
Hibernate: select p1_0.id,p1_0.avatar,p1_0.banned,p1_0.banned_at,p1_0.created,p1_0.degree_level,p1_0.display_name,p1_0.email,p1_0.experience,p1_0.last_login,p1_0.level,p1_0.password_hash,p1_0.role,p1_0.specialization,p1_0.student_id from players p1_0 where p1_0.email=?
Hibernate: select m1_0.id,m1_0.battle_code,m1_0.created_at,m1_0.deck1_id,m1_0.deck2_id,m1_0.ended_at,m1_0.event_id,m1_0.player1_id,m1_0.player2_id,m1_0.status,m1_0.win_condition,m1_0.winner_id from matches m1_0 where m1_0.id=?
Hibernate: select p1_0.id,p1_0.avatar,p1_0.banned,p1_0.banned_at,p1_0.created,p1_0.degree_level,p1_0.display_name,p1_0.email,p1_0.experience,p1_0.last_login,p1_0.level,p1_0.password_hash,p1_0.role,p1_0.specialization,p1_0.student_id from players p1_0 where p1_0.id=?
Hibernate: select p1_0.id,p1_0.avatar,p1_0.banned,p1_0.banned_at,p1_0.created,p1_0.degree_level,p1_0.display_name,p1_0.email,p1_0.experience,p1_0.last_login,p1_0.level,p1_0.password_hash,p1_0.role,p1_0.specialization,p1_0.student_id from players p1_0 where p1_0.email=?
Hibernate: select m1_0.id,m1_0.battle_code,m1_0.created_at,m1_0.deck1_id,m1_0.deck2_id,m1_0.ended_at,m1_0.event_id,m1_0.player1_id,m1_0.player2_id,m1_0.status,m1_0.win_condition,m1_0.winner_id from matches m1_0 where m1_0.id=?
Hibernate: select p1_0.id,p1_0.avatar,p1_0.banned,p1_0.banned_at,p1_0.created,p1_0.degree_level,p1_0.display_name,p1_0.email,p1_0.experience,p1_0.last_login,p1_0.level,p1_0.password_hash,p1_0.role,p1_0.specialization,p1_0.student_id from players p1_0 where p1_0.id=?
Hibernate: select p1_0.id,p1_0.avatar,p1_0.banned,p1_0.banned_at,p1_0.created,p1_0.degree_level,p1_0.display_name,p1_0.email,p1_0.experience,p1_0.last_login,p1_0.level,p1_0.password_hash,p1_0.role,p1_0.specialization,p1_0.student_id from players p1_0 where p1_0.email=?
Hibernate: select m1_0.id,m1_0.battle_code,m1_0.created_at,m1_0.deck1_id,m1_0.deck2_id,m1_0.ended_at,m1_0.event_id,m1_0.player1_id,m1_0.player2_id,m1_0.status,m1_0.win_condition,m1_0.winner_id from matches m1_0 where m1_0.id=?
Hibernate: select p1_0.id,p1_0.avatar,p1_0.banned,p1_0.banned_at,p1_0.created,p1_0.degree_level,p1_0.display_name,p1_0.email,p1_0.experience,p1_0.last_login,p1_0.level,p1_0.password_hash,p1_0.role,p1_0.specialization,p1_0.student_id from players p1_0 where p1_0.id=?
Hibernate: select p1_0.id,p1_0.avatar,p1_0.banned,p1_0.banned_at,p1_0.created,p1_0.degree_level,p1_0.display_name,p1_0.email,p1_0.experience,p1_0.last_login,p1_0.level,p1_0.password_hash,p1_0.role,p1_0.specialization,p1_0.student_id from players p1_0 where p1_0.email=?
Hibernate: select m1_0.id,m1_0.battle_code,m1_0.created_at,m1_0.deck1_id,m1_0.deck2_id,m1_0.ended_at,m1_0.event_id,m1_0.player1_id,m1_0.player2_id,m1_0.status,m1_0.win_condition,m1_0.winner_id from matches m1_0 where m1_0.id=?
Hibernate: select p1_0.id,p1_0.avatar,p1_0.banned,p1_0.banned_at,p1_0.created,p1_0.degree_level,p1_0.display_name,p1_0.email,p1_0.experience,p1_0.last_login,p1_0.level,p1_0.password_hash,p1_0.role,p1_0.specialization,p1_0.student_id from players p1_0 where p1_0.id=?
Hibernate: select p1_0.id,p1_0.avatar,p1_0.banned,p1_0.banned_at,p1_0.created,p1_0.degree_level,p1_0.display_name,p1_0.email,p1_0.experience,p1_0.last_login,p1_0.level,p1_0.password_hash,p1_0.role,p1_0.specialization,p1_0.student_id from players p1_0 where p1_0.email=?
Hibernate: select m1_0.id,m1_0.battle_code,m1_0.created_at,m1_0.deck1_id,m1_0.deck2_id,m1_0.ended_at,m1_0.event_id,m1_0.player1_id,m1_0.player2_id,m1_0.status,m1_0.win_condition,m1_0.winner_id from matches m1_0 where m1_0.id=?
Hibernate: select p1_0.id,p1_0.avatar,p1_0.banned,p1_0.banned_at,p1_0.created,p1_0.degree_level,p1_0.display_name,p1_0.email,p1_0.experience,p1_0.last_login,p1_0.level,p1_0.password_hash,p1_0.role,p1_0.specialization,p1_0.student_id from players p1_0 where p1_0.id=?
Hibernate: select p1_0.id,p1_0.avatar,p1_0.banned,p1_0.banned_at,p1_0.created,p1_0.degree_level,p1_0.display_name,p1_0.email,p1_0.experience,p1_0.last_login,p1_0.level,p1_0.password_hash,p1_0.role,p1_0.specialization,p1_0.student_id from players p1_0 where p1_0.email=?
Hibernate: select m1_0.id,m1_0.battle_code,m1_0.created_at,m1_0.deck1_id,m1_0.deck2_id,m1_0.ended_at,m1_0.event_id,m1_0.player1_id,m1_0.player2_id,m1_0.status,m1_0.win_condition,m1_0.winner_id from matches m1_0 where m1_0.id=?
Hibernate: select p1_0.id,p1_0.avatar,p1_0.banned,p1_0.banned_at,p1_0.created,p1_0.degree_level,p1_0.display_name,p1_0.email,p1_0.experience,p1_0.last_login,p1_0.level,p1_0.password_hash,p1_0.role,p1_0.specialization,p1_0.student_id from players p1_0 where p1_0.id=?
Hibernate: select p1_0.id,p1_0.avatar,p1_0.banned,p1_0.banned_at,p1_0.created,p1_0.degree_level,p1_0.display_name,p1_0.email,p1_0.experience,p1_0.last_login,p1_0.level,p1_0.password_hash,p1_0.role,p1_0.specialization,p1_0.student_id from players p1_0 where p1_0.email=?
Hibernate: select m1_0.id,m1_0.battle_code,m1_0.created_at,m1_0.deck1_id,m1_0.deck2_id,m1_0.ended_at,m1_0.event_id,m1_0.player1_id,m1_0.player2_id,m1_0.status,m1_0.win_condition,m1_0.winner_id from matches m1_0 where m1_0.id=?
Hibernate: select p1_0.id,p1_0.avatar,p1_0.banned,p1_0.banned_at,p1_0.created,p1_0.degree_level,p1_0.display_name,p1_0.email,p1_0.experience,p1_0.last_login,p1_0.level,p1_0.password_hash,p1_0.role,p1_0.specialization,p1_0.student_id from players p1_0 where p1_0.id=?
Hibernate: select p1_0.id,p1_0.avatar,p1_0.banned,p1_0.banned_at,p1_0.created,p1_0.degree_level,p1_0.display_name,p1_0.email,p1_0.experience,p1_0.last_login,p1_0.level,p1_0.password_hash,p1_0.role,p1_0.specialization,p1_0.student_id from players p1_0 where p1_0.email=?
Hibernate: select m1_0.id,m1_0.battle_code,m1_0.created_at,m1_0.deck1_id,m1_0.deck2_id,m1_0.ended_at,m1_0.event_id,m1_0.player1_id,m1_0.player2_id,m1_0.status,m1_0.win_condition,m1_0.winner_id from matches m1_0 where m1_0.id=?
Hibernate: select p1_0.id,p1_0.avatar,p1_0.banned,p1_0.banned_at,p1_0.created,p1_0.degree_level,p1_0.display_name,p1_0.email,p1_0.experience,p1_0.last_login,p1_0.level,p1_0.password_hash,p1_0.role,p1_0.specialization,p1_0.student_id from players p1_0 where p1_0.id=?
Hibernate: select p1_0.id,p1_0.avatar,p1_0.banned,p1_0.banned_at,p1_0.created,p1_0.degree_level,p1_0.display_name,p1_0.email,p1_0.experience,p1_0.last_login,p1_0.level,p1_0.password_hash,p1_0.role,p1_0.specialization,p1_0.student_id from players p1_0 where p1_0.email=?
Hibernate: select m1_0.id,m1_0.battle_code,m1_0.created_at,m1_0.deck1_id,m1_0.deck2_id,m1_0.ended_at,m1_0.event_id,m1_0.player1_id,m1_0.player2_id,m1_0.status,m1_0.win_condition,m1_0.winner_id from matches m1_0 where m1_0.id=?
Hibernate: select p1_0.id,p1_0.avatar,p1_0.banned,p1_0.banned_at,p1_0.created,p1_0.degree_level,p1_0.display_name,p1_0.email,p1_0.experience,p1_0.last_login,p1_0.level,p1_0.password_hash,p1_0.role,p1_0.specialization,p1_0.student_id from players p1_0 where p1_0.id=?
Hibernate: select p1_0.id,p1_0.avatar,p1_0.banned,p1_0.banned_at,p1_0.created,p1_0.degree_level,p1_0.display_name,p1_0.email,p1_0.experience,p1_0.last_login,p1_0.level,p1_0.password_hash,p1_0.role,p1_0.specialization,p1_0.student_id from players p1_0 where p1_0.email=?
Hibernate: select m1_0.id,m1_0.battle_code,m1_0.created_at,m1_0.deck1_id,m1_0.deck2_id,m1_0.ended_at,m1_0.event_id,m1_0.player1_id,m1_0.player2_id,m1_0.status,m1_0.win_condition,m1_0.winner_id from matches m1_0 where m1_0.id=?
Hibernate: select p1_0.id,p1_0.avatar,p1_0.banned,p1_0.banned_at,p1_0.created,p1_0.degree_level,p1_0.display_name,p1_0.email,p1_0.experience,p1_0.last_login,p1_0.level,p1_0.password_hash,p1_0.role,p1_0.specialization,p1_0.student_id from players p1_0 where p1_0.id=?
Hibernate: select p1_0.id,p1_0.avatar,p1_0.banned,p1_0.banned_at,p1_0.created,p1_0.degree_level,p1_0.display_name,p1_0.email,p1_0.experience,p1_0.last_login,p1_0.level,p1_0.password_hash,p1_0.role,p1_0.specialization,p1_0.student_id from players p1_0 where p1_0.email=?
Hibernate: select m1_0.id,m1_0.battle_code,m1_0.created_at,m1_0.deck1_id,m1_0.deck2_id,m1_0.ended_at,m1_0.event_id,m1_0.player1_id,m1_0.player2_id,m1_0.status,m1_0.win_condition,m1_0.winner_id from matches m1_0 where m1_0.id=?
Hibernate: select p1_0.id,p1_0.avatar,p1_0.banned,p1_0.banned_at,p1_0.created,p1_0.degree_level,p1_0.display_name,p1_0.email,p1_0.experience,p1_0.last_login,p1_0.level,p1_0.password_hash,p1_0.role,p1_0.specialization,p1_0.student_id from players p1_0 where p1_0.id=?
Hibernate: select p1_0.id,p1_0.avatar,p1_0.banned,p1_0.banned_at,p1_0.created,p1_0.degree_level,p1_0.display_name,p1_0.email,p1_0.experience,p1_0.last_login,p1_0.level,p1_0.password_hash,p1_0.role,p1_0.specialization,p1_0.student_id from players p1_0 where p1_0.email=?
Hibernate: select m1_0.id,m1_0.battle_code,m1_0.created_at,m1_0.deck1_id,m1_0.deck2_id,m1_0.ended_at,m1_0.event_id,m1_0.player1_id,m1_0.player2_id,m1_0.status,m1_0.win_condition,m1_0.winner_id from matches m1_0 where m1_0.id=?
Hibernate: select p1_0.id,p1_0.avatar,p1_0.banned,p1_0.banned_at,p1_0.created,p1_0.degree_level,p1_0.display_name,p1_0.email,p1_0.experience,p1_0.last_login,p1_0.level,p1_0.password_hash,p1_0.role,p1_0.specialization,p1_0.student_id from players p1_0 where p1_0.id=?
Hibernate: select p1_0.id,p1_0.avatar,p1_0.banned,p1_0.banned_at,p1_0.created,p1_0.degree_level,p1_0.display_name,p1_0.email,p1_0.experience,p1_0.last_login,p1_0.level,p1_0.password_hash,p1_0.role,p1_0.specialization,p1_0.student_id from players p1_0 where p1_0.email=?
Hibernate: select m1_0.id,m1_0.battle_code,m1_0.created_at,m1_0.deck1_id,m1_0.deck2_id,m1_0.ended_at,m1_0.event_id,m1_0.player1_id,m1_0.player2_id,m1_0.status,m1_0.win_condition,m1_0.winner_id from matches m1_0 where m1_0.id=?
Hibernate: select p1_0.id,p1_0.avatar,p1_0.banned,p1_0.banned_at,p1_0.created,p1_0.degree_level,p1_0.display_name,p1_0.email,p1_0.experience,p1_0.last_login,p1_0.level,p1_0.password_hash,p1_0.role,p1_0.specialization,p1_0.student_id from players p1_0 where p1_0.id=?
Hibernate: select p1_0.id,p1_0.avatar,p1_0.banned,p1_0.banned_at,p1_0.created,p1_0.degree_level,p1_0.display_name,p1_0.email,p1_0.experience,p1_0.last_login,p1_0.level,p1_0.password_hash,p1_0.role,p1_0.specialization,p1_0.student_id from players p1_0 where p1_0.email=?
Hibernate: select m1_0.id,m1_0.battle_code,m1_0.created_at,m1_0.deck1_id,m1_0.deck2_id,m1_0.ended_at,m1_0.event_id,m1_0.player1_id,m1_0.player2_id,m1_0.status,m1_0.win_condition,m1_0.winner_id from matches m1_0 where m1_0.id=?
Hibernate: select p1_0.id,p1_0.avatar,p1_0.banned,p1_0.banned_at,p1_0.created,p1_0.degree_level,p1_0.display_name,p1_0.email,p1_0.experience,p1_0.last_login,p1_0.level,p1_0.password_hash,p1_0.role,p1_0.specialization,p1_0.student_id from players p1_0 where p1_0.id=?
Hibernate: select p1_0.id,p1_0.avatar,p1_0.banned,p1_0.banned_at,p1_0.created,p1_0.degree_level,p1_0.display_name,p1_0.email,p1_0.experience,p1_0.last_login,p1_0.level,p1_0.password_hash,p1_0.role,p1_0.specialization,p1_0.student_id from players p1_0 where p1_0.email=?
Hibernate: select m1_0.id,m1_0.battle_code,m1_0.created_at,m1_0.deck1_id,m1_0.deck2_id,m1_0.ended_at,m1_0.event_id,m1_0.player1_id,m1_0.player2_id,m1_0.status,m1_0.win_condition,m1_0.winner_id from matches m1_0 where m1_0.id=?
Hibernate: select p1_0.id,p1_0.avatar,p1_0.banned,p1_0.banned_at,p1_0.created,p1_0.degree_level,p1_0.display_name,p1_0.email,p1_0.experience,p1_0.last_login,p1_0.level,p1_0.password_hash,p1_0.role,p1_0.specialization,p1_0.student_id from players p1_0 where p1_0.id=?
Hibernate: select p1_0.id,p1_0.avatar,p1_0.banned,p1_0.banned_at,p1_0.created,p1_0.degree_level,p1_0.display_name,p1_0.email,p1_0.experience,p1_0.last_login,p1_0.level,p1_0.password_hash,p1_0.role,p1_0.specialization,p1_0.student_id from players p1_0 where p1_0.email=?
Hibernate: select m1_0.id,m1_0.battle_code,m1_0.created_at,m1_0.deck1_id,m1_0.deck2_id,m1_0.ended_at,m1_0.event_id,m1_0.player1_id,m1_0.player2_id,m1_0.status,m1_0.win_condition,m1_0.winner_id from matches m1_0 where m1_0.id=?
Hibernate: select p1_0.id,p1_0.avatar,p1_0.banned,p1_0.banned_at,p1_0.created,p1_0.degree_level,p1_0.display_name,p1_0.email,p1_0.experience,p1_0.last_login,p1_0.level,p1_0.password_hash,p1_0.role,p1_0.specialization,p1_0.student_id from players p1_0 where p1_0.id=?
Hibernate: select p1_0.id,p1_0.avatar,p1_0.banned,p1_0.banned_at,p1_0.created,p1_0.degree_level,p1_0.display_name,p1_0.email,p1_0.experience,p1_0.last_login,p1_0.level,p1_0.password_hash,p1_0.role,p1_0.specialization,p1_0.student_id from players p1_0 where p1_0.email=?
Hibernate: select m1_0.id,m1_0.battle_code,m1_0.created_at,m1_0.deck1_id,m1_0.deck2_id,m1_0.ended_at,m1_0.event_id,m1_0.player1_id,m1_0.player2_id,m1_0.status,m1_0.win_condition,m1_0.winner_id from matches m1_0 where m1_0.id=?
Hibernate: select p1_0.id,p1_0.avatar,p1_0.banned,p1_0.banned_at,p1_0.created,p1_0.degree_level,p1_0.display_name,p1_0.email,p1_0.experience,p1_0.last_login,p1_0.level,p1_0.password_hash,p1_0.role,p1_0.specialization,p1_0.student_id from players p1_0 where p1_0.id=?
Hibernate: select p1_0.id,p1_0.avatar,p1_0.banned,p1_0.banned_at,p1_0.created,p1_0.degree_level,p1_0.display_name,p1_0.email,p1_0.experience,p1_0.last_login,p1_0.level,p1_0.password_hash,p1_0.role,p1_0.specialization,p1_0.student_id from players p1_0 where p1_0.email=?
Hibernate: select m1_0.id,m1_0.battle_code,m1_0.created_at,m1_0.deck1_id,m1_0.deck2_id,m1_0.ended_at,m1_0.event_id,m1_0.player1_id,m1_0.player2_id,m1_0.status,m1_0.win_condition,m1_0.winner_id from matches m1_0 where m1_0.id=?
Hibernate: select p1_0.id,p1_0.avatar,p1_0.banned,p1_0.banned_at,p1_0.created,p1_0.degree_level,p1_0.display_name,p1_0.email,p1_0.experience,p1_0.last_login,p1_0.level,p1_0.password_hash,p1_0.role,p1_0.specialization,p1_0.student_id from players p1_0 where p1_0.id=?
Hibernate: select p1_0.id,p1_0.avatar,p1_0.banned,p1_0.banned_at,p1_0.created,p1_0.degree_level,p1_0.display_name,p1_0.email,p1_0.experience,p1_0.last_login,p1_0.level,p1_0.password_hash,p1_0.role,p1_0.specialization,p1_0.student_id from players p1_0 where p1_0.email=?
Hibernate: select m1_0.id,m1_0.battle_code,m1_0.created_at,m1_0.deck1_id,m1_0.deck2_id,m1_0.ended_at,m1_0.event_id,m1_0.player1_id,m1_0.player2_id,m1_0.status,m1_0.win_condition,m1_0.winner_id from matches m1_0 where m1_0.id=?
Hibernate: select p1_0.id,p1_0.avatar,p1_0.banned,p1_0.banned_at,p1_0.created,p1_0.degree_level,p1_0.display_name,p1_0.email,p1_0.experience,p1_0.last_login,p1_0.level,p1_0.password_hash,p1_0.role,p1_0.specialization,p1_0.student_id from players p1_0 where p1_0.id=?
Hibernate: select p1_0.id,p1_0.avatar,p1_0.banned,p1_0.banned_at,p1_0.created,p1_0.degree_level,p1_0.display_name,p1_0.email,p1_0.experience,p1_0.last_login,p1_0.level,p1_0.password_hash,p1_0.role,p1_0.specialization,p1_0.student_id from players p1_0 where p1_0.email=?
Hibernate: select m1_0.id,m1_0.battle_code,m1_0.created_at,m1_0.deck1_id,m1_0.deck2_id,m1_0.ended_at,m1_0.event_id,m1_0.player1_id,m1_0.player2_id,m1_0.status,m1_0.win_condition,m1_0.winner_id from matches m1_0 where m1_0.id=?
Hibernate: select p1_0.id,p1_0.avatar,p1_0.banned,p1_0.banned_at,p1_0.created,p1_0.degree_level,p1_0.display_name,p1_0.email,p1_0.experience,p1_0.last_login,p1_0.level,p1_0.password_hash,p1_0.role,p1_0.specialization,p1_0.student_id from players p1_0 where p1_0.id=?
Hibernate: select p1_0.id,p1_0.avatar,p1_0.banned,p1_0.banned_at,p1_0.created,p1_0.degree_level,p1_0.display_name,p1_0.email,p1_0.experience,p1_0.last_login,p1_0.level,p1_0.password_hash,p1_0.role,p1_0.specialization,p1_0.student_id from players p1_0 where p1_0.email=?
Hibernate: select m1_0.id,m1_0.battle_code,m1_0.created_at,m1_0.deck1_id,m1_0.deck2_id,m1_0.ended_at,m1_0.event_id,m1_0.player1_id,m1_0.player2_id,m1_0.status,m1_0.win_condition,m1_0.winner_id from matches m1_0 where m1_0.id=?
Hibernate: select p1_0.id,p1_0.avatar,p1_0.banned,p1_0.banned_at,p1_0.created,p1_0.degree_level,p1_0.display_name,p1_0.email,p1_0.experience,p1_0.last_login,p1_0.level,p1_0.password_hash,p1_0.role,p1_0.specialization,p1_0.student_id from players p1_0 where p1_0.id=?
Hibernate: select p1_0.id,p1_0.avatar,p1_0.banned,p1_0.banned_at,p1_0.created,p1_0.degree_level,p1_0.display_name,p1_0.email,p1_0.experience,p1_0.last_login,p1_0.level,p1_0.password_hash,p1_0.role,p1_0.specialization,p1_0.student_id from players p1_0 where p1_0.email=?
Hibernate: select m1_0.id,m1_0.battle_code,m1_0.created_at,m1_0.deck1_id,m1_0.deck2_id,m1_0.ended_at,m1_0.event_id,m1_0.player1_id,m1_0.player2_id,m1_0.status,m1_0.win_condition,m1_0.winner_id from matches m1_0 where m1_0.id=?
Hibernate: select p1_0.id,p1_0.avatar,p1_0.banned,p1_0.banned_at,p1_0.created,p1_0.degree_level,p1_0.display_name,p1_0.email,p1_0.experience,p1_0.last_login,p1_0.level,p1_0.password_hash,p1_0.role,p1_0.specialization,p1_0.student_id from players p1_0 where p1_0.id=?
Hibernate: select p1_0.id,p1_0.avatar,p1_0.banned,p1_0.banned_at,p1_0.created,p1_0.degree_level,p1_0.display_name,p1_0.email,p1_0.experience,p1_0.last_login,p1_0.level,p1_0.password_hash,p1_0.role,p1_0.specialization,p1_0.student_id from players p1_0 where p1_0.email=?
Hibernate: select m1_0.id,m1_0.battle_code,m1_0.created_at,m1_0.deck1_id,m1_0.deck2_id,m1_0.ended_at,m1_0.event_id,m1_0.player1_id,m1_0.player2_id,m1_0.status,m1_0.win_condition,m1_0.winner_id from matches m1_0 where m1_0.id=?
Hibernate: select p1_0.id,p1_0.avatar,p1_0.banned,p1_0.banned_at,p1_0.created,p1_0.degree_level,p1_0.display_name,p1_0.email,p1_0.experience,p1_0.last_login,p1_0.level,p1_0.password_hash,p1_0.role,p1_0.specialization,p1_0.student_id from players p1_0 where p1_0.id=?
Hibernate: select p1_0.id,p1_0.avatar,p1_0.banned,p1_0.banned_at,p1_0.created,p1_0.degree_level,p1_0.display_name,p1_0.email,p1_0.experience,p1_0.last_login,p1_0.level,p1_0.password_hash,p1_0.role,p1_0.specialization,p1_0.student_id from players p1_0 where p1_0.email=?
Hibernate: select m1_0.id,m1_0.battle_code,m1_0.created_at,m1_0.deck1_id,m1_0.deck2_id,m1_0.ended_at,m1_0.event_id,m1_0.player1_id,m1_0.player2_id,m1_0.status,m1_0.win_condition,m1_0.winner_id from matches m1_0 where m1_0.id=?
Hibernate: select p1_0.id,p1_0.avatar,p1_0.banned,p1_0.banned_at,p1_0.created,p1_0.degree_level,p1_0.display_name,p1_0.email,p1_0.experience,p1_0.last_login,p1_0.level,p1_0.password_hash,p1_0.role,p1_0.specialization,p1_0.student_id from players p1_0 where p1_0.id=?
Hibernate: select p1_0.id,p1_0.avatar,p1_0.banned,p1_0.banned_at,p1_0.created,p1_0.degree_level,p1_0.display_name,p1_0.email,p1_0.experience,p1_0.last_login,p1_0.level,p1_0.password_hash,p1_0.role,p1_0.specialization,p1_0.student_id from players p1_0 where p1_0.email=?
Hibernate: select m1_0.id,m1_0.battle_code,m1_0.created_at,m1_0.deck1_id,m1_0.deck2_id,m1_0.ended_at,m1_0.event_id,m1_0.player1_id,m1_0.player2_id,m1_0.status,m1_0.win_condition,m1_0.winner_id from matches m1_0 where m1_0.id=?
Hibernate: select p1_0.id,p1_0.avatar,p1_0.banned,p1_0.banned_at,p1_0.created,p1_0.degree_level,p1_0.display_name,p1_0.email,p1_0.experience,p1_0.last_login,p1_0.level,p1_0.password_hash,p1_0.role,p1_0.specialization,p1_0.student_id from players p1_0 where p1_0.id=?
Hibernate: select p1_0.id,p1_0.avatar,p1_0.banned,p1_0.banned_at,p1_0.created,p1_0.degree_level,p1_0.display_name,p1_0.email,p1_0.experience,p1_0.last_login,p1_0.level,p1_0.password_hash,p1_0.role,p1_0.specialization,p1_0.student_id from players p1_0 where p1_0.email=?
Hibernate: select m1_0.id,m1_0.battle_code,m1_0.created_at,m1_0.deck1_id,m1_0.deck2_id,m1_0.ended_at,m1_0.event_id,m1_0.player1_id,m1_0.player2_id,m1_0.status,m1_0.win_condition,m1_0.winner_id from matches m1_0 where m1_0.id=?
Hibernate: select p1_0.id,p1_0.avatar,p1_0.banned,p1_0.banned_at,p1_0.created,p1_0.degree_level,p1_0.display_name,p1_0.email,p1_0.experience,p1_0.last_login,p1_0.level,p1_0.password_hash,p1_0.role,p1_0.specialization,p1_0.student_id from players p1_0 where p1_0.id=?
Hibernate: select p1_0.id,p1_0.avatar,p1_0.banned,p1_0.banned_at,p1_0.created,p1_0.degree_level,p1_0.display_name,p1_0.email,p1_0.experience,p1_0.last_login,p1_0.level,p1_0.password_hash,p1_0.role,p1_0.specialization,p1_0.student_id from players p1_0 where p1_0.email=?
Hibernate: select m1_0.id,m1_0.battle_code,m1_0.created_at,m1_0.deck1_id,m1_0.deck2_id,m1_0.ended_at,m1_0.event_id,m1_0.player1_id,m1_0.player2_id,m1_0.status,m1_0.win_condition,m1_0.winner_id from matches m1_0 where m1_0.id=?
Hibernate: select p1_0.id,p1_0.avatar,p1_0.banned,p1_0.banned_at,p1_0.created,p1_0.degree_level,p1_0.display_name,p1_0.email,p1_0.experience,p1_0.last_login,p1_0.level,p1_0.password_hash,p1_0.role,p1_0.specialization,p1_0.student_id from players p1_0 where p1_0.id=?
Hibernate: select p1_0.id,p1_0.avatar,p1_0.banned,p1_0.banned_at,p1_0.created,p1_0.degree_level,p1_0.display_name,p1_0.email,p1_0.experience,p1_0.last_login,p1_0.level,p1_0.password_hash,p1_0.role,p1_0.specialization,p1_0.student_id from players p1_0 where p1_0.email=?
Hibernate: select m1_0.id,m1_0.battle_code,m1_0.created_at,m1_0.deck1_id,m1_0.deck2_id,m1_0.ended_at,m1_0.event_id,m1_0.player1_id,m1_0.player2_id,m1_0.status,m1_0.win_condition,m1_0.winner_id from matches m1_0 where m1_0.id=?
Hibernate: select p1_0.id,p1_0.avatar,p1_0.banned,p1_0.banned_at,p1_0.created,p1_0.degree_level,p1_0.display_name,p1_0.email,p1_0.experience,p1_0.last_login,p1_0.level,p1_0.password_hash,p1_0.role,p1_0.specialization,p1_0.student_id from players p1_0 where p1_0.id=?
Hibernate: select p1_0.id,p1_0.avatar,p1_0.banned,p1_0.banned_at,p1_0.created,p1_0.degree_level,p1_0.display_name,p1_0.email,p1_0.experience,p1_0.last_login,p1_0.level,p1_0.password_hash,p1_0.role,p1_0.specialization,p1_0.student_id from players p1_0 where p1_0.email=?
Hibernate: select m1_0.id,m1_0.battle_code,m1_0.created_at,m1_0.deck1_id,m1_0.deck2_id,m1_0.ended_at,m1_0.event_id,m1_0.player1_id,m1_0.player2_id,m1_0.status,m1_0.win_condition,m1_0.winner_id from matches m1_0 where m1_0.id=?
Hibernate: select p1_0.id,p1_0.avatar,p1_0.banned,p1_0.banned_at,p1_0.created,p1_0.degree_level,p1_0.display_name,p1_0.email,p1_0.experience,p1_0.last_login,p1_0.level,p1_0.password_hash,p1_0.role,p1_0.specialization,p1_0.student_id from players p1_0 where p1_0.id=?
Hibernate: select p1_0.id,p1_0.avatar,p1_0.banned,p1_0.banned_at,p1_0.created,p1_0.degree_level,p1_0.display_name,p1_0.email,p1_0.experience,p1_0.last_login,p1_0.level,p1_0.password_hash,p1_0.role,p1_0.specialization,p1_0.student_id from players p1_0 where p1_0.email=?
Hibernate: select m1_0.id,m1_0.battle_code,m1_0.created_at,m1_0.deck1_id,m1_0.deck2_id,m1_0.ended_at,m1_0.event_id,m1_0.player1_id,m1_0.player2_id,m1_0.status,m1_0.win_condition,m1_0.winner_id from matches m1_0 where m1_0.id=?
Hibernate: select p1_0.id,p1_0.avatar,p1_0.banned,p1_0.banned_at,p1_0.created,p1_0.degree_level,p1_0.display_name,p1_0.email,p1_0.experience,p1_0.last_login,p1_0.level,p1_0.password_hash,p1_0.role,p1_0.specialization,p1_0.student_id from players p1_0 where p1_0.id=?
Hibernate: select p1_0.id,p1_0.avatar,p1_0.banned,p1_0.banned_at,p1_0.created,p1_0.degree_level,p1_0.display_name,p1_0.email,p1_0.experience,p1_0.last_login,p1_0.level,p1_0.password_hash,p1_0.role,p1_0.specialization,p1_0.student_id from players p1_0 where p1_0.email=?
Hibernate: select m1_0.id,m1_0.battle_code,m1_0.created_at,m1_0.deck1_id,m1_0.deck2_id,m1_0.ended_at,m1_0.event_id,m1_0.player1_id,m1_0.player2_id,m1_0.status,m1_0.win_condition,m1_0.winner_id from matches m1_0 where m1_0.id=?
Hibernate: select p1_0.id,p1_0.avatar,p1_0.banned,p1_0.banned_at,p1_0.created,p1_0.degree_level,p1_0.display_name,p1_0.email,p1_0.experience,p1_0.last_login,p1_0.level,p1_0.password_hash,p1_0.role,p1_0.specialization,p1_0.student_id from players p1_0 where p1_0.id=?
Hibernate: select p1_0.id,p1_0.avatar,p1_0.banned,p1_0.banned_at,p1_0.created,p1_0.degree_level,p1_0.display_name,p1_0.email,p1_0.experience,p1_0.last_login,p1_0.level,p1_0.password_hash,p1_0.role,p1_0.specialization,p1_0.student_id from players p1_0 where p1_0.email=?
Hibernate: select m1_0.id,m1_0.battle_code,m1_0.created_at,m1_0.deck1_id,m1_0.deck2_id,m1_0.ended_at,m1_0.event_id,m1_0.player1_id,m1_0.player2_id,m1_0.status,m1_0.win_condition,m1_0.winner_id from matches m1_0 where m1_0.id=?
Hibernate: select p1_0.id,p1_0.avatar,p1_0.banned,p1_0.banned_at,p1_0.created,p1_0.degree_level,p1_0.display_name,p1_0.email,p1_0.experience,p1_0.last_login,p1_0.level,p1_0.password_hash,p1_0.role,p1_0.specialization,p1_0.student_id from players p1_0 where p1_0.id=?
Hibernate: select p1_0.id,p1_0.avatar,p1_0.banned,p1_0.banned_at,p1_0.created,p1_0.degree_level,p1_0.display_name,p1_0.email,p1_0.experience,p1_0.last_login,p1_0.level,p1_0.password_hash,p1_0.role,p1_0.specialization,p1_0.student_id from players p1_0 where p1_0.email=?
Hibernate: select m1_0.id,m1_0.battle_code,m1_0.created_at,m1_0.deck1_id,m1_0.deck2_id,m1_0.ended_at,m1_0.event_id,m1_0.player1_id,m1_0.player2_id,m1_0.status,m1_0.win_condition,m1_0.winner_id from matches m1_0 where m1_0.id=?
Hibernate: select p1_0.id,p1_0.avatar,p1_0.banned,p1_0.banned_at,p1_0.created,p1_0.degree_level,p1_0.display_name,p1_0.email,p1_0.experience,p1_0.last_login,p1_0.level,p1_0.password_hash,p1_0.role,p1_0.specialization,p1_0.student_id from players p1_0 where p1_0.id=?
Hibernate: select p1_0.id,p1_0.avatar,p1_0.banned,p1_0.banned_at,p1_0.created,p1_0.degree_level,p1_0.display_name,p1_0.email,p1_0.experience,p1_0.last_login,p1_0.level,p1_0.password_hash,p1_0.role,p1_0.specialization,p1_0.student_id from players p1_0 where p1_0.email=?
Hibernate: select m1_0.id,m1_0.battle_code,m1_0.created_at,m1_0.deck1_id,m1_0.deck2_id,m1_0.ended_at,m1_0.event_id,m1_0.player1_id,m1_0.player2_id,m1_0.status,m1_0.win_condition,m1_0.winner_id from matches m1_0 where m1_0.id=?
Hibernate: select p1_0.id,p1_0.avatar,p1_0.banned,p1_0.banned_at,p1_0.created,p1_0.degree_level,p1_0.display_name,p1_0.email,p1_0.experience,p1_0.last_login,p1_0.level,p1_0.password_hash,p1_0.role,p1_0.specialization,p1_0.student_id from players p1_0 where p1_0.id=?
Hibernate: select p1_0.id,p1_0.avatar,p1_0.banned,p1_0.banned_at,p1_0.created,p1_0.degree_level,p1_0.display_name,p1_0.email,p1_0.experience,p1_0.last_login,p1_0.level,p1_0.password_hash,p1_0.role,p1_0.specialization,p1_0.student_id from players p1_0 where p1_0.email=?
Hibernate: select m1_0.id,m1_0.battle_code,m1_0.created_at,m1_0.deck1_id,m1_0.deck2_id,m1_0.ended_at,m1_0.event_id,m1_0.player1_id,m1_0.player2_id,m1_0.status,m1_0.win_condition,m1_0.winner_id from matches m1_0 where m1_0.id=?
Hibernate: select p1_0.id,p1_0.avatar,p1_0.banned,p1_0.banned_at,p1_0.created,p1_0.degree_level,p1_0.display_name,p1_0.email,p1_0.experience,p1_0.last_login,p1_0.level,p1_0.password_hash,p1_0.role,p1_0.specialization,p1_0.student_id from players p1_0 where p1_0.id=?
Hibernate: select p1_0.id,p1_0.avatar,p1_0.banned,p1_0.banned_at,p1_0.created,p1_0.degree_level,p1_0.display_name,p1_0.email,p1_0.experience,p1_0.last_login,p1_0.level,p1_0.password_hash,p1_0.role,p1_0.specialization,p1_0.student_id from players p1_0 where p1_0.email=?
Hibernate: select m1_0.id,m1_0.battle_code,m1_0.created_at,m1_0.deck1_id,m1_0.deck2_id,m1_0.ended_at,m1_0.event_id,m1_0.player1_id,m1_0.player2_id,m1_0.status,m1_0.win_condition,m1_0.winner_id from matches m1_0 where m1_0.id=?
Hibernate: select p1_0.id,p1_0.avatar,p1_0.banned,p1_0.banned_at,p1_0.created,p1_0.degree_level,p1_0.display_name,p1_0.email,p1_0.experience,p1_0.last_login,p1_0.level,p1_0.password_hash,p1_0.role,p1_0.specialization,p1_0.student_id from players p1_0 where p1_0.id=?
Hibernate: select p1_0.id,p1_0.avatar,p1_0.banned,p1_0.banned_at,p1_0.created,p1_0.degree_level,p1_0.display_name,p1_0.email,p1_0.experience,p1_0.last_login,p1_0.level,p1_0.password_hash,p1_0.role,p1_0.specialization,p1_0.student_id from players p1_0 where p1_0.email=?
Hibernate: select m1_0.id,m1_0.battle_code,m1_0.created_at,m1_0.deck1_id,m1_0.deck2_id,m1_0.ended_at,m1_0.event_id,m1_0.player1_id,m1_0.player2_id,m1_0.status,m1_0.win_condition,m1_0.winner_id from matches m1_0 where m1_0.id=?
Hibernate: select p1_0.id,p1_0.avatar,p1_0.banned,p1_0.banned_at,p1_0.created,p1_0.degree_level,p1_0.display_name,p1_0.email,p1_0.experience,p1_0.last_login,p1_0.level,p1_0.password_hash,p1_0.role,p1_0.specialization,p1_0.student_id from players p1_0 where p1_0.id=?
Hibernate: select p1_0.id,p1_0.avatar,p1_0.banned,p1_0.banned_at,p1_0.created,p1_0.degree_level,p1_0.display_name,p1_0.email,p1_0.experience,p1_0.last_login,p1_0.level,p1_0.password_hash,p1_0.role,p1_0.specialization,p1_0.student_id from players p1_0 where p1_0.email=?
Hibernate: select m1_0.id,m1_0.battle_code,m1_0.created_at,m1_0.deck1_id,m1_0.deck2_id,m1_0.ended_at,m1_0.event_id,m1_0.player1_id,m1_0.player2_id,m1_0.status,m1_0.win_condition,m1_0.winner_id from matches m1_0 where m1_0.id=?
Hibernate: select p1_0.id,p1_0.avatar,p1_0.banned,p1_0.banned_at,p1_0.created,p1_0.degree_level,p1_0.display_name,p1_0.email,p1_0.experience,p1_0.last_login,p1_0.level,p1_0.password_hash,p1_0.role,p1_0.specialization,p1_0.student_id from players p1_0 where p1_0.id=?
Hibernate: select p1_0.id,p1_0.avatar,p1_0.banned,p1_0.banned_at,p1_0.created,p1_0.degree_level,p1_0.display_name,p1_0.email,p1_0.experience,p1_0.last_login,p1_0.level,p1_0.password_hash,p1_0.role,p1_0.specialization,p1_0.student_id from players p1_0 where p1_0.email=?
Hibernate: select m1_0.id,m1_0.battle_code,m1_0.created_at,m1_0.deck1_id,m1_0.deck2_id,m1_0.ended_at,m1_0.event_id,m1_0.player1_id,m1_0.player2_id,m1_0.status,m1_0.win_condition,m1_0.winner_id from matches m1_0 where m1_0.id=?
Hibernate: select p1_0.id,p1_0.avatar,p1_0.banned,p1_0.banned_at,p1_0.created,p1_0.degree_level,p1_0.display_name,p1_0.email,p1_0.experience,p1_0.last_login,p1_0.level,p1_0.password_hash,p1_0.role,p1_0.specialization,p1_0.student_id from players p1_0 where p1_0.id=?
Hibernate: select p1_0.id,p1_0.avatar,p1_0.banned,p1_0.banned_at,p1_0.created,p1_0.degree_level,p1_0.display_name,p1_0.email,p1_0.experience,p1_0.last_login,p1_0.level,p1_0.password_hash,p1_0.role,p1_0.specialization,p1_0.student_id from players p1_0 where p1_0.email=?
Hibernate: select m1_0.id,m1_0.battle_code,m1_0.created_at,m1_0.deck1_id,m1_0.deck2_id,m1_0.ended_at,m1_0.event_id,m1_0.player1_id,m1_0.player2_id,m1_0.status,m1_0.win_condition,m1_0.winner_id from matches m1_0 where m1_0.id=?
Hibernate: select p1_0.id,p1_0.avatar,p1_0.banned,p1_0.banned_at,p1_0.created,p1_0.degree_level,p1_0.display_name,p1_0.email,p1_0.experience,p1_0.last_login,p1_0.level,p1_0.password_hash,p1_0.role,p1_0.specialization,p1_0.student_id from players p1_0 where p1_0.id=?
Hibernate: select p1_0.id,p1_0.avatar,p1_0.banned,p1_0.banned_at,p1_0.created,p1_0.degree_level,p1_0.display_name,p1_0.email,p1_0.experience,p1_0.last_login,p1_0.level,p1_0.password_hash,p1_0.role,p1_0.specialization,p1_0.student_id from players p1_0 where p1_0.email=?
Hibernate: select m1_0.id,m1_0.battle_code,m1_0.created_at,m1_0.deck1_id,m1_0.deck2_id,m1_0.ended_at,m1_0.event_id,m1_0.player1_id,m1_0.player2_id,m1_0.status,m1_0.win_condition,m1_0.winner_id from matches m1_0 where m1_0.id=?
Hibernate: select p1_0.id,p1_0.avatar,p1_0.banned,p1_0.banned_at,p1_0.created,p1_0.degree_level,p1_0.display_name,p1_0.email,p1_0.experience,p1_0.last_login,p1_0.level,p1_0.password_hash,p1_0.role,p1_0.specialization,p1_0.student_id from players p1_0 where p1_0.id=?
Hibernate: select p1_0.id,p1_0.avatar,p1_0.banned,p1_0.banned_at,p1_0.created,p1_0.degree_level,p1_0.display_name,p1_0.email,p1_0.experience,p1_0.last_login,p1_0.level,p1_0.password_hash,p1_0.role,p1_0.specialization,p1_0.student_id from players p1_0 where p1_0.email=?
Hibernate: select m1_0.id,m1_0.battle_code,m1_0.created_at,m1_0.deck1_id,m1_0.deck2_id,m1_0.ended_at,m1_0.event_id,m1_0.player1_id,m1_0.player2_id,m1_0.status,m1_0.win_condition,m1_0.winner_id from matches m1_0 where m1_0.id=?
Hibernate: select p1_0.id,p1_0.avatar,p1_0.banned,p1_0.banned_at,p1_0.created,p1_0.degree_level,p1_0.display_name,p1_0.email,p1_0.experience,p1_0.last_login,p1_0.level,p1_0.password_hash,p1_0.role,p1_0.specialization,p1_0.student_id from players p1_0 where p1_0.id=?
Hibernate: select p1_0.id,p1_0.avatar,p1_0.banned,p1_0.banned_at,p1_0.created,p1_0.degree_level,p1_0.display_name,p1_0.email,p1_0.experience,p1_0.last_login,p1_0.level,p1_0.password_hash,p1_0.role,p1_0.specialization,p1_0.student_id from players p1_0 where p1_0.email=?
Hibernate: select m1_0.id,m1_0.battle_code,m1_0.created_at,m1_0.deck1_id,m1_0.deck2_id,m1_0.ended_at,m1_0.event_id,m1_0.player1_id,m1_0.player2_id,m1_0.status,m1_0.win_condition,m1_0.winner_id from matches m1_0 where m1_0.id=?
Hibernate: select p1_0.id,p1_0.avatar,p1_0.banned,p1_0.banned_at,p1_0.created,p1_0.degree_level,p1_0.display_name,p1_0.email,p1_0.experience,p1_0.last_login,p1_0.level,p1_0.password_hash,p1_0.role,p1_0.specialization,p1_0.student_id from players p1_0 where p1_0.id=?
Hibernate: select p1_0.id,p1_0.avatar,p1_0.banned,p1_0.banned_at,p1_0.created,p1_0.degree_level,p1_0.display_name,p1_0.email,p1_0.experience,p1_0.last_login,p1_0.level,p1_0.password_hash,p1_0.role,p1_0.specialization,p1_0.student_id from players p1_0 where p1_0.email=?
Hibernate: select m1_0.id,m1_0.battle_code,m1_0.created_at,m1_0.deck1_id,m1_0.deck2_id,m1_0.ended_at,m1_0.event_id,m1_0.player1_id,m1_0.player2_id,m1_0.status,m1_0.win_condition,m1_0.winner_id from matches m1_0 where m1_0.id=?
Hibernate: select p1_0.id,p1_0.avatar,p1_0.banned,p1_0.banned_at,p1_0.created,p1_0.degree_level,p1_0.display_name,p1_0.email,p1_0.experience,p1_0.last_login,p1_0.level,p1_0.password_hash,p1_0.role,p1_0.specialization,p1_0.student_id from players p1_0 where p1_0.id=?
Hibernate: select p1_0.id,p1_0.avatar,p1_0.banned,p1_0.banned_at,p1_0.created,p1_0.degree_level,p1_0.display_name,p1_0.email,p1_0.experience,p1_0.last_login,p1_0.level,p1_0.password_hash,p1_0.role,p1_0.specialization,p1_0.student_id from players p1_0 where p1_0.email=?
Hibernate: select m1_0.id,m1_0.battle_code,m1_0.created_at,m1_0.deck1_id,m1_0.deck2_id,m1_0.ended_at,m1_0.event_id,m1_0.player1_id,m1_0.player2_id,m1_0.status,m1_0.win_condition,m1_0.winner_id from matches m1_0 where m1_0.id=?
Hibernate: select p1_0.id,p1_0.avatar,p1_0.banned,p1_0.banned_at,p1_0.created,p1_0.degree_level,p1_0.display_name,p1_0.email,p1_0.experience,p1_0.last_login,p1_0.level,p1_0.password_hash,p1_0.role,p1_0.specialization,p1_0.student_id from players p1_0 where p1_0.id=?
Hibernate: select p1_0.id,p1_0.avatar,p1_0.banned,p1_0.banned_at,p1_0.created,p1_0.degree_level,p1_0.display_name,p1_0.email,p1_0.experience,p1_0.last_login,p1_0.level,p1_0.password_hash,p1_0.role,p1_0.specialization,p1_0.student_id from players p1_0 where p1_0.email=?
Hibernate: select m1_0.id,m1_0.battle_code,m1_0.created_at,m1_0.deck1_id,m1_0.deck2_id,m1_0.ended_at,m1_0.event_id,m1_0.player1_id,m1_0.player2_id,m1_0.status,m1_0.win_condition,m1_0.winner_id from matches m1_0 where m1_0.id=?
Hibernate: select p1_0.id,p1_0.avatar,p1_0.banned,p1_0.banned_at,p1_0.created,p1_0.degree_level,p1_0.display_name,p1_0.email,p1_0.experience,p1_0.last_login,p1_0.level,p1_0.password_hash,p1_0.role,p1_0.specialization,p1_0.student_id from players p1_0 where p1_0.id=?
Hibernate: select p1_0.id,p1_0.avatar,p1_0.banned,p1_0.banned_at,p1_0.created,p1_0.degree_level,p1_0.display_name,p1_0.email,p1_0.experience,p1_0.last_login,p1_0.level,p1_0.password_hash,p1_0.role,p1_0.specialization,p1_0.student_id from players p1_0 where p1_0.email=?
Hibernate: select m1_0.id,m1_0.battle_code,m1_0.created_at,m1_0.deck1_id,m1_0.deck2_id,m1_0.ended_at,m1_0.event_id,m1_0.player1_id,m1_0.player2_id,m1_0.status,m1_0.win_condition,m1_0.winner_id from matches m1_0 where m1_0.id=?
Hibernate: select p1_0.id,p1_0.avatar,p1_0.banned,p1_0.banned_at,p1_0.created,p1_0.degree_level,p1_0.display_name,p1_0.email,p1_0.experience,p1_0.last_login,p1_0.level,p1_0.password_hash,p1_0.role,p1_0.specialization,p1_0.student_id from players p1_0 where p1_0.id=?
Hibernate: select p1_0.id,p1_0.avatar,p1_0.banned,p1_0.banned_at,p1_0.created,p1_0.degree_level,p1_0.display_name,p1_0.email,p1_0.experience,p1_0.last_login,p1_0.level,p1_0.password_hash,p1_0.role,p1_0.specialization,p1_0.student_id from players p1_0 where p1_0.email=?
Hibernate: select m1_0.id,m1_0.battle_code,m1_0.created_at,m1_0.deck1_id,m1_0.deck2_id,m1_0.ended_at,m1_0.event_id,m1_0.player1_id,m1_0.player2_id,m1_0.status,m1_0.win_condition,m1_0.winner_id from matches m1_0 where m1_0.id=?
Hibernate: select p1_0.id,p1_0.avatar,p1_0.banned,p1_0.banned_at,p1_0.created,p1_0.degree_level,p1_0.display_name,p1_0.email,p1_0.experience,p1_0.last_login,p1_0.level,p1_0.password_hash,p1_0.role,p1_0.specialization,p1_0.student_id from players p1_0 where p1_0.id=?
Hibernate: select p1_0.id,p1_0.avatar,p1_0.banned,p1_0.banned_at,p1_0.created,p1_0.degree_level,p1_0.display_name,p1_0.email,p1_0.experience,p1_0.last_login,p1_0.level,p1_0.password_hash,p1_0.role,p1_0.specialization,p1_0.student_id from players p1_0 where p1_0.email=?
Hibernate: select m1_0.id,m1_0.battle_code,m1_0.created_at,m1_0.deck1_id,m1_0.deck2_id,m1_0.ended_at,m1_0.event_id,m1_0.player1_id,m1_0.player2_id,m1_0.status,m1_0.win_condition,m1_0.winner_id from matches m1_0 where m1_0.id=?
Hibernate: select p1_0.id,p1_0.avatar,p1_0.banned,p1_0.banned_at,p1_0.created,p1_0.degree_level,p1_0.display_name,p1_0.email,p1_0.experience,p1_0.last_login,p1_0.level,p1_0.password_hash,p1_0.role,p1_0.specialization,p1_0.student_id from players p1_0 where p1_0.id=?
Hibernate: select p1_0.id,p1_0.avatar,p1_0.banned,p1_0.banned_at,p1_0.created,p1_0.degree_level,p1_0.display_name,p1_0.email,p1_0.experience,p1_0.last_login,p1_0.level,p1_0.password_hash,p1_0.role,p1_0.specialization,p1_0.student_id from players p1_0 where p1_0.email=?
Hibernate: select m1_0.id,m1_0.battle_code,m1_0.created_at,m1_0.deck1_id,m1_0.deck2_id,m1_0.ended_at,m1_0.event_id,m1_0.player1_id,m1_0.player2_id,m1_0.status,m1_0.win_condition,m1_0.winner_id from matches m1_0 where m1_0.id=?
Hibernate: select p1_0.id,p1_0.avatar,p1_0.banned,p1_0.banned_at,p1_0.created,p1_0.degree_level,p1_0.display_name,p1_0.email,p1_0.experience,p1_0.last_login,p1_0.level,p1_0.password_hash,p1_0.role,p1_0.specialization,p1_0.student_id from players p1_0 where p1_0.id=?
Hibernate: select p1_0.id,p1_0.avatar,p1_0.banned,p1_0.banned_at,p1_0.created,p1_0.degree_level,p1_0.display_name,p1_0.email,p1_0.experience,p1_0.last_login,p1_0.level,p1_0.password_hash,p1_0.role,p1_0.specialization,p1_0.student_id from players p1_0 where p1_0.email=?
Hibernate: select m1_0.id,m1_0.battle_code,m1_0.created_at,m1_0.deck1_id,m1_0.deck2_id,m1_0.ended_at,m1_0.event_id,m1_0.player1_id,m1_0.player2_id,m1_0.status,m1_0.win_condition,m1_0.winner_id from matches m1_0 where m1_0.id=?
Hibernate: select p1_0.id,p1_0.avatar,p1_0.banned,p1_0.banned_at,p1_0.created,p1_0.degree_level,p1_0.display_name,p1_0.email,p1_0.experience,p1_0.last_login,p1_0.level,p1_0.password_hash,p1_0.role,p1_0.specialization,p1_0.student_id from players p1_0 where p1_0.id=?
Hibernate: select p1_0.id,p1_0.avatar,p1_0.banned,p1_0.banned_at,p1_0.created,p1_0.degree_level,p1_0.display_name,p1_0.email,p1_0.experience,p1_0.last_login,p1_0.level,p1_0.password_hash,p1_0.role,p1_0.specialization,p1_0.student_id from players p1_0 where p1_0.email=?
Hibernate: select m1_0.id,m1_0.battle_code,m1_0.created_at,m1_0.deck1_id,m1_0.deck2_id,m1_0.ended_at,m1_0.event_id,m1_0.player1_id,m1_0.player2_id,m1_0.status,m1_0.win_condition,m1_0.winner_id from matches m1_0 where m1_0.id=?
Hibernate: select p1_0.id,p1_0.avatar,p1_0.banned,p1_0.banned_at,p1_0.created,p1_0.degree_level,p1_0.display_name,p1_0.email,p1_0.experience,p1_0.last_login,p1_0.level,p1_0.password_hash,p1_0.role,p1_0.specialization,p1_0.student_id from players p1_0 where p1_0.id=?
Hibernate: select p1_0.id,p1_0.avatar,p1_0.banned,p1_0.banned_at,p1_0.created,p1_0.degree_level,p1_0.display_name,p1_0.email,p1_0.experience,p1_0.last_login,p1_0.level,p1_0.password_hash,p1_0.role,p1_0.specialization,p1_0.student_id from players p1_0 where p1_0.email=?
Hibernate: select m1_0.id,m1_0.battle_code,m1_0.created_at,m1_0.deck1_id,m1_0.deck2_id,m1_0.ended_at,m1_0.event_id,m1_0.player1_id,m1_0.player2_id,m1_0.status,m1_0.win_condition,m1_0.winner_id from matches m1_0 where m1_0.id=?
Hibernate: select p1_0.id,p1_0.avatar,p1_0.banned,p1_0.banned_at,p1_0.created,p1_0.degree_level,p1_0.display_name,p1_0.email,p1_0.experience,p1_0.last_login,p1_0.level,p1_0.password_hash,p1_0.role,p1_0.specialization,p1_0.student_id from players p1_0 where p1_0.id=?
Hibernate: select p1_0.id,p1_0.avatar,p1_0.banned,p1_0.banned_at,p1_0.created,p1_0.degree_level,p1_0.display_name,p1_0.email,p1_0.experience,p1_0.last_login,p1_0.level,p1_0.password_hash,p1_0.role,p1_0.specialization,p1_0.student_id from players p1_0 where p1_0.email=?
Hibernate: select m1_0.id,m1_0.battle_code,m1_0.created_at,m1_0.deck1_id,m1_0.deck2_id,m1_0.ended_at,m1_0.event_id,m1_0.player1_id,m1_0.player2_id,m1_0.status,m1_0.win_condition,m1_0.winner_id from matches m1_0 where m1_0.id=?
Hibernate: select p1_0.id,p1_0.avatar,p1_0.banned,p1_0.banned_at,p1_0.created,p1_0.degree_level,p1_0.display_name,p1_0.email,p1_0.experience,p1_0.last_login,p1_0.level,p1_0.password_hash,p1_0.role,p1_0.specialization,p1_0.student_id from players p1_0 where p1_0.id=?
Hibernate: select p1_0.id,p1_0.avatar,p1_0.banned,p1_0.banned_at,p1_0.created,p1_0.degree_level,p1_0.display_name,p1_0.email,p1_0.experience,p1_0.last_login,p1_0.level,p1_0.password_hash,p1_0.role,p1_0.specialization,p1_0.student_id from players p1_0 where p1_0.email=?
Hibernate: select m1_0.id,m1_0.battle_code,m1_0.created_at,m1_0.deck1_id,m1_0.deck2_id,m1_0.ended_at,m1_0.event_id,m1_0.player1_id,m1_0.player2_id,m1_0.status,m1_0.win_condition,m1_0.winner_id from matches m1_0 where m1_0.id=?
Hibernate: select p1_0.id,p1_0.avatar,p1_0.banned,p1_0.banned_at,p1_0.created,p1_0.degree_level,p1_0.display_name,p1_0.email,p1_0.experience,p1_0.last_login,p1_0.level,p1_0.password_hash,p1_0.role,p1_0.specialization,p1_0.student_id from players p1_0 where p1_0.id=?
Hibernate: select p1_0.id,p1_0.avatar,p1_0.banned,p1_0.banned_at,p1_0.created,p1_0.degree_level,p1_0.display_name,p1_0.email,p1_0.experience,p1_0.last_login,p1_0.level,p1_0.password_hash,p1_0.role,p1_0.specialization,p1_0.student_id from players p1_0 where p1_0.email=?
Hibernate: select m1_0.id,m1_0.battle_code,m1_0.created_at,m1_0.deck1_id,m1_0.deck2_id,m1_0.ended_at,m1_0.event_id,m1_0.player1_id,m1_0.player2_id,m1_0.status,m1_0.win_condition,m1_0.winner_id from matches m1_0 where m1_0.id=?
Hibernate: select p1_0.id,p1_0.avatar,p1_0.banned,p1_0.banned_at,p1_0.created,p1_0.degree_level,p1_0.display_name,p1_0.email,p1_0.experience,p1_0.last_login,p1_0.level,p1_0.password_hash,p1_0.role,p1_0.specialization,p1_0.student_id from players p1_0 where p1_0.id=?
Hibernate: select p1_0.id,p1_0.avatar,p1_0.banned,p1_0.banned_at,p1_0.created,p1_0.degree_level,p1_0.display_name,p1_0.email,p1_0.experience,p1_0.last_login,p1_0.level,p1_0.password_hash,p1_0.role,p1_0.specialization,p1_0.student_id from players p1_0 where p1_0.email=?
Hibernate: select m1_0.id,m1_0.battle_code,m1_0.created_at,m1_0.deck1_id,m1_0.deck2_id,m1_0.ended_at,m1_0.event_id,m1_0.player1_id,m1_0.player2_id,m1_0.status,m1_0.win_condition,m1_0.winner_id from matches m1_0 where m1_0.id=?
Hibernate: select p1_0.id,p1_0.avatar,p1_0.banned,p1_0.banned_at,p1_0.created,p1_0.degree_level,p1_0.display_name,p1_0.email,p1_0.experience,p1_0.last_login,p1_0.level,p1_0.password_hash,p1_0.role,p1_0.specialization,p1_0.student_id from players p1_0 where p1_0.id=?
Hibernate: select p1_0.id,p1_0.avatar,p1_0.banned,p1_0.banned_at,p1_0.created,p1_0.degree_level,p1_0.display_name,p1_0.email,p1_0.experience,p1_0.last_login,p1_0.level,p1_0.password_hash,p1_0.role,p1_0.specialization,p1_0.student_id from players p1_0 where p1_0.email=?
Hibernate: select m1_0.id,m1_0.battle_code,m1_0.created_at,m1_0.deck1_id,m1_0.deck2_id,m1_0.ended_at,m1_0.event_id,m1_0.player1_id,m1_0.player2_id,m1_0.status,m1_0.win_condition,m1_0.winner_id from matches m1_0 where m1_0.id=?
Hibernate: select p1_0.id,p1_0.avatar,p1_0.banned,p1_0.banned_at,p1_0.created,p1_0.degree_level,p1_0.display_name,p1_0.email,p1_0.experience,p1_0.last_login,p1_0.level,p1_0.password_hash,p1_0.role,p1_0.specialization,p1_0.student_id from players p1_0 where p1_0.id=?
Hibernate: select p1_0.id,p1_0.avatar,p1_0.banned,p1_0.banned_at,p1_0.created,p1_0.degree_level,p1_0.display_name,p1_0.email,p1_0.experience,p1_0.last_login,p1_0.level,p1_0.password_hash,p1_0.role,p1_0.specialization,p1_0.student_id from players p1_0 where p1_0.email=?
Hibernate: select m1_0.id,m1_0.battle_code,m1_0.created_at,m1_0.deck1_id,m1_0.deck2_id,m1_0.ended_at,m1_0.event_id,m1_0.player1_id,m1_0.player2_id,m1_0.status,m1_0.win_condition,m1_0.winner_id from matches m1_0 where m1_0.id=?
Hibernate: select p1_0.id,p1_0.avatar,p1_0.banned,p1_0.banned_at,p1_0.created,p1_0.degree_level,p1_0.display_name,p1_0.email,p1_0.experience,p1_0.last_login,p1_0.level,p1_0.password_hash,p1_0.role,p1_0.specialization,p1_0.student_id from players p1_0 where p1_0.id=?
Hibernate: select p1_0.id,p1_0.avatar,p1_0.banned,p1_0.banned_at,p1_0.created,p1_0.degree_level,p1_0.display_name,p1_0.email,p1_0.experience,p1_0.last_login,p1_0.level,p1_0.password_hash,p1_0.role,p1_0.specialization,p1_0.student_id from players p1_0 where p1_0.email=?
Hibernate: select m1_0.id,m1_0.battle_code,m1_0.created_at,m1_0.deck1_id,m1_0.deck2_id,m1_0.ended_at,m1_0.event_id,m1_0.player1_id,m1_0.player2_id,m1_0.status,m1_0.win_condition,m1_0.winner_id from matches m1_0 where m1_0.id=?
Hibernate: select p1_0.id,p1_0.avatar,p1_0.banned,p1_0.banned_at,p1_0.created,p1_0.degree_level,p1_0.display_name,p1_0.email,p1_0.experience,p1_0.last_login,p1_0.level,p1_0.password_hash,p1_0.role,p1_0.specialization,p1_0.student_id from players p1_0 where p1_0.id=?
Hibernate: select p1_0.id,p1_0.avatar,p1_0.banned,p1_0.banned_at,p1_0.created,p1_0.degree_level,p1_0.display_name,p1_0.email,p1_0.experience,p1_0.last_login,p1_0.level,p1_0.password_hash,p1_0.role,p1_0.specialization,p1_0.student_id from players p1_0 where p1_0.email=?
Hibernate: select m1_0.id,m1_0.battle_code,m1_0.created_at,m1_0.deck1_id,m1_0.deck2_id,m1_0.ended_at,m1_0.event_id,m1_0.player1_id,m1_0.player2_id,m1_0.status,m1_0.win_condition,m1_0.winner_id from matches m1_0 where m1_0.id=?
Hibernate: select p1_0.id,p1_0.avatar,p1_0.banned,p1_0.banned_at,p1_0.created,p1_0.degree_level,p1_0.display_name,p1_0.email,p1_0.experience,p1_0.last_login,p1_0.level,p1_0.password_hash,p1_0.role,p1_0.specialization,p1_0.student_id from players p1_0 where p1_0.id=?
Hibernate: select p1_0.id,p1_0.avatar,p1_0.banned,p1_0.banned_at,p1_0.created,p1_0.degree_level,p1_0.display_name,p1_0.email,p1_0.experience,p1_0.last_login,p1_0.level,p1_0.password_hash,p1_0.role,p1_0.specialization,p1_0.student_id from players p1_0 where p1_0.email=?
Hibernate: select m1_0.id,m1_0.battle_code,m1_0.created_at,m1_0.deck1_id,m1_0.deck2_id,m1_0.ended_at,m1_0.event_id,m1_0.player1_id,m1_0.player2_id,m1_0.status,m1_0.win_condition,m1_0.winner_id from matches m1_0 where m1_0.id=?
Hibernate: select p1_0.id,p1_0.avatar,p1_0.banned,p1_0.banned_at,p1_0.created,p1_0.degree_level,p1_0.display_name,p1_0.email,p1_0.experience,p1_0.last_login,p1_0.level,p1_0.password_hash,p1_0.role,p1_0.specialization,p1_0.student_id from players p1_0 where p1_0.id=?
Hibernate: select p1_0.id,p1_0.avatar,p1_0.banned,p1_0.banned_at,p1_0.created,p1_0.degree_level,p1_0.display_name,p1_0.email,p1_0.experience,p1_0.last_login,p1_0.level,p1_0.password_hash,p1_0.role,p1_0.specialization,p1_0.student_id from players p1_0 where p1_0.email=?
Hibernate: select m1_0.id,m1_0.battle_code,m1_0.created_at,m1_0.deck1_id,m1_0.deck2_id,m1_0.ended_at,m1_0.event_id,m1_0.player1_id,m1_0.player2_id,m1_0.status,m1_0.win_condition,m1_0.winner_id from matches m1_0 where m1_0.id=?
Hibernate: select p1_0.id,p1_0.avatar,p1_0.banned,p1_0.banned_at,p1_0.created,p1_0.degree_level,p1_0.display_name,p1_0.email,p1_0.experience,p1_0.last_login,p1_0.level,p1_0.password_hash,p1_0.role,p1_0.specialization,p1_0.student_id from players p1_0 where p1_0.id=?
Hibernate: select p1_0.id,p1_0.avatar,p1_0.banned,p1_0.banned_at,p1_0.created,p1_0.degree_level,p1_0.display_name,p1_0.email,p1_0.experience,p1_0.last_login,p1_0.level,p1_0.password_hash,p1_0.role,p1_0.specialization,p1_0.student_id from players p1_0 where p1_0.email=?
Hibernate: select m1_0.id,m1_0.battle_code,m1_0.created_at,m1_0.deck1_id,m1_0.deck2_id,m1_0.ended_at,m1_0.event_id,m1_0.player1_id,m1_0.player2_id,m1_0.status,m1_0.win_condition,m1_0.winner_id from matches m1_0 where m1_0.id=?
Hibernate: select p1_0.id,p1_0.avatar,p1_0.banned,p1_0.banned_at,p1_0.created,p1_0.degree_level,p1_0.display_name,p1_0.email,p1_0.experience,p1_0.last_login,p1_0.level,p1_0.password_hash,p1_0.role,p1_0.specialization,p1_0.student_id from players p1_0 where p1_0.id=?
Hibernate: select p1_0.id,p1_0.avatar,p1_0.banned,p1_0.banned_at,p1_0.created,p1_0.degree_level,p1_0.display_name,p1_0.email,p1_0.experience,p1_0.last_login,p1_0.level,p1_0.password_hash,p1_0.role,p1_0.specialization,p1_0.student_id from players p1_0 where p1_0.email=?
Hibernate: select m1_0.id,m1_0.battle_code,m1_0.created_at,m1_0.deck1_id,m1_0.deck2_id,m1_0.ended_at,m1_0.event_id,m1_0.player1_id,m1_0.player2_id,m1_0.status,m1_0.win_condition,m1_0.winner_id from matches m1_0 where m1_0.id=?
Hibernate: select p1_0.id,p1_0.avatar,p1_0.banned,p1_0.banned_at,p1_0.created,p1_0.degree_level,p1_0.display_name,p1_0.email,p1_0.experience,p1_0.last_login,p1_0.level,p1_0.password_hash,p1_0.role,p1_0.specialization,p1_0.student_id from players p1_0 where p1_0.id=?
Hibernate: select p1_0.id,p1_0.avatar,p1_0.banned,p1_0.banned_at,p1_0.created,p1_0.degree_level,p1_0.display_name,p1_0.email,p1_0.experience,p1_0.last_login,p1_0.level,p1_0.password_hash,p1_0.role,p1_0.specialization,p1_0.student_id from players p1_0 where p1_0.email=?
Hibernate: select m1_0.id,m1_0.battle_code,m1_0.created_at,m1_0.deck1_id,m1_0.deck2_id,m1_0.ended_at,m1_0.event_id,m1_0.player1_id,m1_0.player2_id,m1_0.status,m1_0.win_condition,m1_0.winner_id from matches m1_0 where m1_0.id=?
Hibernate: select p1_0.id,p1_0.avatar,p1_0.banned,p1_0.banned_at,p1_0.created,p1_0.degree_level,p1_0.display_name,p1_0.email,p1_0.experience,p1_0.last_login,p1_0.level,p1_0.password_hash,p1_0.role,p1_0.specialization,p1_0.student_id from players p1_0 where p1_0.id=?
Hibernate: select p1_0.id,p1_0.avatar,p1_0.banned,p1_0.banned_at,p1_0.created,p1_0.degree_level,p1_0.display_name,p1_0.email,p1_0.experience,p1_0.last_login,p1_0.level,p1_0.password_hash,p1_0.role,p1_0.specialization,p1_0.student_id from players p1_0 where p1_0.email=?
Hibernate: select m1_0.id,m1_0.battle_code,m1_0.created_at,m1_0.deck1_id,m1_0.deck2_id,m1_0.ended_at,m1_0.event_id,m1_0.player1_id,m1_0.player2_id,m1_0.status,m1_0.win_condition,m1_0.winner_id from matches m1_0 where m1_0.id=?
Hibernate: select p1_0.id,p1_0.avatar,p1_0.banned,p1_0.banned_at,p1_0.created,p1_0.degree_level,p1_0.display_name,p1_0.email,p1_0.experience,p1_0.last_login,p1_0.level,p1_0.password_hash,p1_0.role,p1_0.specialization,p1_0.student_id from players p1_0 where p1_0.id=?
Hibernate: select p1_0.id,p1_0.avatar,p1_0.banned,p1_0.banned_at,p1_0.created,p1_0.degree_level,p1_0.display_name,p1_0.email,p1_0.experience,p1_0.last_login,p1_0.level,p1_0.password_hash,p1_0.role,p1_0.specialization,p1_0.student_id from players p1_0 where p1_0.email=?
Hibernate: select m1_0.id,m1_0.battle_code,m1_0.created_at,m1_0.deck1_id,m1_0.deck2_id,m1_0.ended_at,m1_0.event_id,m1_0.player1_id,m1_0.player2_id,m1_0.status,m1_0.win_condition,m1_0.winner_id from matches m1_0 where m1_0.id=?
Hibernate: select p1_0.id,p1_0.avatar,p1_0.banned,p1_0.banned_at,p1_0.created,p1_0.degree_level,p1_0.display_name,p1_0.email,p1_0.experience,p1_0.last_login,p1_0.level,p1_0.password_hash,p1_0.role,p1_0.specialization,p1_0.student_id from players p1_0 where p1_0.id=?
Hibernate: select p1_0.id,p1_0.avatar,p1_0.banned,p1_0.banned_at,p1_0.created,p1_0.degree_level,p1_0.display_name,p1_0.email,p1_0.experience,p1_0.last_login,p1_0.level,p1_0.password_hash,p1_0.role,p1_0.specialization,p1_0.student_id from players p1_0 where p1_0.email=?
Hibernate: select m1_0.id,m1_0.battle_code,m1_0.created_at,m1_0.deck1_id,m1_0.deck2_id,m1_0.ended_at,m1_0.event_id,m1_0.player1_id,m1_0.player2_id,m1_0.status,m1_0.win_condition,m1_0.winner_id from matches m1_0 where m1_0.id=?
Hibernate: select p1_0.id,p1_0.avatar,p1_0.banned,p1_0.banned_at,p1_0.created,p1_0.degree_level,p1_0.display_name,p1_0.email,p1_0.experience,p1_0.last_login,p1_0.level,p1_0.password_hash,p1_0.role,p1_0.specialization,p1_0.student_id from players p1_0 where p1_0.id=?
Hibernate: select p1_0.id,p1_0.avatar,p1_0.banned,p1_0.banned_at,p1_0.created,p1_0.degree_level,p1_0.display_name,p1_0.email,p1_0.experience,p1_0.last_login,p1_0.level,p1_0.password_hash,p1_0.role,p1_0.specialization,p1_0.student_id from players p1_0 where p1_0.email=?
Hibernate: select m1_0.id,m1_0.battle_code,m1_0.created_at,m1_0.deck1_id,m1_0.deck2_id,m1_0.ended_at,m1_0.event_id,m1_0.player1_id,m1_0.player2_id,m1_0.status,m1_0.win_condition,m1_0.winner_id from matches m1_0 where m1_0.id=?
Hibernate: select p1_0.id,p1_0.avatar,p1_0.banned,p1_0.banned_at,p1_0.created,p1_0.degree_level,p1_0.display_name,p1_0.email,p1_0.experience,p1_0.last_login,p1_0.level,p1_0.password_hash,p1_0.role,p1_0.specialization,p1_0.student_id from players p1_0 where p1_0.id=?
Hibernate: select p1_0.id,p1_0.avatar,p1_0.banned,p1_0.banned_at,p1_0.created,p1_0.degree_level,p1_0.display_name,p1_0.email,p1_0.experience,p1_0.last_login,p1_0.level,p1_0.password_hash,p1_0.role,p1_0.specialization,p1_0.student_id from players p1_0 where p1_0.email=?
Hibernate: select m1_0.id,m1_0.battle_code,m1_0.created_at,m1_0.deck1_id,m1_0.deck2_id,m1_0.ended_at,m1_0.event_id,m1_0.player1_id,m1_0.player2_id,m1_0.status,m1_0.win_condition,m1_0.winner_id from matches m1_0 where m1_0.id=?
Hibernate: select p1_0.id,p1_0.avatar,p1_0.banned,p1_0.banned_at,p1_0.created,p1_0.degree_level,p1_0.display_name,p1_0.email,p1_0.experience,p1_0.last_login,p1_0.level,p1_0.password_hash,p1_0.role,p1_0.specialization,p1_0.student_id from players p1_0 where p1_0.id=?
Hibernate: select p1_0.id,p1_0.avatar,p1_0.banned,p1_0.banned_at,p1_0.created,p1_0.degree_level,p1_0.display_name,p1_0.email,p1_0.experience,p1_0.last_login,p1_0.level,p1_0.password_hash,p1_0.role,p1_0.specialization,p1_0.student_id from players p1_0 where p1_0.email=?
Hibernate: select m1_0.id,m1_0.battle_code,m1_0.created_at,m1_0.deck1_id,m1_0.deck2_id,m1_0.ended_at,m1_0.event_id,m1_0.player1_id,m1_0.player2_id,m1_0.status,m1_0.win_condition,m1_0.winner_id from matches m1_0 where m1_0.id=?
Hibernate: select p1_0.id,p1_0.avatar,p1_0.banned,p1_0.banned_at,p1_0.created,p1_0.degree_level,p1_0.display_name,p1_0.email,p1_0.experience,p1_0.last_login,p1_0.level,p1_0.password_hash,p1_0.role,p1_0.specialization,p1_0.student_id from players p1_0 where p1_0.id=?
Hibernate: select p1_0.id,p1_0.avatar,p1_0.banned,p1_0.banned_at,p1_0.created,p1_0.degree_level,p1_0.display_name,p1_0.email,p1_0.experience,p1_0.last_login,p1_0.level,p1_0.password_hash,p1_0.role,p1_0.specialization,p1_0.student_id from players p1_0 where p1_0.email=?
Hibernate: select m1_0.id,m1_0.battle_code,m1_0.created_at,m1_0.deck1_id,m1_0.deck2_id,m1_0.ended_at,m1_0.event_id,m1_0.player1_id,m1_0.player2_id,m1_0.status,m1_0.win_condition,m1_0.winner_id from matches m1_0 where m1_0.id=?
Hibernate: select p1_0.id,p1_0.avatar,p1_0.banned,p1_0.banned_at,p1_0.created,p1_0.degree_level,p1_0.display_name,p1_0.email,p1_0.experience,p1_0.last_login,p1_0.level,p1_0.password_hash,p1_0.role,p1_0.specialization,p1_0.student_id from players p1_0 where p1_0.id=?
Hibernate: select p1_0.id,p1_0.avatar,p1_0.banned,p1_0.banned_at,p1_0.created,p1_0.degree_level,p1_0.display_name,p1_0.email,p1_0.experience,p1_0.last_login,p1_0.level,p1_0.password_hash,p1_0.role,p1_0.specialization,p1_0.student_id from players p1_0 where p1_0.email=?
Hibernate: select m1_0.id,m1_0.battle_code,m1_0.created_at,m1_0.deck1_id,m1_0.deck2_id,m1_0.ended_at,m1_0.event_id,m1_0.player1_id,m1_0.player2_id,m1_0.status,m1_0.win_condition,m1_0.winner_id from matches m1_0 where m1_0.id=?
Hibernate: select p1_0.id,p1_0.avatar,p1_0.banned,p1_0.banned_at,p1_0.created,p1_0.degree_level,p1_0.display_name,p1_0.email,p1_0.experience,p1_0.last_login,p1_0.level,p1_0.password_hash,p1_0.role,p1_0.specialization,p1_0.student_id from players p1_0 where p1_0.id=?
Hibernate: select p1_0.id,p1_0.avatar,p1_0.banned,p1_0.banned_at,p1_0.created,p1_0.degree_level,p1_0.display_name,p1_0.email,p1_0.experience,p1_0.last_login,p1_0.level,p1_0.password_hash,p1_0.role,p1_0.specialization,p1_0.student_id from players p1_0 where p1_0.email=?
Hibernate: select m1_0.id,m1_0.battle_code,m1_0.created_at,m1_0.deck1_id,m1_0.deck2_id,m1_0.ended_at,m1_0.event_id,m1_0.player1_id,m1_0.player2_id,m1_0.status,m1_0.win_condition,m1_0.winner_id from matches m1_0 where m1_0.id=?
Hibernate: select p1_0.id,p1_0.avatar,p1_0.banned,p1_0.banned_at,p1_0.created,p1_0.degree_level,p1_0.display_name,p1_0.email,p1_0.experience,p1_0.last_login,p1_0.level,p1_0.password_hash,p1_0.role,p1_0.specialization,p1_0.student_id from players p1_0 where p1_0.id=?
Hibernate: select p1_0.id,p1_0.avatar,p1_0.banned,p1_0.banned_at,p1_0.created,p1_0.degree_level,p1_0.display_name,p1_0.email,p1_0.experience,p1_0.last_login,p1_0.level,p1_0.password_hash,p1_0.role,p1_0.specialization,p1_0.student_id from players p1_0 where p1_0.email=?
Hibernate: select m1_0.id,m1_0.battle_code,m1_0.created_at,m1_0.deck1_id,m1_0.deck2_id,m1_0.ended_at,m1_0.event_id,m1_0.player1_id,m1_0.player2_id,m1_0.status,m1_0.win_condition,m1_0.winner_id from matches m1_0 where m1_0.id=?
Hibernate: select p1_0.id,p1_0.avatar,p1_0.banned,p1_0.banned_at,p1_0.created,p1_0.degree_level,p1_0.display_name,p1_0.email,p1_0.experience,p1_0.last_login,p1_0.level,p1_0.password_hash,p1_0.role,p1_0.specialization,p1_0.student_id from players p1_0 where p1_0.id=?
Hibernate: select p1_0.id,p1_0.avatar,p1_0.banned,p1_0.banned_at,p1_0.created,p1_0.degree_level,p1_0.display_name,p1_0.email,p1_0.experience,p1_0.last_login,p1_0.level,p1_0.password_hash,p1_0.role,p1_0.specialization,p1_0.student_id from players p1_0 where p1_0.email=?
Hibernate: select m1_0.id,m1_0.battle_code,m1_0.created_at,m1_0.deck1_id,m1_0.deck2_id,m1_0.ended_at,m1_0.event_id,m1_0.player1_id,m1_0.player2_id,m1_0.status,m1_0.win_condition,m1_0.winner_id from matches m1_0 where m1_0.id=?
Hibernate: select p1_0.id,p1_0.avatar,p1_0.banned,p1_0.banned_at,p1_0.created,p1_0.degree_level,p1_0.display_name,p1_0.email,p1_0.experience,p1_0.last_login,p1_0.level,p1_0.password_hash,p1_0.role,p1_0.specialization,p1_0.student_id from players p1_0 where p1_0.id=?
Hibernate: select p1_0.id,p1_0.avatar,p1_0.banned,p1_0.banned_at,p1_0.created,p1_0.degree_level,p1_0.display_name,p1_0.email,p1_0.experience,p1_0.last_login,p1_0.level,p1_0.password_hash,p1_0.role,p1_0.specialization,p1_0.student_id from players p1_0 where p1_0.email=?
Hibernate: select m1_0.id,m1_0.battle_code,m1_0.created_at,m1_0.deck1_id,m1_0.deck2_id,m1_0.ended_at,m1_0.event_id,m1_0.player1_id,m1_0.player2_id,m1_0.status,m1_0.win_condition,m1_0.winner_id from matches m1_0 where m1_0.id=?
Hibernate: select p1_0.id,p1_0.avatar,p1_0.banned,p1_0.banned_at,p1_0.created,p1_0.degree_level,p1_0.display_name,p1_0.email,p1_0.experience,p1_0.last_login,p1_0.level,p1_0.password_hash,p1_0.role,p1_0.specialization,p1_0.student_id from players p1_0 where p1_0.id=?
Hibernate: select p1_0.id,p1_0.avatar,p1_0.banned,p1_0.banned_at,p1_0.created,p1_0.degree_level,p1_0.display_name,p1_0.email,p1_0.experience,p1_0.last_login,p1_0.level,p1_0.password_hash,p1_0.role,p1_0.specialization,p1_0.student_id from players p1_0 where p1_0.email=?
Hibernate: select m1_0.id,m1_0.battle_code,m1_0.created_at,m1_0.deck1_id,m1_0.deck2_id,m1_0.ended_at,m1_0.event_id,m1_0.player1_id,m1_0.player2_id,m1_0.status,m1_0.win_condition,m1_0.winner_id from matches m1_0 where m1_0.id=?
Hibernate: select p1_0.id,p1_0.avatar,p1_0.banned,p1_0.banned_at,p1_0.created,p1_0.degree_level,p1_0.display_name,p1_0.email,p1_0.experience,p1_0.last_login,p1_0.level,p1_0.password_hash,p1_0.role,p1_0.specialization,p1_0.student_id from players p1_0 where p1_0.id=?
Hibernate: select p1_0.id,p1_0.avatar,p1_0.banned,p1_0.banned_at,p1_0.created,p1_0.degree_level,p1_0.display_name,p1_0.email,p1_0.experience,p1_0.last_login,p1_0.level,p1_0.password_hash,p1_0.role,p1_0.specialization,p1_0.student_id from players p1_0 where p1_0.email=?
Hibernate: select m1_0.id,m1_0.battle_code,m1_0.created_at,m1_0.deck1_id,m1_0.deck2_id,m1_0.ended_at,m1_0.event_id,m1_0.player1_id,m1_0.player2_id,m1_0.status,m1_0.win_condition,m1_0.winner_id from matches m1_0 where m1_0.id=?
Hibernate: select p1_0.id,p1_0.avatar,p1_0.banned,p1_0.banned_at,p1_0.created,p1_0.degree_level,p1_0.display_name,p1_0.email,p1_0.experience,p1_0.last_login,p1_0.level,p1_0.password_hash,p1_0.role,p1_0.specialization,p1_0.student_id from players p1_0 where p1_0.id=?
Hibernate: select p1_0.id,p1_0.avatar,p1_0.banned,p1_0.banned_at,p1_0.created,p1_0.degree_level,p1_0.display_name,p1_0.email,p1_0.experience,p1_0.last_login,p1_0.level,p1_0.password_hash,p1_0.role,p1_0.specialization,p1_0.student_id from players p1_0 where p1_0.email=?
Hibernate: select m1_0.id,m1_0.battle_code,m1_0.created_at,m1_0.deck1_id,m1_0.deck2_id,m1_0.ended_at,m1_0.event_id,m1_0.player1_id,m1_0.player2_id,m1_0.status,m1_0.win_condition,m1_0.winner_id from matches m1_0 where m1_0.id=?
Hibernate: select p1_0.id,p1_0.avatar,p1_0.banned,p1_0.banned_at,p1_0.created,p1_0.degree_level,p1_0.display_name,p1_0.email,p1_0.experience,p1_0.last_login,p1_0.level,p1_0.password_hash,p1_0.role,p1_0.specialization,p1_0.student_id from players p1_0 where p1_0.id=?
Hibernate: select p1_0.id,p1_0.avatar,p1_0.banned,p1_0.banned_at,p1_0.created,p1_0.degree_level,p1_0.display_name,p1_0.email,p1_0.experience,p1_0.last_login,p1_0.level,p1_0.password_hash,p1_0.role,p1_0.specialization,p1_0.student_id from players p1_0 where p1_0.email=?
Hibernate: select m1_0.id,m1_0.battle_code,m1_0.created_at,m1_0.deck1_id,m1_0.deck2_id,m1_0.ended_at,m1_0.event_id,m1_0.player1_id,m1_0.player2_id,m1_0.status,m1_0.win_condition,m1_0.winner_id from matches m1_0 where m1_0.id=?
Hibernate: select p1_0.id,p1_0.avatar,p1_0.banned,p1_0.banned_at,p1_0.created,p1_0.degree_level,p1_0.display_name,p1_0.email,p1_0.experience,p1_0.last_login,p1_0.level,p1_0.password_hash,p1_0.role,p1_0.specialization,p1_0.student_id from players p1_0 where p1_0.id=?
Hibernate: select p1_0.id,p1_0.avatar,p1_0.banned,p1_0.banned_at,p1_0.created,p1_0.degree_level,p1_0.display_name,p1_0.email,p1_0.experience,p1_0.last_login,p1_0.level,p1_0.password_hash,p1_0.role,p1_0.specialization,p1_0.student_id from players p1_0 where p1_0.email=?
Hibernate: select m1_0.id,m1_0.battle_code,m1_0.created_at,m1_0.deck1_id,m1_0.deck2_id,m1_0.ended_at,m1_0.event_id,m1_0.player1_id,m1_0.player2_id,m1_0.status,m1_0.win_condition,m1_0.winner_id from matches m1_0 where m1_0.id=?
Hibernate: select p1_0.id,p1_0.avatar,p1_0.banned,p1_0.banned_at,p1_0.created,p1_0.degree_level,p1_0.display_name,p1_0.email,p1_0.experience,p1_0.last_login,p1_0.level,p1_0.password_hash,p1_0.role,p1_0.specialization,p1_0.student_id from players p1_0 where p1_0.id=?
Hibernate: select p1_0.id,p1_0.avatar,p1_0.banned,p1_0.banned_at,p1_0.created,p1_0.degree_level,p1_0.display_name,p1_0.email,p1_0.experience,p1_0.last_login,p1_0.level,p1_0.password_hash,p1_0.role,p1_0.specialization,p1_0.student_id from players p1_0 where p1_0.email=?
Hibernate: select m1_0.id,m1_0.battle_code,m1_0.created_at,m1_0.deck1_id,m1_0.deck2_id,m1_0.ended_at,m1_0.event_id,m1_0.player1_id,m1_0.player2_id,m1_0.status,m1_0.win_condition,m1_0.winner_id from matches m1_0 where m1_0.id=?
Hibernate: select p1_0.id,p1_0.avatar,p1_0.banned,p1_0.banned_at,p1_0.created,p1_0.degree_level,p1_0.display_name,p1_0.email,p1_0.experience,p1_0.last_login,p1_0.level,p1_0.password_hash,p1_0.role,p1_0.specialization,p1_0.student_id from players p1_0 where p1_0.id=?
Hibernate: select p1_0.id,p1_0.avatar,p1_0.banned,p1_0.banned_at,p1_0.created,p1_0.degree_level,p1_0.display_name,p1_0.email,p1_0.experience,p1_0.last_login,p1_0.level,p1_0.password_hash,p1_0.role,p1_0.specialization,p1_0.student_id from players p1_0 where p1_0.email=?
Hibernate: select m1_0.id,m1_0.battle_code,m1_0.created_at,m1_0.deck1_id,m1_0.deck2_id,m1_0.ended_at,m1_0.event_id,m1_0.player1_id,m1_0.player2_id,m1_0.status,m1_0.win_condition,m1_0.winner_id from matches m1_0 where m1_0.id=?
Hibernate: select p1_0.id,p1_0.avatar,p1_0.banned,p1_0.banned_at,p1_0.created,p1_0.degree_level,p1_0.display_name,p1_0.email,p1_0.experience,p1_0.last_login,p1_0.level,p1_0.password_hash,p1_0.role,p1_0.specialization,p1_0.student_id from players p1_0 where p1_0.id=?
Hibernate: select p1_0.id,p1_0.avatar,p1_0.banned,p1_0.banned_at,p1_0.created,p1_0.degree_level,p1_0.display_name,p1_0.email,p1_0.experience,p1_0.last_login,p1_0.level,p1_0.password_hash,p1_0.role,p1_0.specialization,p1_0.student_id from players p1_0 where p1_0.email=?
Hibernate: select m1_0.id,m1_0.battle_code,m1_0.created_at,m1_0.deck1_id,m1_0.deck2_id,m1_0.ended_at,m1_0.event_id,m1_0.player1_id,m1_0.player2_id,m1_0.status,m1_0.win_condition,m1_0.winner_id from matches m1_0 where m1_0.id=?
Hibernate: select p1_0.id,p1_0.avatar,p1_0.banned,p1_0.banned_at,p1_0.created,p1_0.degree_level,p1_0.display_name,p1_0.email,p1_0.experience,p1_0.last_login,p1_0.level,p1_0.password_hash,p1_0.role,p1_0.specialization,p1_0.student_id from players p1_0 where p1_0.id=?
Hibernate: select p1_0.id,p1_0.avatar,p1_0.banned,p1_0.banned_at,p1_0.created,p1_0.degree_level,p1_0.display_name,p1_0.email,p1_0.experience,p1_0.last_login,p1_0.level,p1_0.password_hash,p1_0.role,p1_0.specialization,p1_0.student_id from players p1_0 where p1_0.email=?
Hibernate: select m1_0.id,m1_0.battle_code,m1_0.created_at,m1_0.deck1_id,m1_0.deck2_id,m1_0.ended_at,m1_0.event_id,m1_0.player1_id,m1_0.player2_id,m1_0.status,m1_0.win_condition,m1_0.winner_id from matches m1_0 where m1_0.id=?
Hibernate: select p1_0.id,p1_0.avatar,p1_0.banned,p1_0.banned_at,p1_0.created,p1_0.degree_level,p1_0.display_name,p1_0.email,p1_0.experience,p1_0.last_login,p1_0.level,p1_0.password_hash,p1_0.role,p1_0.specialization,p1_0.student_id from players p1_0 where p1_0.id=?
Hibernate: select p1_0.id,p1_0.avatar,p1_0.banned,p1_0.banned_at,p1_0.created,p1_0.degree_level,p1_0.display_name,p1_0.email,p1_0.experience,p1_0.last_login,p1_0.level,p1_0.password_hash,p1_0.role,p1_0.specialization,p1_0.student_id from players p1_0 where p1_0.email=?
Hibernate: select m1_0.id,m1_0.battle_code,m1_0.created_at,m1_0.deck1_id,m1_0.deck2_id,m1_0.ended_at,m1_0.event_id,m1_0.player1_id,m1_0.player2_id,m1_0.status,m1_0.win_condition,m1_0.winner_id from matches m1_0 where m1_0.id=?
Hibernate: select p1_0.id,p1_0.avatar,p1_0.banned,p1_0.banned_at,p1_0.created,p1_0.degree_level,p1_0.display_name,p1_0.email,p1_0.experience,p1_0.last_login,p1_0.level,p1_0.password_hash,p1_0.role,p1_0.specialization,p1_0.student_id from players p1_0 where p1_0.id=?
Hibernate: select p1_0.id,p1_0.avatar,p1_0.banned,p1_0.banned_at,p1_0.created,p1_0.degree_level,p1_0.display_name,p1_0.email,p1_0.experience,p1_0.last_login,p1_0.level,p1_0.password_hash,p1_0.role,p1_0.specialization,p1_0.student_id from players p1_0 where p1_0.email=?
Hibernate: select m1_0.id,m1_0.battle_code,m1_0.created_at,m1_0.deck1_id,m1_0.deck2_id,m1_0.ended_at,m1_0.event_id,m1_0.player1_id,m1_0.player2_id,m1_0.status,m1_0.win_condition,m1_0.winner_id from matches m1_0 where m1_0.id=?
Hibernate: select p1_0.id,p1_0.avatar,p1_0.banned,p1_0.banned_at,p1_0.created,p1_0.degree_level,p1_0.display_name,p1_0.email,p1_0.experience,p1_0.last_login,p1_0.level,p1_0.password_hash,p1_0.role,p1_0.specialization,p1_0.student_id from players p1_0 where p1_0.id=?
Hibernate: select p1_0.id,p1_0.avatar,p1_0.banned,p1_0.banned_at,p1_0.created,p1_0.degree_level,p1_0.display_name,p1_0.email,p1_0.experience,p1_0.last_login,p1_0.level,p1_0.password_hash,p1_0.role,p1_0.specialization,p1_0.student_id from players p1_0 where p1_0.email=?
Hibernate: select m1_0.id,m1_0.battle_code,m1_0.created_at,m1_0.deck1_id,m1_0.deck2_id,m1_0.ended_at,m1_0.event_id,m1_0.player1_id,m1_0.player2_id,m1_0.status,m1_0.win_condition,m1_0.winner_id from matches m1_0 where m1_0.id=?
Hibernate: select p1_0.id,p1_0.avatar,p1_0.banned,p1_0.banned_at,p1_0.created,p1_0.degree_level,p1_0.display_name,p1_0.email,p1_0.experience,p1_0.last_login,p1_0.level,p1_0.password_hash,p1_0.role,p1_0.specialization,p1_0.student_id from players p1_0 where p1_0.id=?
Hibernate: select p1_0.id,p1_0.avatar,p1_0.banned,p1_0.banned_at,p1_0.created,p1_0.degree_level,p1_0.display_name,p1_0.email,p1_0.experience,p1_0.last_login,p1_0.level,p1_0.password_hash,p1_0.role,p1_0.specialization,p1_0.student_id from players p1_0 where p1_0.email=?
Hibernate: select m1_0.id,m1_0.battle_code,m1_0.created_at,m1_0.deck1_id,m1_0.deck2_id,m1_0.ended_at,m1_0.event_id,m1_0.player1_id,m1_0.player2_id,m1_0.status,m1_0.win_condition,m1_0.winner_id from matches m1_0 where m1_0.id=?
Hibernate: select p1_0.id,p1_0.avatar,p1_0.banned,p1_0.banned_at,p1_0.created,p1_0.degree_level,p1_0.display_name,p1_0.email,p1_0.experience,p1_0.last_login,p1_0.level,p1_0.password_hash,p1_0.role,p1_0.specialization,p1_0.student_id from players p1_0 where p1_0.id=?
Hibernate: select p1_0.id,p1_0.avatar,p1_0.banned,p1_0.banned_at,p1_0.created,p1_0.degree_level,p1_0.display_name,p1_0.email,p1_0.experience,p1_0.last_login,p1_0.level,p1_0.password_hash,p1_0.role,p1_0.specialization,p1_0.student_id from players p1_0 where p1_0.email=?
Hibernate: select m1_0.id,m1_0.battle_code,m1_0.created_at,m1_0.deck1_id,m1_0.deck2_id,m1_0.ended_at,m1_0.event_id,m1_0.player1_id,m1_0.player2_id,m1_0.status,m1_0.win_condition,m1_0.winner_id from matches m1_0 where m1_0.id=?
Hibernate: select p1_0.id,p1_0.avatar,p1_0.banned,p1_0.banned_at,p1_0.created,p1_0.degree_level,p1_0.display_name,p1_0.email,p1_0.experience,p1_0.last_login,p1_0.level,p1_0.password_hash,p1_0.role,p1_0.specialization,p1_0.student_id from players p1_0 where p1_0.id=?
Hibernate: select p1_0.id,p1_0.avatar,p1_0.banned,p1_0.banned_at,p1_0.created,p1_0.degree_level,p1_0.display_name,p1_0.email,p1_0.experience,p1_0.last_login,p1_0.level,p1_0.password_hash,p1_0.role,p1_0.specialization,p1_0.student_id from players p1_0 where p1_0.email=?
Hibernate: select m1_0.id,m1_0.battle_code,m1_0.created_at,m1_0.deck1_id,m1_0.deck2_id,m1_0.ended_at,m1_0.event_id,m1_0.player1_id,m1_0.player2_id,m1_0.status,m1_0.win_condition,m1_0.winner_id from matches m1_0 where m1_0.id=?
Hibernate: select p1_0.id,p1_0.avatar,p1_0.banned,p1_0.banned_at,p1_0.created,p1_0.degree_level,p1_0.display_name,p1_0.email,p1_0.experience,p1_0.last_login,p1_0.level,p1_0.password_hash,p1_0.role,p1_0.specialization,p1_0.student_id from players p1_0 where p1_0.id=?
Hibernate: select p1_0.id,p1_0.avatar,p1_0.banned,p1_0.banned_at,p1_0.created,p1_0.degree_level,p1_0.display_name,p1_0.email,p1_0.experience,p1_0.last_login,p1_0.level,p1_0.password_hash,p1_0.role,p1_0.specialization,p1_0.student_id from players p1_0 where p1_0.email=?
Hibernate: select m1_0.id,m1_0.battle_code,m1_0.created_at,m1_0.deck1_id,m1_0.deck2_id,m1_0.ended_at,m1_0.event_id,m1_0.player1_id,m1_0.player2_id,m1_0.status,m1_0.win_condition,m1_0.winner_id from matches m1_0 where m1_0.id=?
Hibernate: select p1_0.id,p1_0.avatar,p1_0.banned,p1_0.banned_at,p1_0.created,p1_0.degree_level,p1_0.display_name,p1_0.email,p1_0.experience,p1_0.last_login,p1_0.level,p1_0.password_hash,p1_0.role,p1_0.specialization,p1_0.student_id from players p1_0 where p1_0.id=?
Hibernate: select p1_0.id,p1_0.avatar,p1_0.banned,p1_0.banned_at,p1_0.created,p1_0.degree_level,p1_0.display_name,p1_0.email,p1_0.experience,p1_0.last_login,p1_0.level,p1_0.password_hash,p1_0.role,p1_0.specialization,p1_0.student_id from players p1_0 where p1_0.email=?
Hibernate: select m1_0.id,m1_0.battle_code,m1_0.created_at,m1_0.deck1_id,m1_0.deck2_id,m1_0.ended_at,m1_0.event_id,m1_0.player1_id,m1_0.player2_id,m1_0.status,m1_0.win_condition,m1_0.winner_id from matches m1_0 where m1_0.id=?
Hibernate: select p1_0.id,p1_0.avatar,p1_0.banned,p1_0.banned_at,p1_0.created,p1_0.degree_level,p1_0.display_name,p1_0.email,p1_0.experience,p1_0.last_login,p1_0.level,p1_0.password_hash,p1_0.role,p1_0.specialization,p1_0.student_id from players p1_0 where p1_0.id=?
Hibernate: select p1_0.id,p1_0.avatar,p1_0.banned,p1_0.banned_at,p1_0.created,p1_0.degree_level,p1_0.display_name,p1_0.email,p1_0.experience,p1_0.last_login,p1_0.level,p1_0.password_hash,p1_0.role,p1_0.specialization,p1_0.student_id from players p1_0 where p1_0.email=?
Hibernate: select m1_0.id,m1_0.battle_code,m1_0.created_at,m1_0.deck1_id,m1_0.deck2_id,m1_0.ended_at,m1_0.event_id,m1_0.player1_id,m1_0.player2_id,m1_0.status,m1_0.win_condition,m1_0.winner_id from matches m1_0 where m1_0.id=?
Hibernate: select p1_0.id,p1_0.avatar,p1_0.banned,p1_0.banned_at,p1_0.created,p1_0.degree_level,p1_0.display_name,p1_0.email,p1_0.experience,p1_0.last_login,p1_0.level,p1_0.password_hash,p1_0.role,p1_0.specialization,p1_0.student_id from players p1_0 where p1_0.id=?
Hibernate: select p1_0.id,p1_0.avatar,p1_0.banned,p1_0.banned_at,p1_0.created,p1_0.degree_level,p1_0.display_name,p1_0.email,p1_0.experience,p1_0.last_login,p1_0.level,p1_0.password_hash,p1_0.role,p1_0.specialization,p1_0.student_id from players p1_0 where p1_0.email=?
Hibernate: select m1_0.id,m1_0.battle_code,m1_0.created_at,m1_0.deck1_id,m1_0.deck2_id,m1_0.ended_at,m1_0.event_id,m1_0.player1_id,m1_0.player2_id,m1_0.status,m1_0.win_condition,m1_0.winner_id from matches m1_0 where m1_0.id=?
Hibernate: select p1_0.id,p1_0.avatar,p1_0.banned,p1_0.banned_at,p1_0.created,p1_0.degree_level,p1_0.display_name,p1_0.email,p1_0.experience,p1_0.last_login,p1_0.level,p1_0.password_hash,p1_0.role,p1_0.specialization,p1_0.student_id from players p1_0 where p1_0.id=?
Hibernate: select p1_0.id,p1_0.avatar,p1_0.banned,p1_0.banned_at,p1_0.created,p1_0.degree_level,p1_0.display_name,p1_0.email,p1_0.experience,p1_0.last_login,p1_0.level,p1_0.password_hash,p1_0.role,p1_0.specialization,p1_0.student_id from players p1_0 where p1_0.email=?
Hibernate: select m1_0.id,m1_0.battle_code,m1_0.created_at,m1_0.deck1_id,m1_0.deck2_id,m1_0.ended_at,m1_0.event_id,m1_0.player1_id,m1_0.player2_id,m1_0.status,m1_0.win_condition,m1_0.winner_id from matches m1_0 where m1_0.id=?
Hibernate: select p1_0.id,p1_0.avatar,p1_0.banned,p1_0.banned_at,p1_0.created,p1_0.degree_level,p1_0.display_name,p1_0.email,p1_0.experience,p1_0.last_login,p1_0.level,p1_0.password_hash,p1_0.role,p1_0.specialization,p1_0.student_id from players p1_0 where p1_0.id=?
Hibernate: select p1_0.id,p1_0.avatar,p1_0.banned,p1_0.banned_at,p1_0.created,p1_0.degree_level,p1_0.display_name,p1_0.email,p1_0.experience,p1_0.last_login,p1_0.level,p1_0.password_hash,p1_0.role,p1_0.specialization,p1_0.student_id from players p1_0 where p1_0.email=?
Hibernate: select m1_0.id,m1_0.battle_code,m1_0.created_at,m1_0.deck1_id,m1_0.deck2_id,m1_0.ended_at,m1_0.event_id,m1_0.player1_id,m1_0.player2_id,m1_0.status,m1_0.win_condition,m1_0.winner_id from matches m1_0 where m1_0.id=?
Hibernate: select p1_0.id,p1_0.avatar,p1_0.banned,p1_0.banned_at,p1_0.created,p1_0.degree_level,p1_0.display_name,p1_0.email,p1_0.experience,p1_0.last_login,p1_0.level,p1_0.password_hash,p1_0.role,p1_0.specialization,p1_0.student_id from players p1_0 where p1_0.id=?
Hibernate: select p1_0.id,p1_0.avatar,p1_0.banned,p1_0.banned_at,p1_0.created,p1_0.degree_level,p1_0.display_name,p1_0.email,p1_0.experience,p1_0.last_login,p1_0.level,p1_0.password_hash,p1_0.role,p1_0.specialization,p1_0.student_id from players p1_0 where p1_0.email=?
Hibernate: select m1_0.id,m1_0.battle_code,m1_0.created_at,m1_0.deck1_id,m1_0.deck2_id,m1_0.ended_at,m1_0.event_id,m1_0.player1_id,m1_0.player2_id,m1_0.status,m1_0.win_condition,m1_0.winner_id from matches m1_0 where m1_0.id=?
Hibernate: select p1_0.id,p1_0.avatar,p1_0.banned,p1_0.banned_at,p1_0.created,p1_0.degree_level,p1_0.display_name,p1_0.email,p1_0.experience,p1_0.last_login,p1_0.level,p1_0.password_hash,p1_0.role,p1_0.specialization,p1_0.student_id from players p1_0 where p1_0.id=?
Hibernate: select p1_0.id,p1_0.avatar,p1_0.banned,p1_0.banned_at,p1_0.created,p1_0.degree_level,p1_0.display_name,p1_0.email,p1_0.experience,p1_0.last_login,p1_0.level,p1_0.password_hash,p1_0.role,p1_0.specialization,p1_0.student_id from players p1_0 where p1_0.email=?
Hibernate: select m1_0.id,m1_0.battle_code,m1_0.created_at,m1_0.deck1_id,m1_0.deck2_id,m1_0.ended_at,m1_0.event_id,m1_0.player1_id,m1_0.player2_id,m1_0.status,m1_0.win_condition,m1_0.winner_id from matches m1_0 where m1_0.id=?
Hibernate: select p1_0.id,p1_0.avatar,p1_0.banned,p1_0.banned_at,p1_0.created,p1_0.degree_level,p1_0.display_name,p1_0.email,p1_0.experience,p1_0.last_login,p1_0.level,p1_0.password_hash,p1_0.role,p1_0.specialization,p1_0.student_id from players p1_0 where p1_0.id=?
Hibernate: select p1_0.id,p1_0.avatar,p1_0.banned,p1_0.banned_at,p1_0.created,p1_0.degree_level,p1_0.display_name,p1_0.email,p1_0.experience,p1_0.last_login,p1_0.level,p1_0.password_hash,p1_0.role,p1_0.specialization,p1_0.student_id from players p1_0 where p1_0.email=?
Hibernate: select m1_0.id,m1_0.battle_code,m1_0.created_at,m1_0.deck1_id,m1_0.deck2_id,m1_0.ended_at,m1_0.event_id,m1_0.player1_id,m1_0.player2_id,m1_0.status,m1_0.win_condition,m1_0.winner_id from matches m1_0 where m1_0.id=?
Hibernate: select p1_0.id,p1_0.avatar,p1_0.banned,p1_0.banned_at,p1_0.created,p1_0.degree_level,p1_0.display_name,p1_0.email,p1_0.experience,p1_0.last_login,p1_0.level,p1_0.password_hash,p1_0.role,p1_0.specialization,p1_0.student_id from players p1_0 where p1_0.id=?
Hibernate: select p1_0.id,p1_0.avatar,p1_0.banned,p1_0.banned_at,p1_0.created,p1_0.degree_level,p1_0.display_name,p1_0.email,p1_0.experience,p1_0.last_login,p1_0.level,p1_0.password_hash,p1_0.role,p1_0.specialization,p1_0.student_id from players p1_0 where p1_0.email=?
Hibernate: select m1_0.id,m1_0.battle_code,m1_0.created_at,m1_0.deck1_id,m1_0.deck2_id,m1_0.ended_at,m1_0.event_id,m1_0.player1_id,m1_0.player2_id,m1_0.status,m1_0.win_condition,m1_0.winner_id from matches m1_0 where m1_0.id=?
Hibernate: select p1_0.id,p1_0.avatar,p1_0.banned,p1_0.banned_at,p1_0.created,p1_0.degree_level,p1_0.display_name,p1_0.email,p1_0.experience,p1_0.last_login,p1_0.level,p1_0.password_hash,p1_0.role,p1_0.specialization,p1_0.student_id from players p1_0 where p1_0.id=?
Hibernate: select p1_0.id,p1_0.avatar,p1_0.banned,p1_0.banned_at,p1_0.created,p1_0.degree_level,p1_0.display_name,p1_0.email,p1_0.experience,p1_0.last_login,p1_0.level,p1_0.password_hash,p1_0.role,p1_0.specialization,p1_0.student_id from players p1_0 where p1_0.email=?
Hibernate: select m1_0.id,m1_0.battle_code,m1_0.created_at,m1_0.deck1_id,m1_0.deck2_id,m1_0.ended_at,m1_0.event_id,m1_0.player1_id,m1_0.player2_id,m1_0.status,m1_0.win_condition,m1_0.winner_id from matches m1_0 where m1_0.id=?
Hibernate: select p1_0.id,p1_0.avatar,p1_0.banned,p1_0.banned_at,p1_0.created,p1_0.degree_level,p1_0.display_name,p1_0.email,p1_0.experience,p1_0.last_login,p1_0.level,p1_0.password_hash,p1_0.role,p1_0.specialization,p1_0.student_id from players p1_0 where p1_0.id=?
Hibernate: select p1_0.id,p1_0.avatar,p1_0.banned,p1_0.banned_at,p1_0.created,p1_0.degree_level,p1_0.display_name,p1_0.email,p1_0.experience,p1_0.last_login,p1_0.level,p1_0.password_hash,p1_0.role,p1_0.specialization,p1_0.student_id from players p1_0 where p1_0.email=?
Hibernate: select m1_0.id,m1_0.battle_code,m1_0.created_at,m1_0.deck1_id,m1_0.deck2_id,m1_0.ended_at,m1_0.event_id,m1_0.player1_id,m1_0.player2_id,m1_0.status,m1_0.win_condition,m1_0.winner_id from matches m1_0 where m1_0.id=?
Hibernate: select p1_0.id,p1_0.avatar,p1_0.banned,p1_0.banned_at,p1_0.created,p1_0.degree_level,p1_0.display_name,p1_0.email,p1_0.experience,p1_0.last_login,p1_0.level,p1_0.password_hash,p1_0.role,p1_0.specialization,p1_0.student_id from players p1_0 where p1_0.id=?
Hibernate: select p1_0.id,p1_0.avatar,p1_0.banned,p1_0.banned_at,p1_0.created,p1_0.degree_level,p1_0.display_name,p1_0.email,p1_0.experience,p1_0.last_login,p1_0.level,p1_0.password_hash,p1_0.role,p1_0.specialization,p1_0.student_id from players p1_0 where p1_0.email=?
Hibernate: select m1_0.id,m1_0.battle_code,m1_0.created_at,m1_0.deck1_id,m1_0.deck2_id,m1_0.ended_at,m1_0.event_id,m1_0.player1_id,m1_0.player2_id,m1_0.status,m1_0.win_condition,m1_0.winner_id from matches m1_0 where m1_0.id=?
Hibernate: select p1_0.id,p1_0.avatar,p1_0.banned,p1_0.banned_at,p1_0.created,p1_0.degree_level,p1_0.display_name,p1_0.email,p1_0.experience,p1_0.last_login,p1_0.level,p1_0.password_hash,p1_0.role,p1_0.specialization,p1_0.student_id from players p1_0 where p1_0.id=?
Hibernate: select p1_0.id,p1_0.avatar,p1_0.banned,p1_0.banned_at,p1_0.created,p1_0.degree_level,p1_0.display_name,p1_0.email,p1_0.experience,p1_0.last_login,p1_0.level,p1_0.password_hash,p1_0.role,p1_0.specialization,p1_0.student_id from players p1_0 where p1_0.email=?
Hibernate: select m1_0.id,m1_0.battle_code,m1_0.created_at,m1_0.deck1_id,m1_0.deck2_id,m1_0.ended_at,m1_0.event_id,m1_0.player1_id,m1_0.player2_id,m1_0.status,m1_0.win_condition,m1_0.winner_id from matches m1_0 where m1_0.id=?
Hibernate: select p1_0.id,p1_0.avatar,p1_0.banned,p1_0.banned_at,p1_0.created,p1_0.degree_level,p1_0.display_name,p1_0.email,p1_0.experience,p1_0.last_login,p1_0.level,p1_0.password_hash,p1_0.role,p1_0.specialization,p1_0.student_id from players p1_0 where p1_0.id=?
Hibernate: select p1_0.id,p1_0.avatar,p1_0.banned,p1_0.banned_at,p1_0.created,p1_0.degree_level,p1_0.display_name,p1_0.email,p1_0.experience,p1_0.last_login,p1_0.level,p1_0.password_hash,p1_0.role,p1_0.specialization,p1_0.student_id from players p1_0 where p1_0.email=?
Hibernate: select m1_0.id,m1_0.battle_code,m1_0.created_at,m1_0.deck1_id,m1_0.deck2_id,m1_0.ended_at,m1_0.event_id,m1_0.player1_id,m1_0.player2_id,m1_0.status,m1_0.win_condition,m1_0.winner_id from matches m1_0 where m1_0.id=?
Hibernate: select p1_0.id,p1_0.avatar,p1_0.banned,p1_0.banned_at,p1_0.created,p1_0.degree_level,p1_0.display_name,p1_0.email,p1_0.experience,p1_0.last_login,p1_0.level,p1_0.password_hash,p1_0.role,p1_0.specialization,p1_0.student_id from players p1_0 where p1_0.id=?
Hibernate: select p1_0.id,p1_0.avatar,p1_0.banned,p1_0.banned_at,p1_0.created,p1_0.degree_level,p1_0.display_name,p1_0.email,p1_0.experience,p1_0.last_login,p1_0.level,p1_0.password_hash,p1_0.role,p1_0.specialization,p1_0.student_id from players p1_0 where p1_0.email=?
Hibernate: select m1_0.id,m1_0.battle_code,m1_0.created_at,m1_0.deck1_id,m1_0.deck2_id,m1_0.ended_at,m1_0.event_id,m1_0.player1_id,m1_0.player2_id,m1_0.status,m1_0.win_condition,m1_0.winner_id from matches m1_0 where m1_0.id=?
Hibernate: select p1_0.id,p1_0.avatar,p1_0.banned,p1_0.banned_at,p1_0.created,p1_0.degree_level,p1_0.display_name,p1_0.email,p1_0.experience,p1_0.last_login,p1_0.level,p1_0.password_hash,p1_0.role,p1_0.specialization,p1_0.student_id from players p1_0 where p1_0.id=?
Hibernate: select p1_0.id,p1_0.avatar,p1_0.banned,p1_0.banned_at,p1_0.created,p1_0.degree_level,p1_0.display_name,p1_0.email,p1_0.experience,p1_0.last_login,p1_0.level,p1_0.password_hash,p1_0.role,p1_0.specialization,p1_0.student_id from players p1_0 where p1_0.email=?
Hibernate: select m1_0.id,m1_0.battle_code,m1_0.created_at,m1_0.deck1_id,m1_0.deck2_id,m1_0.ended_at,m1_0.event_id,m1_0.player1_id,m1_0.player2_id,m1_0.status,m1_0.win_condition,m1_0.winner_id from matches m1_0 where m1_0.id=?
Hibernate: select p1_0.id,p1_0.avatar,p1_0.banned,p1_0.banned_at,p1_0.created,p1_0.degree_level,p1_0.display_name,p1_0.email,p1_0.experience,p1_0.last_login,p1_0.level,p1_0.password_hash,p1_0.role,p1_0.specialization,p1_0.student_id from players p1_0 where p1_0.id=?
Hibernate: select p1_0.id,p1_0.avatar,p1_0.banned,p1_0.banned_at,p1_0.created,p1_0.degree_level,p1_0.display_name,p1_0.email,p1_0.experience,p1_0.last_login,p1_0.level,p1_0.password_hash,p1_0.role,p1_0.specialization,p1_0.student_id from players p1_0 where p1_0.email=?
Hibernate: select m1_0.id,m1_0.battle_code,m1_0.created_at,m1_0.deck1_id,m1_0.deck2_id,m1_0.ended_at,m1_0.event_id,m1_0.player1_id,m1_0.player2_id,m1_0.status,m1_0.win_condition,m1_0.winner_id from matches m1_0 where m1_0.id=?
Hibernate: select p1_0.id,p1_0.avatar,p1_0.banned,p1_0.banned_at,p1_0.created,p1_0.degree_level,p1_0.display_name,p1_0.email,p1_0.experience,p1_0.last_login,p1_0.level,p1_0.password_hash,p1_0.role,p1_0.specialization,p1_0.student_id from players p1_0 where p1_0.id=?
Hibernate: select p1_0.id,p1_0.avatar,p1_0.banned,p1_0.banned_at,p1_0.created,p1_0.degree_level,p1_0.display_name,p1_0.email,p1_0.experience,p1_0.last_login,p1_0.level,p1_0.password_hash,p1_0.role,p1_0.specialization,p1_0.student_id from players p1_0 where p1_0.email=?
Hibernate: select m1_0.id,m1_0.battle_code,m1_0.created_at,m1_0.deck1_id,m1_0.deck2_id,m1_0.ended_at,m1_0.event_id,m1_0.player1_id,m1_0.player2_id,m1_0.status,m1_0.win_condition,m1_0.winner_id from matches m1_0 where m1_0.id=?
Hibernate: select p1_0.id,p1_0.avatar,p1_0.banned,p1_0.banned_at,p1_0.created,p1_0.degree_level,p1_0.display_name,p1_0.email,p1_0.experience,p1_0.last_login,p1_0.level,p1_0.password_hash,p1_0.role,p1_0.specialization,p1_0.student_id from players p1_0 where p1_0.id=?
Hibernate: select p1_0.id,p1_0.avatar,p1_0.banned,p1_0.banned_at,p1_0.created,p1_0.degree_level,p1_0.display_name,p1_0.email,p1_0.experience,p1_0.last_login,p1_0.level,p1_0.password_hash,p1_0.role,p1_0.specialization,p1_0.student_id from players p1_0 where p1_0.email=?
Hibernate: select m1_0.id,m1_0.battle_code,m1_0.created_at,m1_0.deck1_id,m1_0.deck2_id,m1_0.ended_at,m1_0.event_id,m1_0.player1_id,m1_0.player2_id,m1_0.status,m1_0.win_condition,m1_0.winner_id from matches m1_0 where m1_0.id=?
Hibernate: select p1_0.id,p1_0.avatar,p1_0.banned,p1_0.banned_at,p1_0.created,p1_0.degree_level,p1_0.display_name,p1_0.email,p1_0.experience,p1_0.last_login,p1_0.level,p1_0.password_hash,p1_0.role,p1_0.specialization,p1_0.student_id from players p1_0 where p1_0.id=?
Hibernate: select p1_0.id,p1_0.avatar,p1_0.banned,p1_0.banned_at,p1_0.created,p1_0.degree_level,p1_0.display_name,p1_0.email,p1_0.experience,p1_0.last_login,p1_0.level,p1_0.password_hash,p1_0.role,p1_0.specialization,p1_0.student_id from players p1_0 where p1_0.email=?
Hibernate: select m1_0.id,m1_0.battle_code,m1_0.created_at,m1_0.deck1_id,m1_0.deck2_id,m1_0.ended_at,m1_0.event_id,m1_0.player1_id,m1_0.player2_id,m1_0.status,m1_0.win_condition,m1_0.winner_id from matches m1_0 where m1_0.id=?
Hibernate: select p1_0.id,p1_0.avatar,p1_0.banned,p1_0.banned_at,p1_0.created,p1_0.degree_level,p1_0.display_name,p1_0.email,p1_0.experience,p1_0.last_login,p1_0.level,p1_0.password_hash,p1_0.role,p1_0.specialization,p1_0.student_id from players p1_0 where p1_0.id=?
Hibernate: select p1_0.id,p1_0.avatar,p1_0.banned,p1_0.banned_at,p1_0.created,p1_0.degree_level,p1_0.display_name,p1_0.email,p1_0.experience,p1_0.last_login,p1_0.level,p1_0.password_hash,p1_0.role,p1_0.specialization,p1_0.student_id from players p1_0 where p1_0.email=?
Hibernate: select m1_0.id,m1_0.battle_code,m1_0.created_at,m1_0.deck1_id,m1_0.deck2_id,m1_0.ended_at,m1_0.event_id,m1_0.player1_id,m1_0.player2_id,m1_0.status,m1_0.win_condition,m1_0.winner_id from matches m1_0 where m1_0.id=?
Hibernate: select p1_0.id,p1_0.avatar,p1_0.banned,p1_0.banned_at,p1_0.created,p1_0.degree_level,p1_0.display_name,p1_0.email,p1_0.experience,p1_0.last_login,p1_0.level,p1_0.password_hash,p1_0.role,p1_0.specialization,p1_0.student_id from players p1_0 where p1_0.id=?
Hibernate: select p1_0.id,p1_0.avatar,p1_0.banned,p1_0.banned_at,p1_0.created,p1_0.degree_level,p1_0.display_name,p1_0.email,p1_0.experience,p1_0.last_login,p1_0.level,p1_0.password_hash,p1_0.role,p1_0.specialization,p1_0.student_id from players p1_0 where p1_0.email=?
Hibernate: select m1_0.id,m1_0.battle_code,m1_0.created_at,m1_0.deck1_id,m1_0.deck2_id,m1_0.ended_at,m1_0.event_id,m1_0.player1_id,m1_0.player2_id,m1_0.status,m1_0.win_condition,m1_0.winner_id from matches m1_0 where m1_0.id=?
Hibernate: select p1_0.id,p1_0.avatar,p1_0.banned,p1_0.banned_at,p1_0.created,p1_0.degree_level,p1_0.display_name,p1_0.email,p1_0.experience,p1_0.last_login,p1_0.level,p1_0.password_hash,p1_0.role,p1_0.specialization,p1_0.student_id from players p1_0 where p1_0.id=?
Hibernate: select p1_0.id,p1_0.avatar,p1_0.banned,p1_0.banned_at,p1_0.created,p1_0.degree_level,p1_0.display_name,p1_0.email,p1_0.experience,p1_0.last_login,p1_0.level,p1_0.password_hash,p1_0.role,p1_0.specialization,p1_0.student_id from players p1_0 where p1_0.email=?
Hibernate: select m1_0.id,m1_0.battle_code,m1_0.created_at,m1_0.deck1_id,m1_0.deck2_id,m1_0.ended_at,m1_0.event_id,m1_0.player1_id,m1_0.player2_id,m1_0.status,m1_0.win_condition,m1_0.winner_id from matches m1_0 where m1_0.id=?
Hibernate: select p1_0.id,p1_0.avatar,p1_0.banned,p1_0.banned_at,p1_0.created,p1_0.degree_level,p1_0.display_name,p1_0.email,p1_0.experience,p1_0.last_login,p1_0.level,p1_0.password_hash,p1_0.role,p1_0.specialization,p1_0.student_id from players p1_0 where p1_0.id=?
Hibernate: select p1_0.id,p1_0.avatar,p1_0.banned,p1_0.banned_at,p1_0.created,p1_0.degree_level,p1_0.display_name,p1_0.email,p1_0.experience,p1_0.last_login,p1_0.level,p1_0.password_hash,p1_0.role,p1_0.specialization,p1_0.student_id from players p1_0 where p1_0.email=?
Hibernate: select m1_0.id,m1_0.battle_code,m1_0.created_at,m1_0.deck1_id,m1_0.deck2_id,m1_0.ended_at,m1_0.event_id,m1_0.player1_id,m1_0.player2_id,m1_0.status,m1_0.win_condition,m1_0.winner_id from matches m1_0 where m1_0.id=?
Hibernate: select p1_0.id,p1_0.avatar,p1_0.banned,p1_0.banned_at,p1_0.created,p1_0.degree_level,p1_0.display_name,p1_0.email,p1_0.experience,p1_0.last_login,p1_0.level,p1_0.password_hash,p1_0.role,p1_0.specialization,p1_0.student_id from players p1_0 where p1_0.id=?
Hibernate: select p1_0.id,p1_0.avatar,p1_0.banned,p1_0.banned_at,p1_0.created,p1_0.degree_level,p1_0.display_name,p1_0.email,p1_0.experience,p1_0.last_login,p1_0.level,p1_0.password_hash,p1_0.role,p1_0.specialization,p1_0.student_id from players p1_0 where p1_0.email=?
Hibernate: select m1_0.id,m1_0.battle_code,m1_0.created_at,m1_0.deck1_id,m1_0.deck2_id,m1_0.ended_at,m1_0.event_id,m1_0.player1_id,m1_0.player2_id,m1_0.status,m1_0.win_condition,m1_0.winner_id from matches m1_0 where m1_0.id=?
Hibernate: select p1_0.id,p1_0.avatar,p1_0.banned,p1_0.banned_at,p1_0.created,p1_0.degree_level,p1_0.display_name,p1_0.email,p1_0.experience,p1_0.last_login,p1_0.level,p1_0.password_hash,p1_0.role,p1_0.specialization,p1_0.student_id from players p1_0 where p1_0.id=?
Hibernate: select p1_0.id,p1_0.avatar,p1_0.banned,p1_0.banned_at,p1_0.created,p1_0.degree_level,p1_0.display_name,p1_0.email,p1_0.experience,p1_0.last_login,p1_0.level,p1_0.password_hash,p1_0.role,p1_0.specialization,p1_0.student_id from players p1_0 where p1_0.email=?
Hibernate: select m1_0.id,m1_0.battle_code,m1_0.created_at,m1_0.deck1_id,m1_0.deck2_id,m1_0.ended_at,m1_0.event_id,m1_0.player1_id,m1_0.player2_id,m1_0.status,m1_0.win_condition,m1_0.winner_id from matches m1_0 where m1_0.id=?
Hibernate: select p1_0.id,p1_0.avatar,p1_0.banned,p1_0.banned_at,p1_0.created,p1_0.degree_level,p1_0.display_name,p1_0.email,p1_0.experience,p1_0.last_login,p1_0.level,p1_0.password_hash,p1_0.role,p1_0.specialization,p1_0.student_id from players p1_0 where p1_0.id=?
Hibernate: select p1_0.id,p1_0.avatar,p1_0.banned,p1_0.banned_at,p1_0.created,p1_0.degree_level,p1_0.display_name,p1_0.email,p1_0.experience,p1_0.last_login,p1_0.level,p1_0.password_hash,p1_0.role,p1_0.specialization,p1_0.student_id from players p1_0 where p1_0.email=?
Hibernate: select m1_0.id,m1_0.battle_code,m1_0.created_at,m1_0.deck1_id,m1_0.deck2_id,m1_0.ended_at,m1_0.event_id,m1_0.player1_id,m1_0.player2_id,m1_0.status,m1_0.win_condition,m1_0.winner_id from matches m1_0 where m1_0.id=?
Hibernate: select p1_0.id,p1_0.avatar,p1_0.banned,p1_0.banned_at,p1_0.created,p1_0.degree_level,p1_0.display_name,p1_0.email,p1_0.experience,p1_0.last_login,p1_0.level,p1_0.password_hash,p1_0.role,p1_0.specialization,p1_0.student_id from players p1_0 where p1_0.id=?
Hibernate: select p1_0.id,p1_0.avatar,p1_0.banned,p1_0.banned_at,p1_0.created,p1_0.degree_level,p1_0.display_name,p1_0.email,p1_0.experience,p1_0.last_login,p1_0.level,p1_0.password_hash,p1_0.role,p1_0.specialization,p1_0.student_id from players p1_0 where p1_0.email=?
Hibernate: select m1_0.id,m1_0.battle_code,m1_0.created_at,m1_0.deck1_id,m1_0.deck2_id,m1_0.ended_at,m1_0.event_id,m1_0.player1_id,m1_0.player2_id,m1_0.status,m1_0.win_condition,m1_0.winner_id from matches m1_0 where m1_0.id=?
Hibernate: select p1_0.id,p1_0.avatar,p1_0.banned,p1_0.banned_at,p1_0.created,p1_0.degree_level,p1_0.display_name,p1_0.email,p1_0.experience,p1_0.last_login,p1_0.level,p1_0.password_hash,p1_0.role,p1_0.specialization,p1_0.student_id from players p1_0 where p1_0.id=?
Hibernate: select p1_0.id,p1_0.avatar,p1_0.banned,p1_0.banned_at,p1_0.created,p1_0.degree_level,p1_0.display_name,p1_0.email,p1_0.experience,p1_0.last_login,p1_0.level,p1_0.password_hash,p1_0.role,p1_0.specialization,p1_0.student_id from players p1_0 where p1_0.email=?
Hibernate: select m1_0.id,m1_0.battle_code,m1_0.created_at,m1_0.deck1_id,m1_0.deck2_id,m1_0.ended_at,m1_0.event_id,m1_0.player1_id,m1_0.player2_id,m1_0.status,m1_0.win_condition,m1_0.winner_id from matches m1_0 where m1_0.id=?
Hibernate: select p1_0.id,p1_0.avatar,p1_0.banned,p1_0.banned_at,p1_0.created,p1_0.degree_level,p1_0.display_name,p1_0.email,p1_0.experience,p1_0.last_login,p1_0.level,p1_0.password_hash,p1_0.role,p1_0.specialization,p1_0.student_id from players p1_0 where p1_0.id=?
Hibernate: select p1_0.id,p1_0.avatar,p1_0.banned,p1_0.banned_at,p1_0.created,p1_0.degree_level,p1_0.display_name,p1_0.email,p1_0.experience,p1_0.last_login,p1_0.level,p1_0.password_hash,p1_0.role,p1_0.specialization,p1_0.student_id from players p1_0 where p1_0.email=?
Hibernate: select m1_0.id,m1_0.battle_code,m1_0.created_at,m1_0.deck1_id,m1_0.deck2_id,m1_0.ended_at,m1_0.event_id,m1_0.player1_id,m1_0.player2_id,m1_0.status,m1_0.win_condition,m1_0.winner_id from matches m1_0 where m1_0.id=?
Hibernate: select p1_0.id,p1_0.avatar,p1_0.banned,p1_0.banned_at,p1_0.created,p1_0.degree_level,p1_0.display_name,p1_0.email,p1_0.experience,p1_0.last_login,p1_0.level,p1_0.password_hash,p1_0.role,p1_0.specialization,p1_0.student_id from players p1_0 where p1_0.id=?
Hibernate: select p1_0.id,p1_0.avatar,p1_0.banned,p1_0.banned_at,p1_0.created,p1_0.degree_level,p1_0.display_name,p1_0.email,p1_0.experience,p1_0.last_login,p1_0.level,p1_0.password_hash,p1_0.role,p1_0.specialization,p1_0.student_id from players p1_0 where p1_0.email=?
Hibernate: select m1_0.id,m1_0.battle_code,m1_0.created_at,m1_0.deck1_id,m1_0.deck2_id,m1_0.ended_at,m1_0.event_id,m1_0.player1_id,m1_0.player2_id,m1_0.status,m1_0.win_condition,m1_0.winner_id from matches m1_0 where m1_0.id=?
Hibernate: select p1_0.id,p1_0.avatar,p1_0.banned,p1_0.banned_at,p1_0.created,p1_0.degree_level,p1_0.display_name,p1_0.email,p1_0.experience,p1_0.last_login,p1_0.level,p1_0.password_hash,p1_0.role,p1_0.specialization,p1_0.student_id from players p1_0 where p1_0.id=?
Hibernate: select p1_0.id,p1_0.avatar,p1_0.banned,p1_0.banned_at,p1_0.created,p1_0.degree_level,p1_0.display_name,p1_0.email,p1_0.experience,p1_0.last_login,p1_0.level,p1_0.password_hash,p1_0.role,p1_0.specialization,p1_0.student_id from players p1_0 where p1_0.email=?
Hibernate: select m1_0.id,m1_0.battle_code,m1_0.created_at,m1_0.deck1_id,m1_0.deck2_id,m1_0.ended_at,m1_0.event_id,m1_0.player1_id,m1_0.player2_id,m1_0.status,m1_0.win_condition,m1_0.winner_id from matches m1_0 where m1_0.player1_id=? or m1_0.player2_id=?
Hibernate: select p1_0.id,p1_0.avatar,p1_0.banned,p1_0.banned_at,p1_0.created,p1_0.degree_level,p1_0.display_name,p1_0.email,p1_0.experience,p1_0.last_login,p1_0.level,p1_0.password_hash,p1_0.role,p1_0.specialization,p1_0.student_id from players p1_0 where p1_0.email=?
Hibernate: select m1_0.id,m1_0.battle_code,m1_0.created_at,m1_0.deck1_id,m1_0.deck2_id,m1_0.ended_at,m1_0.event_id,m1_0.player1_id,m1_0.player2_id,m1_0.status,m1_0.win_condition,m1_0.winner_id from matches m1_0 where m1_0.id=?
Hibernate: select p1_0.id,p1_0.avatar,p1_0.banned,p1_0.banned_at,p1_0.created,p1_0.degree_level,p1_0.display_name,p1_0.email,p1_0.experience,p1_0.last_login,p1_0.level,p1_0.password_hash,p1_0.role,p1_0.specialization,p1_0.student_id from players p1_0 where p1_0.id=?
Hibernate: select p1_0.id,p1_0.avatar,p1_0.banned,p1_0.banned_at,p1_0.created,p1_0.degree_level,p1_0.display_name,p1_0.email,p1_0.experience,p1_0.last_login,p1_0.level,p1_0.password_hash,p1_0.role,p1_0.specialization,p1_0.student_id from players p1_0 where p1_0.email=?
Hibernate: select m1_0.id,m1_0.battle_code,m1_0.created_at,m1_0.deck1_id,m1_0.deck2_id,m1_0.ended_at,m1_0.event_id,m1_0.player1_id,m1_0.player2_id,m1_0.status,m1_0.win_condition,m1_0.winner_id from matches m1_0 where m1_0.id=?
Hibernate: select p1_0.id,p1_0.avatar,p1_0.banned,p1_0.banned_at,p1_0.created,p1_0.degree_level,p1_0.display_name,p1_0.email,p1_0.experience,p1_0.last_login,p1_0.level,p1_0.password_hash,p1_0.role,p1_0.specialization,p1_0.student_id from players p1_0 where p1_0.id=?
Hibernate: select p1_0.id,p1_0.avatar,p1_0.banned,p1_0.banned_at,p1_0.created,p1_0.degree_level,p1_0.display_name,p1_0.email,p1_0.experience,p1_0.last_login,p1_0.level,p1_0.password_hash,p1_0.role,p1_0.specialization,p1_0.student_id from players p1_0 where p1_0.email=?
Hibernate: select m1_0.id,m1_0.battle_code,m1_0.created_at,m1_0.deck1_id,m1_0.deck2_id,m1_0.ended_at,m1_0.event_id,m1_0.player1_id,m1_0.player2_id,m1_0.status,m1_0.win_condition,m1_0.winner_id from matches m1_0 where m1_0.id=?
Hibernate: select p1_0.id,p1_0.avatar,p1_0.banned,p1_0.banned_at,p1_0.created,p1_0.degree_level,p1_0.display_name,p1_0.email,p1_0.experience,p1_0.last_login,p1_0.level,p1_0.password_hash,p1_0.role,p1_0.specialization,p1_0.student_id from players p1_0 where p1_0.id=?
Hibernate: select p1_0.id,p1_0.avatar,p1_0.banned,p1_0.banned_at,p1_0.created,p1_0.degree_level,p1_0.display_name,p1_0.email,p1_0.experience,p1_0.last_login,p1_0.level,p1_0.password_hash,p1_0.role,p1_0.specialization,p1_0.student_id from players p1_0 where p1_0.email=?
Hibernate: select m1_0.id,m1_0.battle_code,m1_0.created_at,m1_0.deck1_id,m1_0.deck2_id,m1_0.ended_at,m1_0.event_id,m1_0.player1_id,m1_0.player2_id,m1_0.status,m1_0.win_condition,m1_0.winner_id from matches m1_0 where m1_0.id=?
Hibernate: select p1_0.id,p1_0.avatar,p1_0.banned,p1_0.banned_at,p1_0.created,p1_0.degree_level,p1_0.display_name,p1_0.email,p1_0.experience,p1_0.last_login,p1_0.level,p1_0.password_hash,p1_0.role,p1_0.specialization,p1_0.student_id from players p1_0 where p1_0.id=?
Hibernate: select p1_0.id,p1_0.avatar,p1_0.banned,p1_0.banned_at,p1_0.created,p1_0.degree_level,p1_0.display_name,p1_0.email,p1_0.experience,p1_0.last_login,p1_0.level,p1_0.password_hash,p1_0.role,p1_0.specialization,p1_0.student_id from players p1_0 where p1_0.email=?
Hibernate: select m1_0.id,m1_0.battle_code,m1_0.created_at,m1_0.deck1_id,m1_0.deck2_id,m1_0.ended_at,m1_0.event_id,m1_0.player1_id,m1_0.player2_id,m1_0.status,m1_0.win_condition,m1_0.winner_id from matches m1_0 where m1_0.id=?
Hibernate: select p1_0.id,p1_0.avatar,p1_0.banned,p1_0.banned_at,p1_0.created,p1_0.degree_level,p1_0.display_name,p1_0.email,p1_0.experience,p1_0.last_login,p1_0.level,p1_0.password_hash,p1_0.role,p1_0.specialization,p1_0.student_id from players p1_0 where p1_0.id=?
Hibernate: select p1_0.id,p1_0.avatar,p1_0.banned,p1_0.banned_at,p1_0.created,p1_0.degree_level,p1_0.display_name,p1_0.email,p1_0.experience,p1_0.last_login,p1_0.level,p1_0.password_hash,p1_0.role,p1_0.specialization,p1_0.student_id from players p1_0 where p1_0.email=?
Hibernate: select m1_0.id,m1_0.battle_code,m1_0.created_at,m1_0.deck1_id,m1_0.deck2_id,m1_0.ended_at,m1_0.event_id,m1_0.player1_id,m1_0.player2_id,m1_0.status,m1_0.win_condition,m1_0.winner_id from matches m1_0 where m1_0.id=?
Hibernate: select p1_0.id,p1_0.avatar,p1_0.banned,p1_0.banned_at,p1_0.created,p1_0.degree_level,p1_0.display_name,p1_0.email,p1_0.experience,p1_0.last_login,p1_0.level,p1_0.password_hash,p1_0.role,p1_0.specialization,p1_0.student_id from players p1_0 where p1_0.id=?
Hibernate: select p1_0.id,p1_0.avatar,p1_0.banned,p1_0.banned_at,p1_0.created,p1_0.degree_level,p1_0.display_name,p1_0.email,p1_0.experience,p1_0.last_login,p1_0.level,p1_0.password_hash,p1_0.role,p1_0.specialization,p1_0.student_id from players p1_0 where p1_0.email=?
Hibernate: select m1_0.id,m1_0.battle_code,m1_0.created_at,m1_0.deck1_id,m1_0.deck2_id,m1_0.ended_at,m1_0.event_id,m1_0.player1_id,m1_0.player2_id,m1_0.status,m1_0.win_condition,m1_0.winner_id from matches m1_0 where m1_0.id=?
Hibernate: select p1_0.id,p1_0.avatar,p1_0.banned,p1_0.banned_at,p1_0.created,p1_0.degree_level,p1_0.display_name,p1_0.email,p1_0.experience,p1_0.last_login,p1_0.level,p1_0.password_hash,p1_0.role,p1_0.specialization,p1_0.student_id from players p1_0 where p1_0.id=?
Hibernate: select p1_0.id,p1_0.avatar,p1_0.banned,p1_0.banned_at,p1_0.created,p1_0.degree_level,p1_0.display_name,p1_0.email,p1_0.experience,p1_0.last_login,p1_0.level,p1_0.password_hash,p1_0.role,p1_0.specialization,p1_0.student_id from players p1_0 where p1_0.email=?
Hibernate: select m1_0.id,m1_0.battle_code,m1_0.created_at,m1_0.deck1_id,m1_0.deck2_id,m1_0.ended_at,m1_0.event_id,m1_0.player1_id,m1_0.player2_id,m1_0.status,m1_0.win_condition,m1_0.winner_id from matches m1_0 where m1_0.id=?
Hibernate: select p1_0.id,p1_0.avatar,p1_0.banned,p1_0.banned_at,p1_0.created,p1_0.degree_level,p1_0.display_name,p1_0.email,p1_0.experience,p1_0.last_login,p1_0.level,p1_0.password_hash,p1_0.role,p1_0.specialization,p1_0.student_id from players p1_0 where p1_0.id=?
Hibernate: select p1_0.id,p1_0.avatar,p1_0.banned,p1_0.banned_at,p1_0.created,p1_0.degree_level,p1_0.display_name,p1_0.email,p1_0.experience,p1_0.last_login,p1_0.level,p1_0.password_hash,p1_0.role,p1_0.specialization,p1_0.student_id from players p1_0 where p1_0.email=?
Hibernate: select m1_0.id,m1_0.battle_code,m1_0.created_at,m1_0.deck1_id,m1_0.deck2_id,m1_0.ended_at,m1_0.event_id,m1_0.player1_id,m1_0.player2_id,m1_0.status,m1_0.win_condition,m1_0.winner_id from matches m1_0 where m1_0.id=?
Hibernate: select p1_0.id,p1_0.avatar,p1_0.banned,p1_0.banned_at,p1_0.created,p1_0.degree_level,p1_0.display_name,p1_0.email,p1_0.experience,p1_0.last_login,p1_0.level,p1_0.password_hash,p1_0.role,p1_0.specialization,p1_0.student_id from players p1_0 where p1_0.id=?
Hibernate: select p1_0.id,p1_0.avatar,p1_0.banned,p1_0.banned_at,p1_0.created,p1_0.degree_level,p1_0.display_name,p1_0.email,p1_0.experience,p1_0.last_login,p1_0.level,p1_0.password_hash,p1_0.role,p1_0.specialization,p1_0.student_id from players p1_0 where p1_0.email=?
Hibernate: select m1_0.id,m1_0.battle_code,m1_0.created_at,m1_0.deck1_id,m1_0.deck2_id,m1_0.ended_at,m1_0.event_id,m1_0.player1_id,m1_0.player2_id,m1_0.status,m1_0.win_condition,m1_0.winner_id from matches m1_0 where m1_0.id=?
Hibernate: select p1_0.id,p1_0.avatar,p1_0.banned,p1_0.banned_at,p1_0.created,p1_0.degree_level,p1_0.display_name,p1_0.email,p1_0.experience,p1_0.last_login,p1_0.level,p1_0.password_hash,p1_0.role,p1_0.specialization,p1_0.student_id from players p1_0 where p1_0.id=?
Hibernate: select p1_0.id,p1_0.avatar,p1_0.banned,p1_0.banned_at,p1_0.created,p1_0.degree_level,p1_0.display_name,p1_0.email,p1_0.experience,p1_0.last_login,p1_0.level,p1_0.password_hash,p1_0.role,p1_0.specialization,p1_0.student_id from players p1_0 where p1_0.email=?
Hibernate: select m1_0.id,m1_0.battle_code,m1_0.created_at,m1_0.deck1_id,m1_0.deck2_id,m1_0.ended_at,m1_0.event_id,m1_0.player1_id,m1_0.player2_id,m1_0.status,m1_0.win_condition,m1_0.winner_id from matches m1_0 where m1_0.id=?
Hibernate: select p1_0.id,p1_0.avatar,p1_0.banned,p1_0.banned_at,p1_0.created,p1_0.degree_level,p1_0.display_name,p1_0.email,p1_0.experience,p1_0.last_login,p1_0.level,p1_0.password_hash,p1_0.role,p1_0.specialization,p1_0.student_id from players p1_0 where p1_0.id=?
Hibernate: select p1_0.id,p1_0.avatar,p1_0.banned,p1_0.banned_at,p1_0.created,p1_0.degree_level,p1_0.display_name,p1_0.email,p1_0.experience,p1_0.last_login,p1_0.level,p1_0.password_hash,p1_0.role,p1_0.specialization,p1_0.student_id from players p1_0 where p1_0.email=?
Hibernate: select m1_0.id,m1_0.battle_code,m1_0.created_at,m1_0.deck1_id,m1_0.deck2_id,m1_0.ended_at,m1_0.event_id,m1_0.player1_id,m1_0.player2_id,m1_0.status,m1_0.win_condition,m1_0.winner_id from matches m1_0 where m1_0.id=?
Hibernate: select p1_0.id,p1_0.avatar,p1_0.banned,p1_0.banned_at,p1_0.created,p1_0.degree_level,p1_0.display_name,p1_0.email,p1_0.experience,p1_0.last_login,p1_0.level,p1_0.password_hash,p1_0.role,p1_0.specialization,p1_0.student_id from players p1_0 where p1_0.id=?
Hibernate: select p1_0.id,p1_0.avatar,p1_0.banned,p1_0.banned_at,p1_0.created,p1_0.degree_level,p1_0.display_name,p1_0.email,p1_0.experience,p1_0.last_login,p1_0.level,p1_0.password_hash,p1_0.role,p1_0.specialization,p1_0.student_id from players p1_0 where p1_0.email=?
Hibernate: select m1_0.id,m1_0.battle_code,m1_0.created_at,m1_0.deck1_id,m1_0.deck2_id,m1_0.ended_at,m1_0.event_id,m1_0.player1_id,m1_0.player2_id,m1_0.status,m1_0.win_condition,m1_0.winner_id from matches m1_0 where m1_0.id=?
Hibernate: select p1_0.id,p1_0.avatar,p1_0.banned,p1_0.banned_at,p1_0.created,p1_0.degree_level,p1_0.display_name,p1_0.email,p1_0.experience,p1_0.last_login,p1_0.level,p1_0.password_hash,p1_0.role,p1_0.specialization,p1_0.student_id from players p1_0 where p1_0.id=?
Hibernate: select p1_0.id,p1_0.avatar,p1_0.banned,p1_0.banned_at,p1_0.created,p1_0.degree_level,p1_0.display_name,p1_0.email,p1_0.experience,p1_0.last_login,p1_0.level,p1_0.password_hash,p1_0.role,p1_0.specialization,p1_0.student_id from players p1_0 where p1_0.email=?
Hibernate: select m1_0.id,m1_0.battle_code,m1_0.created_at,m1_0.deck1_id,m1_0.deck2_id,m1_0.ended_at,m1_0.event_id,m1_0.player1_id,m1_0.player2_id,m1_0.status,m1_0.win_condition,m1_0.winner_id from matches m1_0 where m1_0.id=?
Hibernate: select p1_0.id,p1_0.avatar,p1_0.banned,p1_0.banned_at,p1_0.created,p1_0.degree_level,p1_0.display_name,p1_0.email,p1_0.experience,p1_0.last_login,p1_0.level,p1_0.password_hash,p1_0.role,p1_0.specialization,p1_0.student_id from players p1_0 where p1_0.id=?
Hibernate: select p1_0.id,p1_0.avatar,p1_0.banned,p1_0.banned_at,p1_0.created,p1_0.degree_level,p1_0.display_name,p1_0.email,p1_0.experience,p1_0.last_login,p1_0.level,p1_0.password_hash,p1_0.role,p1_0.specialization,p1_0.student_id from players p1_0 where p1_0.email=?
Hibernate: select m1_0.id,m1_0.battle_code,m1_0.created_at,m1_0.deck1_id,m1_0.deck2_id,m1_0.ended_at,m1_0.event_id,m1_0.player1_id,m1_0.player2_id,m1_0.status,m1_0.win_condition,m1_0.winner_id from matches m1_0 where m1_0.id=?
Hibernate: select p1_0.id,p1_0.avatar,p1_0.banned,p1_0.banned_at,p1_0.created,p1_0.degree_level,p1_0.display_name,p1_0.email,p1_0.experience,p1_0.last_login,p1_0.level,p1_0.password_hash,p1_0.role,p1_0.specialization,p1_0.student_id from players p1_0 where p1_0.id=?
Hibernate: select p1_0.id,p1_0.avatar,p1_0.banned,p1_0.banned_at,p1_0.created,p1_0.degree_level,p1_0.display_name,p1_0.email,p1_0.experience,p1_0.last_login,p1_0.level,p1_0.password_hash,p1_0.role,p1_0.specialization,p1_0.student_id from players p1_0 where p1_0.email=?
Hibernate: select m1_0.id,m1_0.battle_code,m1_0.created_at,m1_0.deck1_id,m1_0.deck2_id,m1_0.ended_at,m1_0.event_id,m1_0.player1_id,m1_0.player2_id,m1_0.status,m1_0.win_condition,m1_0.winner_id from matches m1_0 where m1_0.id=?
Hibernate: select p1_0.id,p1_0.avatar,p1_0.banned,p1_0.banned_at,p1_0.created,p1_0.degree_level,p1_0.display_name,p1_0.email,p1_0.experience,p1_0.last_login,p1_0.level,p1_0.password_hash,p1_0.role,p1_0.specialization,p1_0.student_id from players p1_0 where p1_0.id=?
Hibernate: select p1_0.id,p1_0.avatar,p1_0.banned,p1_0.banned_at,p1_0.created,p1_0.degree_level,p1_0.display_name,p1_0.email,p1_0.experience,p1_0.last_login,p1_0.level,p1_0.password_hash,p1_0.role,p1_0.specialization,p1_0.student_id from players p1_0 where p1_0.email=?
Hibernate: select m1_0.id,m1_0.battle_code,m1_0.created_at,m1_0.deck1_id,m1_0.deck2_id,m1_0.ended_at,m1_0.event_id,m1_0.player1_id,m1_0.player2_id,m1_0.status,m1_0.win_condition,m1_0.winner_id from matches m1_0 where m1_0.id=?
Hibernate: select p1_0.id,p1_0.avatar,p1_0.banned,p1_0.banned_at,p1_0.created,p1_0.degree_level,p1_0.display_name,p1_0.email,p1_0.experience,p1_0.last_login,p1_0.level,p1_0.password_hash,p1_0.role,p1_0.specialization,p1_0.student_id from players p1_0 where p1_0.id=?
Hibernate: select p1_0.id,p1_0.avatar,p1_0.banned,p1_0.banned_at,p1_0.created,p1_0.degree_level,p1_0.display_name,p1_0.email,p1_0.experience,p1_0.last_login,p1_0.level,p1_0.password_hash,p1_0.role,p1_0.specialization,p1_0.student_id from players p1_0 where p1_0.email=?
Hibernate: select m1_0.id,m1_0.battle_code,m1_0.created_at,m1_0.deck1_id,m1_0.deck2_id,m1_0.ended_at,m1_0.event_id,m1_0.player1_id,m1_0.player2_id,m1_0.status,m1_0.win_condition,m1_0.winner_id from matches m1_0 where m1_0.id=?
Hibernate: select p1_0.id,p1_0.avatar,p1_0.banned,p1_0.banned_at,p1_0.created,p1_0.degree_level,p1_0.display_name,p1_0.email,p1_0.experience,p1_0.last_login,p1_0.level,p1_0.password_hash,p1_0.role,p1_0.specialization,p1_0.student_id from players p1_0 where p1_0.id=?
Hibernate: select p1_0.id,p1_0.avatar,p1_0.banned,p1_0.banned_at,p1_0.created,p1_0.degree_level,p1_0.display_name,p1_0.email,p1_0.experience,p1_0.last_login,p1_0.level,p1_0.password_hash,p1_0.role,p1_0.specialization,p1_0.student_id from players p1_0 where p1_0.email=?
Hibernate: select m1_0.id,m1_0.battle_code,m1_0.created_at,m1_0.deck1_id,m1_0.deck2_id,m1_0.ended_at,m1_0.event_id,m1_0.player1_id,m1_0.player2_id,m1_0.status,m1_0.win_condition,m1_0.winner_id from matches m1_0 where m1_0.id=?
Hibernate: select p1_0.id,p1_0.avatar,p1_0.banned,p1_0.banned_at,p1_0.created,p1_0.degree_level,p1_0.display_name,p1_0.email,p1_0.experience,p1_0.last_login,p1_0.level,p1_0.password_hash,p1_0.role,p1_0.specialization,p1_0.student_id from players p1_0 where p1_0.id=?
Hibernate: select p1_0.id,p1_0.avatar,p1_0.banned,p1_0.banned_at,p1_0.created,p1_0.degree_level,p1_0.display_name,p1_0.email,p1_0.experience,p1_0.last_login,p1_0.level,p1_0.password_hash,p1_0.role,p1_0.specialization,p1_0.student_id from players p1_0 where p1_0.email=?
Hibernate: select m1_0.id,m1_0.battle_code,m1_0.created_at,m1_0.deck1_id,m1_0.deck2_id,m1_0.ended_at,m1_0.event_id,m1_0.player1_id,m1_0.player2_id,m1_0.status,m1_0.win_condition,m1_0.winner_id from matches m1_0 where m1_0.id=?
Hibernate: select p1_0.id,p1_0.avatar,p1_0.banned,p1_0.banned_at,p1_0.created,p1_0.degree_level,p1_0.display_name,p1_0.email,p1_0.experience,p1_0.last_login,p1_0.level,p1_0.password_hash,p1_0.role,p1_0.specialization,p1_0.student_id from players p1_0 where p1_0.id=?
Hibernate: select p1_0.id,p1_0.avatar,p1_0.banned,p1_0.banned_at,p1_0.created,p1_0.degree_level,p1_0.display_name,p1_0.email,p1_0.experience,p1_0.last_login,p1_0.level,p1_0.password_hash,p1_0.role,p1_0.specialization,p1_0.student_id from players p1_0 where p1_0.email=?
Hibernate: select m1_0.id,m1_0.battle_code,m1_0.created_at,m1_0.deck1_id,m1_0.deck2_id,m1_0.ended_at,m1_0.event_id,m1_0.player1_id,m1_0.player2_id,m1_0.status,m1_0.win_condition,m1_0.winner_id from matches m1_0 where m1_0.id=?
Hibernate: select p1_0.id,p1_0.avatar,p1_0.banned,p1_0.banned_at,p1_0.created,p1_0.degree_level,p1_0.display_name,p1_0.email,p1_0.experience,p1_0.last_login,p1_0.level,p1_0.password_hash,p1_0.role,p1_0.specialization,p1_0.student_id from players p1_0 where p1_0.id=?
Hibernate: select p1_0.id,p1_0.avatar,p1_0.banned,p1_0.banned_at,p1_0.created,p1_0.degree_level,p1_0.display_name,p1_0.email,p1_0.experience,p1_0.last_login,p1_0.level,p1_0.password_hash,p1_0.role,p1_0.specialization,p1_0.student_id from players p1_0 where p1_0.email=?
Hibernate: select m1_0.id,m1_0.battle_code,m1_0.created_at,m1_0.deck1_id,m1_0.deck2_id,m1_0.ended_at,m1_0.event_id,m1_0.player1_id,m1_0.player2_id,m1_0.status,m1_0.win_condition,m1_0.winner_id from matches m1_0 where m1_0.id=?
Hibernate: select p1_0.id,p1_0.avatar,p1_0.banned,p1_0.banned_at,p1_0.created,p1_0.degree_level,p1_0.display_name,p1_0.email,p1_0.experience,p1_0.last_login,p1_0.level,p1_0.password_hash,p1_0.role,p1_0.specialization,p1_0.student_id from players p1_0 where p1_0.id=?
Hibernate: select p1_0.id,p1_0.avatar,p1_0.banned,p1_0.banned_at,p1_0.created,p1_0.degree_level,p1_0.display_name,p1_0.email,p1_0.experience,p1_0.last_login,p1_0.level,p1_0.password_hash,p1_0.role,p1_0.specialization,p1_0.student_id from players p1_0 where p1_0.email=?
Hibernate: select m1_0.id,m1_0.battle_code,m1_0.created_at,m1_0.deck1_id,m1_0.deck2_id,m1_0.ended_at,m1_0.event_id,m1_0.player1_id,m1_0.player2_id,m1_0.status,m1_0.win_condition,m1_0.winner_id from matches m1_0 where m1_0.id=?
Hibernate: select p1_0.id,p1_0.avatar,p1_0.banned,p1_0.banned_at,p1_0.created,p1_0.degree_level,p1_0.display_name,p1_0.email,p1_0.experience,p1_0.last_login,p1_0.level,p1_0.password_hash,p1_0.role,p1_0.specialization,p1_0.student_id from players p1_0 where p1_0.id=?
Hibernate: select p1_0.id,p1_0.avatar,p1_0.banned,p1_0.banned_at,p1_0.created,p1_0.degree_level,p1_0.display_name,p1_0.email,p1_0.experience,p1_0.last_login,p1_0.level,p1_0.password_hash,p1_0.role,p1_0.specialization,p1_0.student_id from players p1_0 where p1_0.email=?
Hibernate: select m1_0.id,m1_0.battle_code,m1_0.created_at,m1_0.deck1_id,m1_0.deck2_id,m1_0.ended_at,m1_0.event_id,m1_0.player1_id,m1_0.player2_id,m1_0.status,m1_0.win_condition,m1_0.winner_id from matches m1_0 where m1_0.id=?
Hibernate: select p1_0.id,p1_0.avatar,p1_0.banned,p1_0.banned_at,p1_0.created,p1_0.degree_level,p1_0.display_name,p1_0.email,p1_0.experience,p1_0.last_login,p1_0.level,p1_0.password_hash,p1_0.role,p1_0.specialization,p1_0.student_id from players p1_0 where p1_0.id=?
Hibernate: select p1_0.id,p1_0.avatar,p1_0.banned,p1_0.banned_at,p1_0.created,p1_0.degree_level,p1_0.display_name,p1_0.email,p1_0.experience,p1_0.last_login,p1_0.level,p1_0.password_hash,p1_0.role,p1_0.specialization,p1_0.student_id from players p1_0 where p1_0.email=?
Hibernate: select m1_0.id,m1_0.battle_code,m1_0.created_at,m1_0.deck1_id,m1_0.deck2_id,m1_0.ended_at,m1_0.event_id,m1_0.player1_id,m1_0.player2_id,m1_0.status,m1_0.win_condition,m1_0.winner_id from matches m1_0 where m1_0.id=?
Hibernate: select p1_0.id,p1_0.avatar,p1_0.banned,p1_0.banned_at,p1_0.created,p1_0.degree_level,p1_0.display_name,p1_0.email,p1_0.experience,p1_0.last_login,p1_0.level,p1_0.password_hash,p1_0.role,p1_0.specialization,p1_0.student_id from players p1_0 where p1_0.id=?
Hibernate: select p1_0.id,p1_0.avatar,p1_0.banned,p1_0.banned_at,p1_0.created,p1_0.degree_level,p1_0.display_name,p1_0.email,p1_0.experience,p1_0.last_login,p1_0.level,p1_0.password_hash,p1_0.role,p1_0.specialization,p1_0.student_id from players p1_0 where p1_0.email=?
Hibernate: select m1_0.id,m1_0.battle_code,m1_0.created_at,m1_0.deck1_id,m1_0.deck2_id,m1_0.ended_at,m1_0.event_id,m1_0.player1_id,m1_0.player2_id,m1_0.status,m1_0.win_condition,m1_0.winner_id from matches m1_0 where m1_0.id=?
Hibernate: select p1_0.id,p1_0.avatar,p1_0.banned,p1_0.banned_at,p1_0.created,p1_0.degree_level,p1_0.display_name,p1_0.email,p1_0.experience,p1_0.last_login,p1_0.level,p1_0.password_hash,p1_0.role,p1_0.specialization,p1_0.student_id from players p1_0 where p1_0.id=?
Hibernate: select p1_0.id,p1_0.avatar,p1_0.banned,p1_0.banned_at,p1_0.created,p1_0.degree_level,p1_0.display_name,p1_0.email,p1_0.experience,p1_0.last_login,p1_0.level,p1_0.password_hash,p1_0.role,p1_0.specialization,p1_0.student_id from players p1_0 where p1_0.email=?
Hibernate: select m1_0.id,m1_0.battle_code,m1_0.created_at,m1_0.deck1_id,m1_0.deck2_id,m1_0.ended_at,m1_0.event_id,m1_0.player1_id,m1_0.player2_id,m1_0.status,m1_0.win_condition,m1_0.winner_id from matches m1_0 where m1_0.id=?
Hibernate: select p1_0.id,p1_0.avatar,p1_0.banned,p1_0.banned_at,p1_0.created,p1_0.degree_level,p1_0.display_name,p1_0.email,p1_0.experience,p1_0.last_login,p1_0.level,p1_0.password_hash,p1_0.role,p1_0.specialization,p1_0.student_id from players p1_0 where p1_0.id=?
Hibernate: select p1_0.id,p1_0.avatar,p1_0.banned,p1_0.banned_at,p1_0.created,p1_0.degree_level,p1_0.display_name,p1_0.email,p1_0.experience,p1_0.last_login,p1_0.level,p1_0.password_hash,p1_0.role,p1_0.specialization,p1_0.student_id from players p1_0 where p1_0.email=?
Hibernate: select m1_0.id,m1_0.battle_code,m1_0.created_at,m1_0.deck1_id,m1_0.deck2_id,m1_0.ended_at,m1_0.event_id,m1_0.player1_id,m1_0.player2_id,m1_0.status,m1_0.win_condition,m1_0.winner_id from matches m1_0 where m1_0.id=?
Hibernate: select p1_0.id,p1_0.avatar,p1_0.banned,p1_0.banned_at,p1_0.created,p1_0.degree_level,p1_0.display_name,p1_0.email,p1_0.experience,p1_0.last_login,p1_0.level,p1_0.password_hash,p1_0.role,p1_0.specialization,p1_0.student_id from players p1_0 where p1_0.id=?
Hibernate: select p1_0.id,p1_0.avatar,p1_0.banned,p1_0.banned_at,p1_0.created,p1_0.degree_level,p1_0.display_name,p1_0.email,p1_0.experience,p1_0.last_login,p1_0.level,p1_0.password_hash,p1_0.role,p1_0.specialization,p1_0.student_id from players p1_0 where p1_0.email=?
Hibernate: select m1_0.id,m1_0.battle_code,m1_0.created_at,m1_0.deck1_id,m1_0.deck2_id,m1_0.ended_at,m1_0.event_id,m1_0.player1_id,m1_0.player2_id,m1_0.status,m1_0.win_condition,m1_0.winner_id from matches m1_0 where m1_0.id=?
Hibernate: select p1_0.id,p1_0.avatar,p1_0.banned,p1_0.banned_at,p1_0.created,p1_0.degree_level,p1_0.display_name,p1_0.email,p1_0.experience,p1_0.last_login,p1_0.level,p1_0.password_hash,p1_0.role,p1_0.specialization,p1_0.student_id from players p1_0 where p1_0.id=?
2026-08-12T01:34:56.410+05:30  INFO 34204 --- [campusforge-backend] [essageBroker-19] o.s.w.s.c.WebSocketMessageBrokerStats    : WebSocketSession[1 current WS(1)-HttpStream(0)-HttpPoll(0), 3 total, 0 closed abnormally (0 connect failure, 0 send limit, 0 transport error)], stompSubProtocol[processed CONNECT(3)-CONNECTED(3)-DISCONNECT(2)], stompBrokerRelay[null], inboundChannel[pool size = 0, active threads = 0, queued tasks = 0, completed tasks = 90], outboundChannel[pool size = 0, active threads = 0, queued tasks = 0, completed tasks = 889], sockJsScheduler[pool size = 28, active threads = 1, queued tasks = 2, completed tasks = 810]
Hibernate: select p1_0.id,p1_0.avatar,p1_0.banned,p1_0.banned_at,p1_0.created,p1_0.degree_level,p1_0.display_name,p1_0.email,p1_0.experience,p1_0.last_login,p1_0.level,p1_0.password_hash,p1_0.role,p1_0.specialization,p1_0.student_id from players p1_0 where p1_0.email=?
Hibernate: select m1_0.id,m1_0.battle_code,m1_0.created_at,m1_0.deck1_id,m1_0.deck2_id,m1_0.ended_at,m1_0.event_id,m1_0.player1_id,m1_0.player2_id,m1_0.status,m1_0.win_condition,m1_0.winner_id from matches m1_0 where m1_0.id=?
Hibernate: select p1_0.id,p1_0.avatar,p1_0.banned,p1_0.banned_at,p1_0.created,p1_0.degree_level,p1_0.display_name,p1_0.email,p1_0.experience,p1_0.last_login,p1_0.level,p1_0.password_hash,p1_0.role,p1_0.specialization,p1_0.student_id from players p1_0 where p1_0.id=?
Hibernate: select p1_0.id,p1_0.avatar,p1_0.banned,p1_0.banned_at,p1_0.created,p1_0.degree_level,p1_0.display_name,p1_0.email,p1_0.experience,p1_0.last_login,p1_0.level,p1_0.password_hash,p1_0.role,p1_0.specialization,p1_0.student_id from players p1_0 where p1_0.email=?
Hibernate: select m1_0.id,m1_0.battle_code,m1_0.created_at,m1_0.deck1_id,m1_0.deck2_id,m1_0.ended_at,m1_0.event_id,m1_0.player1_id,m1_0.player2_id,m1_0.status,m1_0.win_condition,m1_0.winner_id from matches m1_0 where m1_0.id=?
Hibernate: select p1_0.id,p1_0.avatar,p1_0.banned,p1_0.banned_at,p1_0.created,p1_0.degree_level,p1_0.display_name,p1_0.email,p1_0.experience,p1_0.last_login,p1_0.level,p1_0.password_hash,p1_0.role,p1_0.specialization,p1_0.student_id from players p1_0 where p1_0.id=?
Hibernate: select p1_0.id,p1_0.avatar,p1_0.banned,p1_0.banned_at,p1_0.created,p1_0.degree_level,p1_0.display_name,p1_0.email,p1_0.experience,p1_0.last_login,p1_0.level,p1_0.password_hash,p1_0.role,p1_0.specialization,p1_0.student_id from players p1_0 where p1_0.email=?
Hibernate: select m1_0.id,m1_0.battle_code,m1_0.created_at,m1_0.deck1_id,m1_0.deck2_id,m1_0.ended_at,m1_0.event_id,m1_0.player1_id,m1_0.player2_id,m1_0.status,m1_0.win_condition,m1_0.winner_id from matches m1_0 where m1_0.id=?
Hibernate: select p1_0.id,p1_0.avatar,p1_0.banned,p1_0.banned_at,p1_0.created,p1_0.degree_level,p1_0.display_name,p1_0.email,p1_0.experience,p1_0.last_login,p1_0.level,p1_0.password_hash,p1_0.role,p1_0.specialization,p1_0.student_id from players p1_0 where p1_0.id=?
Hibernate: select p1_0.id,p1_0.avatar,p1_0.banned,p1_0.banned_at,p1_0.created,p1_0.degree_level,p1_0.display_name,p1_0.email,p1_0.experience,p1_0.last_login,p1_0.level,p1_0.password_hash,p1_0.role,p1_0.specialization,p1_0.student_id from players p1_0 where p1_0.email=?
Hibernate: select m1_0.id,m1_0.battle_code,m1_0.created_at,m1_0.deck1_id,m1_0.deck2_id,m1_0.ended_at,m1_0.event_id,m1_0.player1_id,m1_0.player2_id,m1_0.status,m1_0.win_condition,m1_0.winner_id from matches m1_0 where m1_0.id=?
Hibernate: select p1_0.id,p1_0.avatar,p1_0.banned,p1_0.banned_at,p1_0.created,p1_0.degree_level,p1_0.display_name,p1_0.email,p1_0.experience,p1_0.last_login,p1_0.level,p1_0.password_hash,p1_0.role,p1_0.specialization,p1_0.student_id from players p1_0 where p1_0.id=?
Hibernate: select p1_0.id,p1_0.avatar,p1_0.banned,p1_0.banned_at,p1_0.created,p1_0.degree_level,p1_0.display_name,p1_0.email,p1_0.experience,p1_0.last_login,p1_0.level,p1_0.password_hash,p1_0.role,p1_0.specialization,p1_0.student_id from players p1_0 where p1_0.email=?
Hibernate: select m1_0.id,m1_0.battle_code,m1_0.created_at,m1_0.deck1_id,m1_0.deck2_id,m1_0.ended_at,m1_0.event_id,m1_0.player1_id,m1_0.player2_id,m1_0.status,m1_0.win_condition,m1_0.winner_id from matches m1_0 where m1_0.id=?
Hibernate: select p1_0.id,p1_0.avatar,p1_0.banned,p1_0.banned_at,p1_0.created,p1_0.degree_level,p1_0.display_name,p1_0.email,p1_0.experience,p1_0.last_login,p1_0.level,p1_0.password_hash,p1_0.role,p1_0.specialization,p1_0.student_id from players p1_0 where p1_0.email=?
Hibernate: select p1_0.id,p1_0.avatar,p1_0.banned,p1_0.banned_at,p1_0.created,p1_0.degree_level,p1_0.display_name,p1_0.email,p1_0.experience,p1_0.last_login,p1_0.level,p1_0.password_hash,p1_0.role,p1_0.specialization,p1_0.student_id from players p1_0 where p1_0.id=?
Hibernate: select p1_0.id,p1_0.avatar,p1_0.banned,p1_0.banned_at,p1_0.created,p1_0.degree_level,p1_0.display_name,p1_0.email,p1_0.experience,p1_0.last_login,p1_0.level,p1_0.password_hash,p1_0.role,p1_0.specialization,p1_0.student_id from players p1_0 where p1_0.email=?
Hibernate: select m1_0.id,m1_0.battle_code,m1_0.created_at,m1_0.deck1_id,m1_0.deck2_id,m1_0.ended_at,m1_0.event_id,m1_0.player1_id,m1_0.player2_id,m1_0.status,m1_0.win_condition,m1_0.winner_id from matches m1_0 where m1_0.player1_id=? or m1_0.player2_id=?
Hibernate: select m1_0.id,m1_0.battle_code,m1_0.created_at,m1_0.deck1_id,m1_0.deck2_id,m1_0.ended_at,m1_0.event_id,m1_0.player1_id,m1_0.player2_id,m1_0.status,m1_0.win_condition,m1_0.winner_id from matches m1_0 where m1_0.id=?
Hibernate: select p1_0.id,p1_0.avatar,p1_0.banned,p1_0.banned_at,p1_0.created,p1_0.degree_level,p1_0.display_name,p1_0.email,p1_0.experience,p1_0.last_login,p1_0.level,p1_0.password_hash,p1_0.role,p1_0.specialization,p1_0.student_id from players p1_0 where p1_0.id=?
Hibernate: select p1_0.id,p1_0.avatar,p1_0.banned,p1_0.banned_at,p1_0.created,p1_0.degree_level,p1_0.display_name,p1_0.email,p1_0.experience,p1_0.last_login,p1_0.level,p1_0.password_hash,p1_0.role,p1_0.specialization,p1_0.student_id from players p1_0 where p1_0.email=?
Hibernate: select m1_0.id,m1_0.battle_code,m1_0.created_at,m1_0.deck1_id,m1_0.deck2_id,m1_0.ended_at,m1_0.event_id,m1_0.player1_id,m1_0.player2_id,m1_0.status,m1_0.win_condition,m1_0.winner_id from matches m1_0 where m1_0.id=?
Hibernate: select p1_0.id,p1_0.avatar,p1_0.banned,p1_0.banned_at,p1_0.created,p1_0.degree_level,p1_0.display_name,p1_0.email,p1_0.experience,p1_0.last_login,p1_0.level,p1_0.password_hash,p1_0.role,p1_0.specialization,p1_0.student_id from players p1_0 where p1_0.id=?
Hibernate: select p1_0.id,p1_0.avatar,p1_0.banned,p1_0.banned_at,p1_0.created,p1_0.degree_level,p1_0.display_name,p1_0.email,p1_0.experience,p1_0.last_login,p1_0.level,p1_0.password_hash,p1_0.role,p1_0.specialization,p1_0.student_id from players p1_0 where p1_0.email=?
Hibernate: select m1_0.id,m1_0.battle_code,m1_0.created_at,m1_0.deck1_id,m1_0.deck2_id,m1_0.ended_at,m1_0.event_id,m1_0.player1_id,m1_0.player2_id,m1_0.status,m1_0.win_condition,m1_0.winner_id from matches m1_0 where m1_0.id=?
Hibernate: select p1_0.id,p1_0.avatar,p1_0.banned,p1_0.banned_at,p1_0.created,p1_0.degree_level,p1_0.display_name,p1_0.email,p1_0.experience,p1_0.last_login,p1_0.level,p1_0.password_hash,p1_0.role,p1_0.specialization,p1_0.student_id from players p1_0 where p1_0.id=?
Hibernate: select p1_0.id,p1_0.avatar,p1_0.banned,p1_0.banned_at,p1_0.created,p1_0.degree_level,p1_0.display_name,p1_0.email,p1_0.experience,p1_0.last_login,p1_0.level,p1_0.password_hash,p1_0.role,p1_0.specialization,p1_0.student_id from players p1_0 where p1_0.email=?
Hibernate: select m1_0.id,m1_0.battle_code,m1_0.created_at,m1_0.deck1_id,m1_0.deck2_id,m1_0.ended_at,m1_0.event_id,m1_0.player1_id,m1_0.player2_id,m1_0.status,m1_0.win_condition,m1_0.winner_id from matches m1_0 where m1_0.id=?
Hibernate: select p1_0.id,p1_0.avatar,p1_0.banned,p1_0.banned_at,p1_0.created,p1_0.degree_level,p1_0.display_name,p1_0.email,p1_0.experience,p1_0.last_login,p1_0.level,p1_0.password_hash,p1_0.role,p1_0.specialization,p1_0.student_id from players p1_0 where p1_0.id=?
Hibernate: select p1_0.id,p1_0.avatar,p1_0.banned,p1_0.banned_at,p1_0.created,p1_0.degree_level,p1_0.display_name,p1_0.email,p1_0.experience,p1_0.last_login,p1_0.level,p1_0.password_hash,p1_0.role,p1_0.specialization,p1_0.student_id from players p1_0 where p1_0.email=?
Hibernate: select m1_0.id,m1_0.battle_code,m1_0.created_at,m1_0.deck1_id,m1_0.deck2_id,m1_0.ended_at,m1_0.event_id,m1_0.player1_id,m1_0.player2_id,m1_0.status,m1_0.win_condition,m1_0.winner_id from matches m1_0 where m1_0.id=?
Hibernate: select p1_0.id,p1_0.avatar,p1_0.banned,p1_0.banned_at,p1_0.created,p1_0.degree_level,p1_0.display_name,p1_0.email,p1_0.experience,p1_0.last_login,p1_0.level,p1_0.password_hash,p1_0.role,p1_0.specialization,p1_0.student_id from players p1_0 where p1_0.id=?
Hibernate: select p1_0.id,p1_0.avatar,p1_0.banned,p1_0.banned_at,p1_0.created,p1_0.degree_level,p1_0.display_name,p1_0.email,p1_0.experience,p1_0.last_login,p1_0.level,p1_0.password_hash,p1_0.role,p1_0.specialization,p1_0.student_id from players p1_0 where p1_0.email=?
Hibernate: select m1_0.id,m1_0.battle_code,m1_0.created_at,m1_0.deck1_id,m1_0.deck2_id,m1_0.ended_at,m1_0.event_id,m1_0.player1_id,m1_0.player2_id,m1_0.status,m1_0.win_condition,m1_0.winner_id from matches m1_0 where m1_0.id=?
Hibernate: select p1_0.id,p1_0.avatar,p1_0.banned,p1_0.banned_at,p1_0.created,p1_0.degree_level,p1_0.display_name,p1_0.email,p1_0.experience,p1_0.last_login,p1_0.level,p1_0.password_hash,p1_0.role,p1_0.specialization,p1_0.student_id from players p1_0 where p1_0.id=?
Hibernate: select p1_0.id,p1_0.avatar,p1_0.banned,p1_0.banned_at,p1_0.created,p1_0.degree_level,p1_0.display_name,p1_0.email,p1_0.experience,p1_0.last_login,p1_0.level,p1_0.password_hash,p1_0.role,p1_0.specialization,p1_0.student_id from players p1_0 where p1_0.email=?
Hibernate: select m1_0.id,m1_0.battle_code,m1_0.created_at,m1_0.deck1_id,m1_0.deck2_id,m1_0.ended_at,m1_0.event_id,m1_0.player1_id,m1_0.player2_id,m1_0.status,m1_0.win_condition,m1_0.winner_id from matches m1_0 where m1_0.id=?
Hibernate: select p1_0.id,p1_0.avatar,p1_0.banned,p1_0.banned_at,p1_0.created,p1_0.degree_level,p1_0.display_name,p1_0.email,p1_0.experience,p1_0.last_login,p1_0.level,p1_0.password_hash,p1_0.role,p1_0.specialization,p1_0.student_id from players p1_0 where p1_0.id=?
Hibernate: select p1_0.id,p1_0.avatar,p1_0.banned,p1_0.banned_at,p1_0.created,p1_0.degree_level,p1_0.display_name,p1_0.email,p1_0.experience,p1_0.last_login,p1_0.level,p1_0.password_hash,p1_0.role,p1_0.specialization,p1_0.student_id from players p1_0 where p1_0.email=?
Hibernate: select m1_0.id,m1_0.battle_code,m1_0.created_at,m1_0.deck1_id,m1_0.deck2_id,m1_0.ended_at,m1_0.event_id,m1_0.player1_id,m1_0.player2_id,m1_0.status,m1_0.win_condition,m1_0.winner_id from matches m1_0 where m1_0.id=?
Hibernate: select p1_0.id,p1_0.avatar,p1_0.banned,p1_0.banned_at,p1_0.created,p1_0.degree_level,p1_0.display_name,p1_0.email,p1_0.experience,p1_0.last_login,p1_0.level,p1_0.password_hash,p1_0.role,p1_0.specialization,p1_0.student_id from players p1_0 where p1_0.id=?
Hibernate: select p1_0.id,p1_0.avatar,p1_0.banned,p1_0.banned_at,p1_0.created,p1_0.degree_level,p1_0.display_name,p1_0.email,p1_0.experience,p1_0.last_login,p1_0.level,p1_0.password_hash,p1_0.role,p1_0.specialization,p1_0.student_id from players p1_0 where p1_0.email=?
Hibernate: select m1_0.id,m1_0.battle_code,m1_0.created_at,m1_0.deck1_id,m1_0.deck2_id,m1_0.ended_at,m1_0.event_id,m1_0.player1_id,m1_0.player2_id,m1_0.status,m1_0.win_condition,m1_0.winner_id from matches m1_0 where m1_0.id=?
Hibernate: select p1_0.id,p1_0.avatar,p1_0.banned,p1_0.banned_at,p1_0.created,p1_0.degree_level,p1_0.display_name,p1_0.email,p1_0.experience,p1_0.last_login,p1_0.level,p1_0.password_hash,p1_0.role,p1_0.specialization,p1_0.student_id from players p1_0 where p1_0.id=?
Hibernate: select p1_0.id,p1_0.avatar,p1_0.banned,p1_0.banned_at,p1_0.created,p1_0.degree_level,p1_0.display_name,p1_0.email,p1_0.experience,p1_0.last_login,p1_0.level,p1_0.password_hash,p1_0.role,p1_0.specialization,p1_0.student_id from players p1_0 where p1_0.email=?
Hibernate: select m1_0.id,m1_0.battle_code,m1_0.created_at,m1_0.deck1_id,m1_0.deck2_id,m1_0.ended_at,m1_0.event_id,m1_0.player1_id,m1_0.player2_id,m1_0.status,m1_0.win_condition,m1_0.winner_id from matches m1_0 where m1_0.id=?
Hibernate: select p1_0.id,p1_0.avatar,p1_0.banned,p1_0.banned_at,p1_0.created,p1_0.degree_level,p1_0.display_name,p1_0.email,p1_0.experience,p1_0.last_login,p1_0.level,p1_0.password_hash,p1_0.role,p1_0.specialization,p1_0.student_id from players p1_0 where p1_0.id=?
Hibernate: select p1_0.id,p1_0.avatar,p1_0.banned,p1_0.banned_at,p1_0.created,p1_0.degree_level,p1_0.display_name,p1_0.email,p1_0.experience,p1_0.last_login,p1_0.level,p1_0.password_hash,p1_0.role,p1_0.specialization,p1_0.student_id from players p1_0 where p1_0.email=?
Hibernate: select m1_0.id,m1_0.battle_code,m1_0.created_at,m1_0.deck1_id,m1_0.deck2_id,m1_0.ended_at,m1_0.event_id,m1_0.player1_id,m1_0.player2_id,m1_0.status,m1_0.win_condition,m1_0.winner_id from matches m1_0 where m1_0.id=?
Hibernate: select p1_0.id,p1_0.avatar,p1_0.banned,p1_0.banned_at,p1_0.created,p1_0.degree_level,p1_0.display_name,p1_0.email,p1_0.experience,p1_0.last_login,p1_0.level,p1_0.password_hash,p1_0.role,p1_0.specialization,p1_0.student_id from players p1_0 where p1_0.id=?
Hibernate: select p1_0.id,p1_0.avatar,p1_0.banned,p1_0.banned_at,p1_0.created,p1_0.degree_level,p1_0.display_name,p1_0.email,p1_0.experience,p1_0.last_login,p1_0.level,p1_0.password_hash,p1_0.role,p1_0.specialization,p1_0.student_id from players p1_0 where p1_0.email=?
Hibernate: select m1_0.id,m1_0.battle_code,m1_0.created_at,m1_0.deck1_id,m1_0.deck2_id,m1_0.ended_at,m1_0.event_id,m1_0.player1_id,m1_0.player2_id,m1_0.status,m1_0.win_condition,m1_0.winner_id from matches m1_0 where m1_0.id=?
Hibernate: select p1_0.id,p1_0.avatar,p1_0.banned,p1_0.banned_at,p1_0.created,p1_0.degree_level,p1_0.display_name,p1_0.email,p1_0.experience,p1_0.last_login,p1_0.level,p1_0.password_hash,p1_0.role,p1_0.specialization,p1_0.student_id from players p1_0 where p1_0.id=?
Hibernate: select p1_0.id,p1_0.avatar,p1_0.banned,p1_0.banned_at,p1_0.created,p1_0.degree_level,p1_0.display_name,p1_0.email,p1_0.experience,p1_0.last_login,p1_0.level,p1_0.password_hash,p1_0.role,p1_0.specialization,p1_0.student_id from players p1_0 where p1_0.email=?
Hibernate: select m1_0.id,m1_0.battle_code,m1_0.created_at,m1_0.deck1_id,m1_0.deck2_id,m1_0.ended_at,m1_0.event_id,m1_0.player1_id,m1_0.player2_id,m1_0.status,m1_0.win_condition,m1_0.winner_id from matches m1_0 where m1_0.id=?
Hibernate: select p1_0.id,p1_0.avatar,p1_0.banned,p1_0.banned_at,p1_0.created,p1_0.degree_level,p1_0.display_name,p1_0.email,p1_0.experience,p1_0.last_login,p1_0.level,p1_0.password_hash,p1_0.role,p1_0.specialization,p1_0.student_id from players p1_0 where p1_0.id=?
Hibernate: select p1_0.id,p1_0.avatar,p1_0.banned,p1_0.banned_at,p1_0.created,p1_0.degree_level,p1_0.display_name,p1_0.email,p1_0.experience,p1_0.last_login,p1_0.level,p1_0.password_hash,p1_0.role,p1_0.specialization,p1_0.student_id from players p1_0 where p1_0.email=?
Hibernate: select m1_0.id,m1_0.battle_code,m1_0.created_at,m1_0.deck1_id,m1_0.deck2_id,m1_0.ended_at,m1_0.event_id,m1_0.player1_id,m1_0.player2_id,m1_0.status,m1_0.win_condition,m1_0.winner_id from matches m1_0 where m1_0.id=?
Hibernate: select p1_0.id,p1_0.avatar,p1_0.banned,p1_0.banned_at,p1_0.created,p1_0.degree_level,p1_0.display_name,p1_0.email,p1_0.experience,p1_0.last_login,p1_0.level,p1_0.password_hash,p1_0.role,p1_0.specialization,p1_0.student_id from players p1_0 where p1_0.id=?
Hibernate: select p1_0.id,p1_0.avatar,p1_0.banned,p1_0.banned_at,p1_0.created,p1_0.degree_level,p1_0.display_name,p1_0.email,p1_0.experience,p1_0.last_login,p1_0.level,p1_0.password_hash,p1_0.role,p1_0.specialization,p1_0.student_id from players p1_0 where p1_0.email=?
Hibernate: select m1_0.id,m1_0.battle_code,m1_0.created_at,m1_0.deck1_id,m1_0.deck2_id,m1_0.ended_at,m1_0.event_id,m1_0.player1_id,m1_0.player2_id,m1_0.status,m1_0.win_condition,m1_0.winner_id from matches m1_0 where m1_0.id=?
Hibernate: select p1_0.id,p1_0.avatar,p1_0.banned,p1_0.banned_at,p1_0.created,p1_0.degree_level,p1_0.display_name,p1_0.email,p1_0.experience,p1_0.last_login,p1_0.level,p1_0.password_hash,p1_0.role,p1_0.specialization,p1_0.student_id from players p1_0 where p1_0.id=?
Hibernate: select p1_0.id,p1_0.avatar,p1_0.banned,p1_0.banned_at,p1_0.created,p1_0.degree_level,p1_0.display_name,p1_0.email,p1_0.experience,p1_0.last_login,p1_0.level,p1_0.password_hash,p1_0.role,p1_0.specialization,p1_0.student_id from players p1_0 where p1_0.email=?
Hibernate: select m1_0.id,m1_0.battle_code,m1_0.created_at,m1_0.deck1_id,m1_0.deck2_id,m1_0.ended_at,m1_0.event_id,m1_0.player1_id,m1_0.player2_id,m1_0.status,m1_0.win_condition,m1_0.winner_id from matches m1_0 where m1_0.id=?
Hibernate: select p1_0.id,p1_0.avatar,p1_0.banned,p1_0.banned_at,p1_0.created,p1_0.degree_level,p1_0.display_name,p1_0.email,p1_0.experience,p1_0.last_login,p1_0.level,p1_0.password_hash,p1_0.role,p1_0.specialization,p1_0.student_id from players p1_0 where p1_0.id=?
Hibernate: select p1_0.id,p1_0.avatar,p1_0.banned,p1_0.banned_at,p1_0.created,p1_0.degree_level,p1_0.display_name,p1_0.email,p1_0.experience,p1_0.last_login,p1_0.level,p1_0.password_hash,p1_0.role,p1_0.specialization,p1_0.student_id from players p1_0 where p1_0.email=?
Hibernate: select m1_0.id,m1_0.battle_code,m1_0.created_at,m1_0.deck1_id,m1_0.deck2_id,m1_0.ended_at,m1_0.event_id,m1_0.player1_id,m1_0.player2_id,m1_0.status,m1_0.win_condition,m1_0.winner_id from matches m1_0 where m1_0.id=?
Hibernate: select p1_0.id,p1_0.avatar,p1_0.banned,p1_0.banned_at,p1_0.created,p1_0.degree_level,p1_0.display_name,p1_0.email,p1_0.experience,p1_0.last_login,p1_0.level,p1_0.password_hash,p1_0.role,p1_0.specialization,p1_0.student_id from players p1_0 where p1_0.id=?
Hibernate: select p1_0.id,p1_0.avatar,p1_0.banned,p1_0.banned_at,p1_0.created,p1_0.degree_level,p1_0.display_name,p1_0.email,p1_0.experience,p1_0.last_login,p1_0.level,p1_0.password_hash,p1_0.role,p1_0.specialization,p1_0.student_id from players p1_0 where p1_0.email=?
Hibernate: select m1_0.id,m1_0.battle_code,m1_0.created_at,m1_0.deck1_id,m1_0.deck2_id,m1_0.ended_at,m1_0.event_id,m1_0.player1_id,m1_0.player2_id,m1_0.status,m1_0.win_condition,m1_0.winner_id from matches m1_0 where m1_0.id=?
Hibernate: select p1_0.id,p1_0.avatar,p1_0.banned,p1_0.banned_at,p1_0.created,p1_0.degree_level,p1_0.display_name,p1_0.email,p1_0.experience,p1_0.last_login,p1_0.level,p1_0.password_hash,p1_0.role,p1_0.specialization,p1_0.student_id from players p1_0 where p1_0.id=?
Hibernate: select p1_0.id,p1_0.avatar,p1_0.banned,p1_0.banned_at,p1_0.created,p1_0.degree_level,p1_0.display_name,p1_0.email,p1_0.experience,p1_0.last_login,p1_0.level,p1_0.password_hash,p1_0.role,p1_0.specialization,p1_0.student_id from players p1_0 where p1_0.email=?
Hibernate: select m1_0.id,m1_0.battle_code,m1_0.created_at,m1_0.deck1_id,m1_0.deck2_id,m1_0.ended_at,m1_0.event_id,m1_0.player1_id,m1_0.player2_id,m1_0.status,m1_0.win_condition,m1_0.winner_id from matches m1_0 where m1_0.id=?
Hibernate: select p1_0.id,p1_0.avatar,p1_0.banned,p1_0.banned_at,p1_0.created,p1_0.degree_level,p1_0.display_name,p1_0.email,p1_0.experience,p1_0.last_login,p1_0.level,p1_0.password_hash,p1_0.role,p1_0.specialization,p1_0.student_id from players p1_0 where p1_0.id=?
Hibernate: select p1_0.id,p1_0.avatar,p1_0.banned,p1_0.banned_at,p1_0.created,p1_0.degree_level,p1_0.display_name,p1_0.email,p1_0.experience,p1_0.last_login,p1_0.level,p1_0.password_hash,p1_0.role,p1_0.specialization,p1_0.student_id from players p1_0 where p1_0.email=?
Hibernate: select m1_0.id,m1_0.battle_code,m1_0.created_at,m1_0.deck1_id,m1_0.deck2_id,m1_0.ended_at,m1_0.event_id,m1_0.player1_id,m1_0.player2_id,m1_0.status,m1_0.win_condition,m1_0.winner_id from matches m1_0 where m1_0.id=?
Hibernate: select p1_0.id,p1_0.avatar,p1_0.banned,p1_0.banned_at,p1_0.created,p1_0.degree_level,p1_0.display_name,p1_0.email,p1_0.experience,p1_0.last_login,p1_0.level,p1_0.password_hash,p1_0.role,p1_0.specialization,p1_0.student_id from players p1_0 where p1_0.id=?
Hibernate: select p1_0.id,p1_0.avatar,p1_0.banned,p1_0.banned_at,p1_0.created,p1_0.degree_level,p1_0.display_name,p1_0.email,p1_0.experience,p1_0.last_login,p1_0.level,p1_0.password_hash,p1_0.role,p1_0.specialization,p1_0.student_id from players p1_0 where p1_0.email=?
Hibernate: select m1_0.id,m1_0.battle_code,m1_0.created_at,m1_0.deck1_id,m1_0.deck2_id,m1_0.ended_at,m1_0.event_id,m1_0.player1_id,m1_0.player2_id,m1_0.status,m1_0.win_condition,m1_0.winner_id from matches m1_0 where m1_0.id=?
Hibernate: select p1_0.id,p1_0.avatar,p1_0.banned,p1_0.banned_at,p1_0.created,p1_0.degree_level,p1_0.display_name,p1_0.email,p1_0.experience,p1_0.last_login,p1_0.level,p1_0.password_hash,p1_0.role,p1_0.specialization,p1_0.student_id from players p1_0 where p1_0.id=?
Hibernate: select p1_0.id,p1_0.avatar,p1_0.banned,p1_0.banned_at,p1_0.created,p1_0.degree_level,p1_0.display_name,p1_0.email,p1_0.experience,p1_0.last_login,p1_0.level,p1_0.password_hash,p1_0.role,p1_0.specialization,p1_0.student_id from players p1_0 where p1_0.email=?
Hibernate: select m1_0.id,m1_0.battle_code,m1_0.created_at,m1_0.deck1_id,m1_0.deck2_id,m1_0.ended_at,m1_0.event_id,m1_0.player1_id,m1_0.player2_id,m1_0.status,m1_0.win_condition,m1_0.winner_id from matches m1_0 where m1_0.id=?
Hibernate: select p1_0.id,p1_0.avatar,p1_0.banned,p1_0.banned_at,p1_0.created,p1_0.degree_level,p1_0.display_name,p1_0.email,p1_0.experience,p1_0.last_login,p1_0.level,p1_0.password_hash,p1_0.role,p1_0.specialization,p1_0.student_id from players p1_0 where p1_0.id=?
Hibernate: select p1_0.id,p1_0.avatar,p1_0.banned,p1_0.banned_at,p1_0.created,p1_0.degree_level,p1_0.display_name,p1_0.email,p1_0.experience,p1_0.last_login,p1_0.level,p1_0.password_hash,p1_0.role,p1_0.specialization,p1_0.student_id from players p1_0 where p1_0.email=?
Hibernate: select m1_0.id,m1_0.battle_code,m1_0.created_at,m1_0.deck1_id,m1_0.deck2_id,m1_0.ended_at,m1_0.event_id,m1_0.player1_id,m1_0.player2_id,m1_0.status,m1_0.win_condition,m1_0.winner_id from matches m1_0 where m1_0.id=?
Hibernate: select p1_0.id,p1_0.avatar,p1_0.banned,p1_0.banned_at,p1_0.created,p1_0.degree_level,p1_0.display_name,p1_0.email,p1_0.experience,p1_0.last_login,p1_0.level,p1_0.password_hash,p1_0.role,p1_0.specialization,p1_0.student_id from players p1_0 where p1_0.id=?
Hibernate: select p1_0.id,p1_0.avatar,p1_0.banned,p1_0.banned_at,p1_0.created,p1_0.degree_level,p1_0.display_name,p1_0.email,p1_0.experience,p1_0.last_login,p1_0.level,p1_0.password_hash,p1_0.role,p1_0.specialization,p1_0.student_id from players p1_0 where p1_0.email=?
Hibernate: select m1_0.id,m1_0.battle_code,m1_0.created_at,m1_0.deck1_id,m1_0.deck2_id,m1_0.ended_at,m1_0.event_id,m1_0.player1_id,m1_0.player2_id,m1_0.status,m1_0.win_condition,m1_0.winner_id from matches m1_0 where m1_0.id=?
Hibernate: select p1_0.id,p1_0.avatar,p1_0.banned,p1_0.banned_at,p1_0.created,p1_0.degree_level,p1_0.display_name,p1_0.email,p1_0.experience,p1_0.last_login,p1_0.level,p1_0.password_hash,p1_0.role,p1_0.specialization,p1_0.student_id from players p1_0 where p1_0.id=?
Hibernate: select p1_0.id,p1_0.avatar,p1_0.banned,p1_0.banned_at,p1_0.created,p1_0.degree_level,p1_0.display_name,p1_0.email,p1_0.experience,p1_0.last_login,p1_0.level,p1_0.password_hash,p1_0.role,p1_0.specialization,p1_0.student_id from players p1_0 where p1_0.email=?
Hibernate: select m1_0.id,m1_0.battle_code,m1_0.created_at,m1_0.deck1_id,m1_0.deck2_id,m1_0.ended_at,m1_0.event_id,m1_0.player1_id,m1_0.player2_id,m1_0.status,m1_0.win_condition,m1_0.winner_id from matches m1_0 where m1_0.id=?
Hibernate: select p1_0.id,p1_0.avatar,p1_0.banned,p1_0.banned_at,p1_0.created,p1_0.degree_level,p1_0.display_name,p1_0.email,p1_0.experience,p1_0.last_login,p1_0.level,p1_0.password_hash,p1_0.role,p1_0.specialization,p1_0.student_id from players p1_0 where p1_0.id=?
Hibernate: select p1_0.id,p1_0.avatar,p1_0.banned,p1_0.banned_at,p1_0.created,p1_0.degree_level,p1_0.display_name,p1_0.email,p1_0.experience,p1_0.last_login,p1_0.level,p1_0.password_hash,p1_0.role,p1_0.specialization,p1_0.student_id from players p1_0 where p1_0.email=?
Hibernate: select m1_0.id,m1_0.battle_code,m1_0.created_at,m1_0.deck1_id,m1_0.deck2_id,m1_0.ended_at,m1_0.event_id,m1_0.player1_id,m1_0.player2_id,m1_0.status,m1_0.win_condition,m1_0.winner_id from matches m1_0 where m1_0.id=?
Hibernate: select p1_0.id,p1_0.avatar,p1_0.banned,p1_0.banned_at,p1_0.created,p1_0.degree_level,p1_0.display_name,p1_0.email,p1_0.experience,p1_0.last_login,p1_0.level,p1_0.password_hash,p1_0.role,p1_0.specialization,p1_0.student_id from players p1_0 where p1_0.id=?
Hibernate: select p1_0.id,p1_0.avatar,p1_0.banned,p1_0.banned_at,p1_0.created,p1_0.degree_level,p1_0.display_name,p1_0.email,p1_0.experience,p1_0.last_login,p1_0.level,p1_0.password_hash,p1_0.role,p1_0.specialization,p1_0.student_id from players p1_0 where p1_0.email=?
Hibernate: select m1_0.id,m1_0.battle_code,m1_0.created_at,m1_0.deck1_id,m1_0.deck2_id,m1_0.ended_at,m1_0.event_id,m1_0.player1_id,m1_0.player2_id,m1_0.status,m1_0.win_condition,m1_0.winner_id from matches m1_0 where m1_0.id=?
Hibernate: select p1_0.id,p1_0.avatar,p1_0.banned,p1_0.banned_at,p1_0.created,p1_0.degree_level,p1_0.display_name,p1_0.email,p1_0.experience,p1_0.last_login,p1_0.level,p1_0.password_hash,p1_0.role,p1_0.specialization,p1_0.student_id from players p1_0 where p1_0.id=?
Hibernate: select p1_0.id,p1_0.avatar,p1_0.banned,p1_0.banned_at,p1_0.created,p1_0.degree_level,p1_0.display_name,p1_0.email,p1_0.experience,p1_0.last_login,p1_0.level,p1_0.password_hash,p1_0.role,p1_0.specialization,p1_0.student_id from players p1_0 where p1_0.email=?
Hibernate: select m1_0.id,m1_0.battle_code,m1_0.created_at,m1_0.deck1_id,m1_0.deck2_id,m1_0.ended_at,m1_0.event_id,m1_0.player1_id,m1_0.player2_id,m1_0.status,m1_0.win_condition,m1_0.winner_id from matches m1_0 where m1_0.id=?
Hibernate: select p1_0.id,p1_0.avatar,p1_0.banned,p1_0.banned_at,p1_0.created,p1_0.degree_level,p1_0.display_name,p1_0.email,p1_0.experience,p1_0.last_login,p1_0.level,p1_0.password_hash,p1_0.role,p1_0.specialization,p1_0.student_id from players p1_0 where p1_0.id=?
Hibernate: select p1_0.id,p1_0.avatar,p1_0.banned,p1_0.banned_at,p1_0.created,p1_0.degree_level,p1_0.display_name,p1_0.email,p1_0.experience,p1_0.last_login,p1_0.level,p1_0.password_hash,p1_0.role,p1_0.specialization,p1_0.student_id from players p1_0 where p1_0.email=?
Hibernate: select m1_0.id,m1_0.battle_code,m1_0.created_at,m1_0.deck1_id,m1_0.deck2_id,m1_0.ended_at,m1_0.event_id,m1_0.player1_id,m1_0.player2_id,m1_0.status,m1_0.win_condition,m1_0.winner_id from matches m1_0 where m1_0.id=?
Hibernate: select p1_0.id,p1_0.avatar,p1_0.banned,p1_0.banned_at,p1_0.created,p1_0.degree_level,p1_0.display_name,p1_0.email,p1_0.experience,p1_0.last_login,p1_0.level,p1_0.password_hash,p1_0.role,p1_0.specialization,p1_0.student_id from players p1_0 where p1_0.id=?
Hibernate: select p1_0.id,p1_0.avatar,p1_0.banned,p1_0.banned_at,p1_0.created,p1_0.degree_level,p1_0.display_name,p1_0.email,p1_0.experience,p1_0.last_login,p1_0.level,p1_0.password_hash,p1_0.role,p1_0.specialization,p1_0.student_id from players p1_0 where p1_0.email=?
Hibernate: select m1_0.id,m1_0.battle_code,m1_0.created_at,m1_0.deck1_id,m1_0.deck2_id,m1_0.ended_at,m1_0.event_id,m1_0.player1_id,m1_0.player2_id,m1_0.status,m1_0.win_condition,m1_0.winner_id from matches m1_0 where m1_0.id=?
Hibernate: select p1_0.id,p1_0.avatar,p1_0.banned,p1_0.banned_at,p1_0.created,p1_0.degree_level,p1_0.display_name,p1_0.email,p1_0.experience,p1_0.last_login,p1_0.level,p1_0.password_hash,p1_0.role,p1_0.specialization,p1_0.student_id from players p1_0 where p1_0.id=?
Hibernate: select p1_0.id,p1_0.avatar,p1_0.banned,p1_0.banned_at,p1_0.created,p1_0.degree_level,p1_0.display_name,p1_0.email,p1_0.experience,p1_0.last_login,p1_0.level,p1_0.password_hash,p1_0.role,p1_0.specialization,p1_0.student_id from players p1_0 where p1_0.email=?
Hibernate: select m1_0.id,m1_0.battle_code,m1_0.created_at,m1_0.deck1_id,m1_0.deck2_id,m1_0.ended_at,m1_0.event_id,m1_0.player1_id,m1_0.player2_id,m1_0.status,m1_0.win_condition,m1_0.winner_id from matches m1_0 where m1_0.id=?
Hibernate: select p1_0.id,p1_0.avatar,p1_0.banned,p1_0.banned_at,p1_0.created,p1_0.degree_level,p1_0.display_name,p1_0.email,p1_0.experience,p1_0.last_login,p1_0.level,p1_0.password_hash,p1_0.role,p1_0.specialization,p1_0.student_id from players p1_0 where p1_0.id=?
Hibernate: select p1_0.id,p1_0.avatar,p1_0.banned,p1_0.banned_at,p1_0.created,p1_0.degree_level,p1_0.display_name,p1_0.email,p1_0.experience,p1_0.last_login,p1_0.level,p1_0.password_hash,p1_0.role,p1_0.specialization,p1_0.student_id from players p1_0 where p1_0.email=?
Hibernate: select m1_0.id,m1_0.battle_code,m1_0.created_at,m1_0.deck1_id,m1_0.deck2_id,m1_0.ended_at,m1_0.event_id,m1_0.player1_id,m1_0.player2_id,m1_0.status,m1_0.win_condition,m1_0.winner_id from matches m1_0 where m1_0.id=?
Hibernate: select p1_0.id,p1_0.avatar,p1_0.banned,p1_0.banned_at,p1_0.created,p1_0.degree_level,p1_0.display_name,p1_0.email,p1_0.experience,p1_0.last_login,p1_0.level,p1_0.password_hash,p1_0.role,p1_0.specialization,p1_0.student_id from players p1_0 where p1_0.id=?
Hibernate: select p1_0.id,p1_0.avatar,p1_0.banned,p1_0.banned_at,p1_0.created,p1_0.degree_level,p1_0.display_name,p1_0.email,p1_0.experience,p1_0.last_login,p1_0.level,p1_0.password_hash,p1_0.role,p1_0.specialization,p1_0.student_id from players p1_0 where p1_0.email=?
Hibernate: select m1_0.id,m1_0.battle_code,m1_0.created_at,m1_0.deck1_id,m1_0.deck2_id,m1_0.ended_at,m1_0.event_id,m1_0.player1_id,m1_0.player2_id,m1_0.status,m1_0.win_condition,m1_0.winner_id from matches m1_0 where m1_0.id=?
Hibernate: select p1_0.id,p1_0.avatar,p1_0.banned,p1_0.banned_at,p1_0.created,p1_0.degree_level,p1_0.display_name,p1_0.email,p1_0.experience,p1_0.last_login,p1_0.level,p1_0.password_hash,p1_0.role,p1_0.specialization,p1_0.student_id from players p1_0 where p1_0.id=?
Hibernate: select p1_0.id,p1_0.avatar,p1_0.banned,p1_0.banned_at,p1_0.created,p1_0.degree_level,p1_0.display_name,p1_0.email,p1_0.experience,p1_0.last_login,p1_0.level,p1_0.password_hash,p1_0.role,p1_0.specialization,p1_0.student_id from players p1_0 where p1_0.email=?
Hibernate: select m1_0.id,m1_0.battle_code,m1_0.created_at,m1_0.deck1_id,m1_0.deck2_id,m1_0.ended_at,m1_0.event_id,m1_0.player1_id,m1_0.player2_id,m1_0.status,m1_0.win_condition,m1_0.winner_id from matches m1_0 where m1_0.id=?
Hibernate: select p1_0.id,p1_0.avatar,p1_0.banned,p1_0.banned_at,p1_0.created,p1_0.degree_level,p1_0.display_name,p1_0.email,p1_0.experience,p1_0.last_login,p1_0.level,p1_0.password_hash,p1_0.role,p1_0.specialization,p1_0.student_id from players p1_0 where p1_0.id=?
Hibernate: select p1_0.id,p1_0.avatar,p1_0.banned,p1_0.banned_at,p1_0.created,p1_0.degree_level,p1_0.display_name,p1_0.email,p1_0.experience,p1_0.last_login,p1_0.level,p1_0.password_hash,p1_0.role,p1_0.specialization,p1_0.student_id from players p1_0 where p1_0.email=?
Hibernate: select m1_0.id,m1_0.battle_code,m1_0.created_at,m1_0.deck1_id,m1_0.deck2_id,m1_0.ended_at,m1_0.event_id,m1_0.player1_id,m1_0.player2_id,m1_0.status,m1_0.win_condition,m1_0.winner_id from matches m1_0 where m1_0.id=?
Hibernate: select p1_0.id,p1_0.avatar,p1_0.banned,p1_0.banned_at,p1_0.created,p1_0.degree_level,p1_0.display_name,p1_0.email,p1_0.experience,p1_0.last_login,p1_0.level,p1_0.password_hash,p1_0.role,p1_0.specialization,p1_0.student_id from players p1_0 where p1_0.id=?
Hibernate: select p1_0.id,p1_0.avatar,p1_0.banned,p1_0.banned_at,p1_0.created,p1_0.degree_level,p1_0.display_name,p1_0.email,p1_0.experience,p1_0.last_login,p1_0.level,p1_0.password_hash,p1_0.role,p1_0.specialization,p1_0.student_id from players p1_0 where p1_0.email=?
Hibernate: select m1_0.id,m1_0.battle_code,m1_0.created_at,m1_0.deck1_id,m1_0.deck2_id,m1_0.ended_at,m1_0.event_id,m1_0.player1_id,m1_0.player2_id,m1_0.status,m1_0.win_condition,m1_0.winner_id from matches m1_0 where m1_0.id=?
Hibernate: select p1_0.id,p1_0.avatar,p1_0.banned,p1_0.banned_at,p1_0.created,p1_0.degree_level,p1_0.display_name,p1_0.email,p1_0.experience,p1_0.last_login,p1_0.level,p1_0.password_hash,p1_0.role,p1_0.specialization,p1_0.student_id from players p1_0 where p1_0.id=?
Hibernate: select p1_0.id,p1_0.avatar,p1_0.banned,p1_0.banned_at,p1_0.created,p1_0.degree_level,p1_0.display_name,p1_0.email,p1_0.experience,p1_0.last_login,p1_0.level,p1_0.password_hash,p1_0.role,p1_0.specialization,p1_0.student_id from players p1_0 where p1_0.email=?
Hibernate: select m1_0.id,m1_0.battle_code,m1_0.created_at,m1_0.deck1_id,m1_0.deck2_id,m1_0.ended_at,m1_0.event_id,m1_0.player1_id,m1_0.player2_id,m1_0.status,m1_0.win_condition,m1_0.winner_id from matches m1_0 where m1_0.id=?
Hibernate: select p1_0.id,p1_0.avatar,p1_0.banned,p1_0.banned_at,p1_0.created,p1_0.degree_level,p1_0.display_name,p1_0.email,p1_0.experience,p1_0.last_login,p1_0.level,p1_0.password_hash,p1_0.role,p1_0.specialization,p1_0.student_id from players p1_0 where p1_0.id=?
Hibernate: select p1_0.id,p1_0.avatar,p1_0.banned,p1_0.banned_at,p1_0.created,p1_0.degree_level,p1_0.display_name,p1_0.email,p1_0.experience,p1_0.last_login,p1_0.level,p1_0.password_hash,p1_0.role,p1_0.specialization,p1_0.student_id from players p1_0 where p1_0.email=?
Hibernate: select m1_0.id,m1_0.battle_code,m1_0.created_at,m1_0.deck1_id,m1_0.deck2_id,m1_0.ended_at,m1_0.event_id,m1_0.player1_id,m1_0.player2_id,m1_0.status,m1_0.win_condition,m1_0.winner_id from matches m1_0 where m1_0.id=?
Hibernate: select p1_0.id,p1_0.avatar,p1_0.banned,p1_0.banned_at,p1_0.created,p1_0.degree_level,p1_0.display_name,p1_0.email,p1_0.experience,p1_0.last_login,p1_0.level,p1_0.password_hash,p1_0.role,p1_0.specialization,p1_0.student_id from players p1_0 where p1_0.email=?
Hibernate: select p1_0.id,p1_0.avatar,p1_0.banned,p1_0.banned_at,p1_0.created,p1_0.degree_level,p1_0.display_name,p1_0.email,p1_0.experience,p1_0.last_login,p1_0.level,p1_0.password_hash,p1_0.role,p1_0.specialization,p1_0.student_id from players p1_0 where p1_0.id=?
Hibernate: select m1_0.id,m1_0.battle_code,m1_0.created_at,m1_0.deck1_id,m1_0.deck2_id,m1_0.ended_at,m1_0.event_id,m1_0.player1_id,m1_0.player2_id,m1_0.status,m1_0.win_condition,m1_0.winner_id from matches m1_0 where m1_0.player1_id=? or m1_0.player2_id=?
Hibernate: select p1_0.id,p1_0.avatar,p1_0.banned,p1_0.banned_at,p1_0.created,p1_0.degree_level,p1_0.display_name,p1_0.email,p1_0.experience,p1_0.last_login,p1_0.level,p1_0.password_hash,p1_0.role,p1_0.specialization,p1_0.student_id from players p1_0 where p1_0.email=?
Hibernate: select m1_0.id,m1_0.battle_code,m1_0.created_at,m1_0.deck1_id,m1_0.deck2_id,m1_0.ended_at,m1_0.event_id,m1_0.player1_id,m1_0.player2_id,m1_0.status,m1_0.win_condition,m1_0.winner_id from matches m1_0 where m1_0.id=?
Hibernate: select p1_0.id,p1_0.avatar,p1_0.banned,p1_0.banned_at,p1_0.created,p1_0.degree_level,p1_0.display_name,p1_0.email,p1_0.experience,p1_0.last_login,p1_0.level,p1_0.password_hash,p1_0.role,p1_0.specialization,p1_0.student_id from players p1_0 where p1_0.id=?
Hibernate: select p1_0.id,p1_0.avatar,p1_0.banned,p1_0.banned_at,p1_0.created,p1_0.degree_level,p1_0.display_name,p1_0.email,p1_0.experience,p1_0.last_login,p1_0.level,p1_0.password_hash,p1_0.role,p1_0.specialization,p1_0.student_id from players p1_0 where p1_0.email=?
Hibernate: select m1_0.id,m1_0.battle_code,m1_0.created_at,m1_0.deck1_id,m1_0.deck2_id,m1_0.ended_at,m1_0.event_id,m1_0.player1_id,m1_0.player2_id,m1_0.status,m1_0.win_condition,m1_0.winner_id from matches m1_0 where m1_0.id=?
Hibernate: select p1_0.id,p1_0.avatar,p1_0.banned,p1_0.banned_at,p1_0.created,p1_0.degree_level,p1_0.display_name,p1_0.email,p1_0.experience,p1_0.last_login,p1_0.level,p1_0.password_hash,p1_0.role,p1_0.specialization,p1_0.student_id from players p1_0 where p1_0.id=?
Hibernate: select p1_0.id,p1_0.avatar,p1_0.banned,p1_0.banned_at,p1_0.created,p1_0.degree_level,p1_0.display_name,p1_0.email,p1_0.experience,p1_0.last_login,p1_0.level,p1_0.password_hash,p1_0.role,p1_0.specialization,p1_0.student_id from players p1_0 where p1_0.email=?
Hibernate: select p1_0.id,p1_0.avatar,p1_0.banned,p1_0.banned_at,p1_0.created,p1_0.degree_level,p1_0.display_name,p1_0.email,p1_0.experience,p1_0.last_login,p1_0.level,p1_0.password_hash,p1_0.role,p1_0.specialization,p1_0.student_id from players p1_0 where p1_0.email=?
Hibernate: select m1_0.id,m1_0.battle_code,m1_0.created_at,m1_0.deck1_id,m1_0.deck2_id,m1_0.ended_at,m1_0.event_id,m1_0.player1_id,m1_0.player2_id,m1_0.status,m1_0.win_condition,m1_0.winner_id from matches m1_0 where m1_0.id=?
Hibernate: select m1_0.id,m1_0.battle_code,m1_0.created_at,m1_0.deck1_id,m1_0.deck2_id,m1_0.ended_at,m1_0.event_id,m1_0.player1_id,m1_0.player2_id,m1_0.status,m1_0.win_condition,m1_0.winner_id from matches m1_0 where m1_0.player1_id=? or m1_0.player2_id=?
Hibernate: select p1_0.id,p1_0.avatar,p1_0.banned,p1_0.banned_at,p1_0.created,p1_0.degree_level,p1_0.display_name,p1_0.email,p1_0.experience,p1_0.last_login,p1_0.level,p1_0.password_hash,p1_0.role,p1_0.specialization,p1_0.student_id from players p1_0 where p1_0.id=?
Hibernate: select p1_0.id,p1_0.avatar,p1_0.banned,p1_0.banned_at,p1_0.created,p1_0.degree_level,p1_0.display_name,p1_0.email,p1_0.experience,p1_0.last_login,p1_0.level,p1_0.password_hash,p1_0.role,p1_0.specialization,p1_0.student_id from players p1_0 where p1_0.email=?
Hibernate: select m1_0.id,m1_0.battle_code,m1_0.created_at,m1_0.deck1_id,m1_0.deck2_id,m1_0.ended_at,m1_0.event_id,m1_0.player1_id,m1_0.player2_id,m1_0.status,m1_0.win_condition,m1_0.winner_id from matches m1_0 where m1_0.id=?
Hibernate: select p1_0.id,p1_0.avatar,p1_0.banned,p1_0.banned_at,p1_0.created,p1_0.degree_level,p1_0.display_name,p1_0.email,p1_0.experience,p1_0.last_login,p1_0.level,p1_0.password_hash,p1_0.role,p1_0.specialization,p1_0.student_id from players p1_0 where p1_0.id=?
Hibernate: select p1_0.id,p1_0.avatar,p1_0.banned,p1_0.banned_at,p1_0.created,p1_0.degree_level,p1_0.display_name,p1_0.email,p1_0.experience,p1_0.last_login,p1_0.level,p1_0.password_hash,p1_0.role,p1_0.specialization,p1_0.student_id from players p1_0 where p1_0.email=?
Hibernate: select m1_0.id,m1_0.battle_code,m1_0.created_at,m1_0.deck1_id,m1_0.deck2_id,m1_0.ended_at,m1_0.event_id,m1_0.player1_id,m1_0.player2_id,m1_0.status,m1_0.win_condition,m1_0.winner_id from matches m1_0 where m1_0.player1_id=? or m1_0.player2_id=?
Hibernate: select p1_0.id,p1_0.avatar,p1_0.banned,p1_0.banned_at,p1_0.created,p1_0.degree_level,p1_0.display_name,p1_0.email,p1_0.experience,p1_0.last_login,p1_0.level,p1_0.password_hash,p1_0.role,p1_0.specialization,p1_0.student_id from players p1_0 where p1_0.email=?
Hibernate: select p1_0.id,p1_0.avatar,p1_0.banned,p1_0.banned_at,p1_0.created,p1_0.degree_level,p1_0.display_name,p1_0.email,p1_0.experience,p1_0.last_login,p1_0.level,p1_0.password_hash,p1_0.role,p1_0.specialization,p1_0.student_id from players p1_0 where p1_0.email=?
Hibernate: select p1_0.id,p1_0.avatar,p1_0.banned,p1_0.banned_at,p1_0.created,p1_0.degree_level,p1_0.display_name,p1_0.email,p1_0.experience,p1_0.last_login,p1_0.level,p1_0.password_hash,p1_0.role,p1_0.specialization,p1_0.student_id from players p1_0 where p1_0.email=?
Hibernate: select count(*) from cards c1_0
Hibernate: select m1_0.id,m1_0.battle_code,m1_0.created_at,m1_0.deck1_id,m1_0.deck2_id,m1_0.ended_at,m1_0.event_id,m1_0.player1_id,m1_0.player2_id,m1_0.status,m1_0.win_condition,m1_0.winner_id from matches m1_0
Hibernate: select d1_0.id,d1_0.commander_card_id,d1_0.created_at,d1_0.format_code,d1_0.name,d1_0.player_id,d1_0.updated_at from decks d1_0 where d1_0.id=?
Hibernate: select d1_0.id,d1_0.commander_card_id,d1_0.created_at,d1_0.format_code,d1_0.name,d1_0.player_id,d1_0.updated_at from decks d1_0 where d1_0.id=?
Hibernate: select p1_0.id,p1_0.avatar,p1_0.banned,p1_0.banned_at,p1_0.created,p1_0.degree_level,p1_0.display_name,p1_0.email,p1_0.experience,p1_0.last_login,p1_0.level,p1_0.password_hash,p1_0.role,p1_0.specialization,p1_0.student_id from players p1_0
Hibernate: select d1_0.id,d1_0.commander_card_id,d1_0.created_at,d1_0.format_code,d1_0.name,d1_0.player_id,d1_0.updated_at from decks d1_0 where d1_0.id=?
Hibernate: select c1_0.id,c1_0.building,c1_0.card_id,c1_0.claimed_at,c1_0.claimed_by,c1_0.created_at,c1_0.event_id,c1_0.expires_at,c1_0.spawned_by,c1_0.status,c1_0.token,c1_0.token_core from claims c1_0
Hibernate: select d1_0.id,d1_0.commander_card_id,d1_0.created_at,d1_0.format_code,d1_0.name,d1_0.player_id,d1_0.updated_at from decks d1_0 where d1_0.id=?
Hibernate: select p1_0.id,p1_0.avatar,p1_0.banned,p1_0.banned_at,p1_0.created,p1_0.degree_level,p1_0.display_name,p1_0.email,p1_0.experience,p1_0.last_login,p1_0.level,p1_0.password_hash,p1_0.role,p1_0.specialization,p1_0.student_id from players p1_0 where p1_0.email=?
Hibernate: select p1_0.id,p1_0.avatar,p1_0.banned,p1_0.banned_at,p1_0.created,p1_0.degree_level,p1_0.display_name,p1_0.email,p1_0.experience,p1_0.last_login,p1_0.level,p1_0.password_hash,p1_0.role,p1_0.specialization,p1_0.student_id from players p1_0 where p1_0.id=?
Hibernate: select d1_0.id,d1_0.card_id,d1_0.count,d1_0.last_discovered,d1_0.player_id from discoveries d1_0 where d1_0.player_id=?
Hibernate: select c1_0.id,c1_0.colors,c1_0.commander_eligible,c1_0.discoverable,c1_0.forge_name,c1_0.image_url,c1_0.mana_value,c1_0.oracle_id,c1_0.ownership_type,c1_0.rarity,c1_0.set_code,c1_0.spawn_region,c1_0.types,c1_0.weight from cards c1_0 where c1_0.ownership_type=?
Hibernate: select pu1_0.id,pu1_0.card_id,pu1_0.player_id,pu1_0.unlocked_at from player_unlocks pu1_0 where pu1_0.player_id=?
Hibernate: select uc1_0.physical_uuid,uc1_0.card_id,uc1_0.claimed_at,uc1_0.history,uc1_0.owner_id,uc1_0.serial_number from unique_cards uc1_0 where uc1_0.owner_id=?
Hibernate: select count(*) from cards c1_0
Hibernate: select c1_0.id,c1_0.colors,c1_0.commander_eligible,c1_0.discoverable,c1_0.forge_name,c1_0.image_url,c1_0.mana_value,c1_0.oracle_id,c1_0.ownership_type,c1_0.rarity,c1_0.set_code,c1_0.spawn_region,c1_0.types,c1_0.weight from cards c1_0
Hibernate: select c1_0.id,c1_0.building,c1_0.card_id,c1_0.claimed_at,c1_0.claimed_by,c1_0.created_at,c1_0.event_id,c1_0.expires_at,c1_0.spawned_by,c1_0.status,c1_0.token,c1_0.token_core from claims c1_0 where c1_0.claimed_by=?
Hibernate: select m1_0.id,m1_0.battle_code,m1_0.created_at,m1_0.deck1_id,m1_0.deck2_id,m1_0.ended_at,m1_0.event_id,m1_0.player1_id,m1_0.player2_id,m1_0.status,m1_0.win_condition,m1_0.winner_id from matches m1_0 where m1_0.player1_id=? or m1_0.player2_id=?
Hibernate: select m1_0.id,m1_0.battle_code,m1_0.created_at,m1_0.deck1_id,m1_0.deck2_id,m1_0.ended_at,m1_0.event_id,m1_0.player1_id,m1_0.player2_id,m1_0.status,m1_0.win_condition,m1_0.winner_id from matches m1_0 where m1_0.player1_id=? or m1_0.player2_id=?
Hibernate: select d1_0.id,d1_0.card_id,d1_0.count,d1_0.last_discovered,d1_0.player_id from discoveries d1_0 where d1_0.player_id=?
Hibernate: select c1_0.id,c1_0.colors,c1_0.commander_eligible,c1_0.discoverable,c1_0.forge_name,c1_0.image_url,c1_0.mana_value,c1_0.oracle_id,c1_0.ownership_type,c1_0.rarity,c1_0.set_code,c1_0.spawn_region,c1_0.types,c1_0.weight from cards c1_0 where c1_0.ownership_type=?
Hibernate: select pu1_0.id,pu1_0.card_id,pu1_0.player_id,pu1_0.unlocked_at from player_unlocks pu1_0 where pu1_0.player_id=?
Hibernate: select uc1_0.physical_uuid,uc1_0.card_id,uc1_0.claimed_at,uc1_0.history,uc1_0.owner_id,uc1_0.serial_number from unique_cards uc1_0 where uc1_0.owner_id=?
Hibernate: select count(*) from cards c1_0
Hibernate: select count(t1_0.id) from trades t1_0 where t1_0.status=? and (t1_0.sender_id=? or t1_0.receiver_id=?)
Hibernate: select pa1_0.id from player_achievements pa1_0 where pa1_0.player_id=? and pa1_0.code=? fetch first ? rows only
Hibernate: select pa1_0.id from player_achievements pa1_0 where pa1_0.player_id=? and pa1_0.code=? fetch first ? rows only
Hibernate: select pa1_0.id,pa1_0.code,pa1_0.player_id,pa1_0.unlocked_at from player_achievements pa1_0 where pa1_0.player_id=? order by pa1_0.unlocked_at
Hibernate: select p1_0.id,p1_0.avatar,p1_0.banned,p1_0.banned_at,p1_0.created,p1_0.degree_level,p1_0.display_name,p1_0.email,p1_0.experience,p1_0.last_login,p1_0.level,p1_0.password_hash,p1_0.role,p1_0.specialization,p1_0.student_id from players p1_0 where p1_0.email=?
