  .   ____          _            __ _ _
 /\\ / ___'_ __ _ _(_)_ __  __ _ \ \ \ \
( ( )\___ | '_ | '_| | '_ \/ _` | \ \ \ \
 \\/  ___)| |_)| | | | | || (_| |  ) ) ) )
  '  |____| .__|_| |_|_| |_\__, | / / / /
 =========|_|==============|___/=/_/_/_/

 :: Spring Boot ::                (v3.3.0)

2026-08-02T23:37:57.902+05:30  INFO 5104 --- [campusforge-backend] [           main] c.c.b.CampusForgeBackendApplication      : Starting CampusForgeBackendApplication v0.0.1-SNAPSHOT using Java 21.0.12 with PID 5104 (C:\Users\student\Desktop\thingamamagicthegathering\2026-08-02 mtgoffline\backend\target\campusforge-backend-0.0.1-SNAPSHOT.jar started by student in C:\Users\student\Desktop\thingamamagicthegathering\2026-08-02 mtgoffline\backend)
2026-08-02T23:37:57.903+05:30  INFO 5104 --- [campusforge-backend] [           main] c.c.b.CampusForgeBackendApplication      : No active profile set, falling back to 1 default profile: "default"
2026-08-02T23:37:58.600+05:30  INFO 5104 --- [campusforge-backend] [           main] .s.d.r.c.RepositoryConfigurationDelegate : Bootstrapping Spring Data JPA repositories in DEFAULT mode.
2026-08-02T23:37:58.650+05:30  INFO 5104 --- [campusforge-backend] [           main] .s.d.r.c.RepositoryConfigurationDelegate : Finished Spring Data repository scanning in 43 ms. Found 10 JPA repository interfaces.
2026-08-02T23:37:59.168+05:30  INFO 5104 --- [campusforge-backend] [           main] o.s.b.w.embedded.tomcat.TomcatWebServer  : Tomcat initialized with port 17172 (http)
2026-08-02T23:37:59.185+05:30  INFO 5104 --- [campusforge-backend] [           main] o.apache.catalina.core.StandardService   : Starting service [Tomcat]
2026-08-02T23:37:59.186+05:30  INFO 5104 --- [campusforge-backend] [           main] o.apache.catalina.core.StandardEngine    : Starting Servlet engine: [Apache Tomcat/10.1.24]
2026-08-02T23:37:59.215+05:30  INFO 5104 --- [campusforge-backend] [           main] o.a.c.c.C.[Tomcat].[localhost].[/]       : Initializing Spring embedded WebApplicationContext
2026-08-02T23:37:59.215+05:30  INFO 5104 --- [campusforge-backend] [           main] w.s.c.ServletWebServerApplicationContext : Root WebApplicationContext: initialization completed in 1254 ms
2026-08-02T23:37:59.462+05:30  INFO 5104 --- [campusforge-backend] [           main] com.zaxxer.hikari.HikariDataSource       : HikariPool-1 - Starting...
2026-08-02T23:37:59.635+05:30  INFO 5104 --- [campusforge-backend] [           main] com.zaxxer.hikari.pool.HikariPool        : HikariPool-1 - Added connection org.postgresql.jdbc.PgConnection@526f6427
2026-08-02T23:37:59.635+05:30  INFO 5104 --- [campusforge-backend] [           main] com.zaxxer.hikari.HikariDataSource       : HikariPool-1 - Start completed.
2026-08-02T23:37:59.665+05:30  INFO 5104 --- [campusforge-backend] [           main] org.flywaydb.core.FlywayExecutor         : Database: jdbc:postgresql://localhost:5432/campusforge (PostgreSQL 18.4)
2026-08-02T23:37:59.669+05:30  WARN 5104 --- [campusforge-backend] [           main] o.f.c.internal.database.base.Database    : Flyway upgrade recommended: PostgreSQL 18.4 is newer than this version of Flyway and support has not been tested. The latest supported version of PostgreSQL is 16.
2026-08-02T23:37:59.702+05:30  INFO 5104 --- [campusforge-backend] [           main] o.f.core.internal.command.DbValidate     : Successfully validated 7 migrations (execution time 00:00.024s)
2026-08-02T23:37:59.741+05:30  INFO 5104 --- [campusforge-backend] [           main] o.f.core.internal.command.DbMigrate      : Current version of schema "public": 7
2026-08-02T23:37:59.746+05:30  INFO 5104 --- [campusforge-backend] [           main] o.f.core.internal.command.DbMigrate      : Schema "public" is up to date. No migration necessary.
2026-08-02T23:37:59.848+05:30  INFO 5104 --- [campusforge-backend] [           main] o.hibernate.jpa.internal.util.LogHelper  : HHH000204: Processing PersistenceUnitInfo [name: default]
2026-08-02T23:37:59.903+05:30  INFO 5104 --- [campusforge-backend] [           main] org.hibernate.Version                    : HHH000412: Hibernate ORM core version 6.5.2.Final
2026-08-02T23:37:59.950+05:30  INFO 5104 --- [campusforge-backend] [           main] o.h.c.internal.RegionFactoryInitiator    : HHH000026: Second-level cache disabled
2026-08-02T23:38:00.105+05:30  INFO 5104 --- [campusforge-backend] [           main] o.s.o.j.p.SpringPersistenceUnitInfo      : No LoadTimeWeaver setup: ignoring JPA class transformer
2026-08-02T23:38:00.133+05:30  WARN 5104 --- [campusforge-backend] [           main] org.hibernate.orm.deprecation            : HHH90000025: PostgreSQLDialect does not need to be specified explicitly using 'hibernate.dialect' (remove the property setting and it will be selected by default)
2026-08-02T23:38:00.754+05:30  INFO 5104 --- [campusforge-backend] [           main] o.h.e.t.j.p.i.JtaPlatformInitiator       : HHH000489: No JTA platform available (set 'hibernate.transaction.jta.platform' to enable JTA platform integration)
2026-08-02T23:38:00.781+05:30  INFO 5104 --- [campusforge-backend] [           main] j.LocalContainerEntityManagerFactoryBean : Initialized JPA EntityManagerFactory for persistence unit 'default'
2026-08-02T23:38:01.026+05:30  INFO 5104 --- [campusforge-backend] [           main] r$InitializeUserDetailsManagerConfigurer : Global AuthenticationManager configured with UserDetailsService bean with name playerUserDetailsService
Language 'en-US' loaded successfully.
(ThreadUtil first call): Running with priority 5
Read cards: 33529 files in 0 ms (25 parts) using thread pool
Read cards: 833 files in 0 ms (8 parts) using thread pool
2026-08-02T23:38:03.700+05:30  INFO 5104 --- [campusforge-backend] [           main] c.c.backend.battle.ForgeEngineBootstrap  : Forge engine ready in 2523 ms
2026-08-02T23:38:03.775+05:30  WARN 5104 --- [campusforge-backend] [           main] JpaBaseConfiguration$JpaWebConfiguration : spring.jpa.open-in-view is enabled by default. Therefore, database queries may be performed during view rendering. Explicitly configure spring.jpa.open-in-view to disable this warning
2026-08-02T23:38:03.970+05:30  INFO 5104 --- [campusforge-backend] [           main] o.s.s.web.DefaultSecurityFilterChain     : Will secure any request with [org.springframework.security.web.session.DisableEncodeUrlFilter@73e0c775, org.springframework.security.web.context.request.async.WebAsyncManagerIntegrationFilter@213d5189, org.springframework.security.web.context.SecurityContextHolderFilter@2f1d2384, org.springframework.security.web.header.HeaderWriterFilter@435848de, org.springframework.web.filter.CorsFilter@70eced1f, org.springframework.security.web.authentication.logout.LogoutFilter@39d6504b, com.campusforge.backend.security.JwtAuthenticationFilter@55f4ec04, org.springframework.security.web.savedrequest.RequestCacheAwareFilter@6dcf39c6, org.springframework.security.web.servletapi.SecurityContextHolderAwareRequestFilter@4c43c37d, org.springframework.security.web.authentication.AnonymousAuthenticationFilter@39068df9, org.springframework.security.web.session.SessionManagementFilter@240b656f, org.springframework.security.web.access.ExceptionTranslationFilter@42626e86, org.springframework.security.web.access.intercept.AuthorizationFilter@4ff3af97]
2026-08-02T23:38:04.135+05:30  INFO 5104 --- [campusforge-backend] [           main] o.s.b.w.embedded.tomcat.TomcatWebServer  : Tomcat started on port 17172 (http) with context path '/'
2026-08-02T23:38:04.137+05:30  INFO 5104 --- [campusforge-backend] [           main] o.s.m.s.b.SimpleBrokerMessageHandler     : Starting...
2026-08-02T23:38:04.137+05:30  INFO 5104 --- [campusforge-backend] [           main] o.s.m.s.b.SimpleBrokerMessageHandler     : BrokerAvailabilityEvent[available=true, SimpleBrokerMessageHandler [org.springframework.messaging.simp.broker.DefaultSubscriptionRegistry@62065d12]]
2026-08-02T23:38:04.137+05:30  INFO 5104 --- [campusforge-backend] [           main] o.s.m.s.b.SimpleBrokerMessageHandler     : Started.
2026-08-02T23:38:04.142+05:30  INFO 5104 --- [campusforge-backend] [           main] c.c.b.CampusForgeBackendApplication      : Started CampusForgeBackendApplication in 6.534 seconds (process running for 6.962)
Hibernate: select f1_0.id,f1_0.basics_unlimited,f1_0.code,f1_0.commander_required,f1_0.max_copies,f1_0.max_deck_size,f1_0.min_deck_size,f1_0.name from formats f1_0
Hibernate: select count(*) from card_legalities cl1_0
2026-08-02T23:38:04.369+05:30  INFO 5104 --- [campusforge-backend] [           main] c.c.backend.config.FormatLegalSeeder     : Card legalities already seeded, skipping.
Hibernate: select count(*) from cards c1_0
Hibernate: select count(*) from cards c1_0
2026-08-02T23:38:04.384+05:30  INFO 5104 --- [campusforge-backend] [           main] c.c.backend.config.CardCatalogSeeder     : Card catalog already seeded (16 cards), skipping.
2026-08-02T23:39:04.140+05:30  INFO 5104 --- [campusforge-backend] [MessageBroker-1] o.s.w.s.c.WebSocketMessageBrokerStats    : WebSocketSession[0 current WS(0)-HttpStream(0)-HttpPoll(0), 0 total, 0 closed abnormally (0 connect failure, 0 send limit, 0 transport error)], stompSubProtocol[processed CONNECT(0)-CONNECTED(0)-DISCONNECT(0)], stompBrokerRelay[null], inboundChannel[pool size = 0, active threads = 0, queued tasks = 0, completed tasks = 0], outboundChannel[pool size = 0, active threads = 0, queued tasks = 0, completed tasks = 0], sockJsScheduler[pool size = 1, active threads = 1, queued tasks = 0, completed tasks = 0]
2026-08-02T23:40:08.631+05:30  INFO 5104 --- [campusforge-backend] [io-17172-exec-1] o.a.c.c.C.[Tomcat].[localhost].[/]       : Initializing Spring DispatcherServlet 'dispatcherServlet'
2026-08-02T23:40:08.631+05:30  INFO 5104 --- [campusforge-backend] [io-17172-exec-1] o.s.web.servlet.DispatcherServlet        : Initializing Servlet 'dispatcherServlet'
2026-08-02T23:40:08.631+05:30  INFO 5104 --- [campusforge-backend] [io-17172-exec-1] o.s.web.servlet.DispatcherServlet        : Completed initialization in 0 ms
2026-08-02T23:40:08.731+05:30  WARN 5104 --- [campusforge-backend] [io-17172-exec-2] .w.s.m.s.DefaultHandlerExceptionResolver : Resolved [org.springframework.http.converter.HttpMessageNotReadableException: JSON parse error: Unexpected character ('e' (code 101)): was expecting double-quote to start field name]
2026-08-02T23:40:21.016+05:30  WARN 5104 --- [campusforge-backend] [io-17172-exec-4] .w.s.m.s.DefaultHandlerExceptionResolver : Resolved [org.springframework.http.converter.HttpMessageNotReadableException: JSON parse error: Unexpected character ('e' (code 101)): was expecting double-quote to start field name]
2026-08-02T23:40:21.081+05:30  WARN 5104 --- [campusforge-backend] [io-17172-exec-6] .w.s.m.s.DefaultHandlerExceptionResolver : Resolved [org.springframework.http.converter.HttpMessageNotReadableException: JSON parse error: Unexpected character ('e' (code 101)): was expecting double-quote to start field name]
Hibernate: select p1_0.id from players p1_0 where p1_0.email=? fetch first ? rows only
Hibernate: insert into players (avatar,created,display_name,email,experience,last_login,level,password_hash,role,student_id,id) values (?,?,?,?,?,?,?,?,?,?,?)
Hibernate: select p1_0.id,p1_0.avatar,p1_0.created,p1_0.display_name,p1_0.email,p1_0.experience,p1_0.last_login,p1_0.level,p1_0.password_hash,p1_0.role,p1_0.student_id from players p1_0 where p1_0.email=?
Hibernate: select p1_0.id,p1_0.avatar,p1_0.created,p1_0.display_name,p1_0.email,p1_0.experience,p1_0.last_login,p1_0.level,p1_0.password_hash,p1_0.role,p1_0.student_id from players p1_0 where p1_0.email=?
Hibernate: update players set avatar=?,created=?,display_name=?,email=?,experience=?,last_login=?,level=?,password_hash=?,role=?,student_id=? where id=?
Hibernate: select p1_0.id from players p1_0 where p1_0.email=? fetch first ? rows only
Hibernate: select p1_0.id,p1_0.avatar,p1_0.created,p1_0.display_name,p1_0.email,p1_0.experience,p1_0.last_login,p1_0.level,p1_0.password_hash,p1_0.role,p1_0.student_id from players p1_0 where p1_0.email=?
Hibernate: select p1_0.id,p1_0.avatar,p1_0.created,p1_0.display_name,p1_0.email,p1_0.experience,p1_0.last_login,p1_0.level,p1_0.password_hash,p1_0.role,p1_0.student_id from players p1_0 where p1_0.email=?
Hibernate: update players set avatar=?,created=?,display_name=?,email=?,experience=?,last_login=?,level=?,password_hash=?,role=?,student_id=? where id=?
Hibernate: select p1_0.id,p1_0.avatar,p1_0.created,p1_0.display_name,p1_0.email,p1_0.experience,p1_0.last_login,p1_0.level,p1_0.password_hash,p1_0.role,p1_0.student_id from players p1_0 where p1_0.email=?
Hibernate: select p1_0.id,p1_0.avatar,p1_0.created,p1_0.display_name,p1_0.email,p1_0.experience,p1_0.last_login,p1_0.level,p1_0.password_hash,p1_0.role,p1_0.student_id from players p1_0 where p1_0.email=?
Hibernate: update players set avatar=?,created=?,display_name=?,email=?,experience=?,last_login=?,level=?,password_hash=?,role=?,student_id=? where id=?
Hibernate: select p1_0.id,p1_0.avatar,p1_0.created,p1_0.display_name,p1_0.email,p1_0.experience,p1_0.last_login,p1_0.level,p1_0.password_hash,p1_0.role,p1_0.student_id from players p1_0 where p1_0.email=?
Hibernate: select p1_0.id,p1_0.avatar,p1_0.created,p1_0.display_name,p1_0.email,p1_0.experience,p1_0.last_login,p1_0.level,p1_0.password_hash,p1_0.role,p1_0.student_id from players p1_0 where p1_0.email=?
Hibernate: select p1_0.id,p1_0.avatar,p1_0.created,p1_0.display_name,p1_0.email,p1_0.experience,p1_0.last_login,p1_0.level,p1_0.password_hash,p1_0.role,p1_0.student_id from players p1_0 where p1_0.email=?
Hibernate: update players set avatar=?,created=?,display_name=?,email=?,experience=?,last_login=?,level=?,password_hash=?,role=?,student_id=? where id=?
Hibernate: select p1_0.id,p1_0.avatar,p1_0.created,p1_0.display_name,p1_0.email,p1_0.experience,p1_0.last_login,p1_0.level,p1_0.password_hash,p1_0.role,p1_0.student_id from players p1_0 where p1_0.email=?
Hibernate: select p1_0.id,p1_0.avatar,p1_0.created,p1_0.display_name,p1_0.email,p1_0.experience,p1_0.last_login,p1_0.level,p1_0.password_hash,p1_0.role,p1_0.student_id from players p1_0 where p1_0.email=?
Hibernate: select c1_0.id,c1_0.colors,c1_0.commander_eligible,c1_0.discoverable,c1_0.forge_name,c1_0.image_url,c1_0.mana_value,c1_0.oracle_id,c1_0.ownership_type,c1_0.rarity,c1_0.set_code,c1_0.spawn_region,c1_0.types,c1_0.weight from cards c1_0
Hibernate: select p1_0.id,p1_0.avatar,p1_0.created,p1_0.display_name,p1_0.email,p1_0.experience,p1_0.last_login,p1_0.level,p1_0.password_hash,p1_0.role,p1_0.student_id from players p1_0 where p1_0.id=?
Hibernate: select c1_0.id,c1_0.colors,c1_0.commander_eligible,c1_0.discoverable,c1_0.forge_name,c1_0.image_url,c1_0.mana_value,c1_0.oracle_id,c1_0.ownership_type,c1_0.rarity,c1_0.set_code,c1_0.spawn_region,c1_0.types,c1_0.weight from cards c1_0
Hibernate: select d1_0.id,d1_0.card_id,d1_0.count,d1_0.last_discovered,d1_0.player_id from discoveries d1_0 where d1_0.player_id=?
Hibernate: select f1_0.id,f1_0.card_id,f1_0.created_at,f1_0.player_id from favorites f1_0 where f1_0.player_id=?
Hibernate: select pu1_0.id,pu1_0.card_id,pu1_0.player_id,pu1_0.unlocked_at from player_unlocks pu1_0 where pu1_0.player_id=?
Hibernate: select pu1_0.id,pu1_0.card_id,pu1_0.player_id,pu1_0.unlocked_at from player_unlocks pu1_0 where pu1_0.player_id=?
Hibernate: select pu1_0.id,pu1_0.card_id,pu1_0.player_id,pu1_0.unlocked_at from player_unlocks pu1_0 where pu1_0.player_id=?
Hibernate: select pu1_0.id,pu1_0.card_id,pu1_0.player_id,pu1_0.unlocked_at from player_unlocks pu1_0 where pu1_0.player_id=?
Hibernate: select pu1_0.id,pu1_0.card_id,pu1_0.player_id,pu1_0.unlocked_at from player_unlocks pu1_0 where pu1_0.player_id=?
Hibernate: select pu1_0.id,pu1_0.card_id,pu1_0.player_id,pu1_0.unlocked_at from player_unlocks pu1_0 where pu1_0.player_id=?
Hibernate: select pu1_0.id,pu1_0.card_id,pu1_0.player_id,pu1_0.unlocked_at from player_unlocks pu1_0 where pu1_0.player_id=?
Hibernate: select uc1_0.physical_uuid,uc1_0.card_id,uc1_0.claimed_at,uc1_0.history,uc1_0.owner_id,uc1_0.serial_number from unique_cards uc1_0 where uc1_0.owner_id=?
Hibernate: select uc1_0.physical_uuid,uc1_0.card_id,uc1_0.claimed_at,uc1_0.history,uc1_0.owner_id,uc1_0.serial_number from unique_cards uc1_0 where uc1_0.owner_id=?
Hibernate: select pu1_0.id,pu1_0.card_id,pu1_0.player_id,pu1_0.unlocked_at from player_unlocks pu1_0 where pu1_0.player_id=?
Hibernate: select uc1_0.physical_uuid,uc1_0.card_id,uc1_0.claimed_at,uc1_0.history,uc1_0.owner_id,uc1_0.serial_number from unique_cards uc1_0 where uc1_0.owner_id=?
Hibernate: select p1_0.id,p1_0.avatar,p1_0.created,p1_0.display_name,p1_0.email,p1_0.experience,p1_0.last_login,p1_0.level,p1_0.password_hash,p1_0.role,p1_0.student_id from players p1_0 where p1_0.email=?
Hibernate: select p1_0.id,p1_0.avatar,p1_0.created,p1_0.display_name,p1_0.email,p1_0.experience,p1_0.last_login,p1_0.level,p1_0.password_hash,p1_0.role,p1_0.student_id from players p1_0 where p1_0.email=?
Hibernate: select p1_0.id,p1_0.avatar,p1_0.created,p1_0.display_name,p1_0.email,p1_0.experience,p1_0.last_login,p1_0.level,p1_0.password_hash,p1_0.role,p1_0.student_id from players p1_0 where p1_0.id=?
Hibernate: select c1_0.id,c1_0.colors,c1_0.commander_eligible,c1_0.discoverable,c1_0.forge_name,c1_0.image_url,c1_0.mana_value,c1_0.oracle_id,c1_0.ownership_type,c1_0.rarity,c1_0.set_code,c1_0.spawn_region,c1_0.types,c1_0.weight from cards c1_0
Hibernate: select c1_0.id,c1_0.colors,c1_0.commander_eligible,c1_0.discoverable,c1_0.forge_name,c1_0.image_url,c1_0.mana_value,c1_0.oracle_id,c1_0.ownership_type,c1_0.rarity,c1_0.set_code,c1_0.spawn_region,c1_0.types,c1_0.weight from cards c1_0
Hibernate: select d1_0.id,d1_0.card_id,d1_0.count,d1_0.last_discovered,d1_0.player_id from discoveries d1_0 where d1_0.player_id=?
Hibernate: select f1_0.id,f1_0.card_id,f1_0.created_at,f1_0.player_id from favorites f1_0 where f1_0.player_id=?
Hibernate: select pu1_0.id,pu1_0.card_id,pu1_0.player_id,pu1_0.unlocked_at from player_unlocks pu1_0 where pu1_0.player_id=?
Hibernate: select pu1_0.id,pu1_0.card_id,pu1_0.player_id,pu1_0.unlocked_at from player_unlocks pu1_0 where pu1_0.player_id=?
Hibernate: select pu1_0.id,pu1_0.card_id,pu1_0.player_id,pu1_0.unlocked_at from player_unlocks pu1_0 where pu1_0.player_id=?
Hibernate: select pu1_0.id,pu1_0.card_id,pu1_0.player_id,pu1_0.unlocked_at from player_unlocks pu1_0 where pu1_0.player_id=?
Hibernate: select pu1_0.id,pu1_0.card_id,pu1_0.player_id,pu1_0.unlocked_at from player_unlocks pu1_0 where pu1_0.player_id=?
Hibernate: select pu1_0.id,pu1_0.card_id,pu1_0.player_id,pu1_0.unlocked_at from player_unlocks pu1_0 where pu1_0.player_id=?
Hibernate: select pu1_0.id,pu1_0.card_id,pu1_0.player_id,pu1_0.unlocked_at from player_unlocks pu1_0 where pu1_0.player_id=?
Hibernate: select uc1_0.physical_uuid,uc1_0.card_id,uc1_0.claimed_at,uc1_0.history,uc1_0.owner_id,uc1_0.serial_number from unique_cards uc1_0 where uc1_0.owner_id=?
Hibernate: select uc1_0.physical_uuid,uc1_0.card_id,uc1_0.claimed_at,uc1_0.history,uc1_0.owner_id,uc1_0.serial_number from unique_cards uc1_0 where uc1_0.owner_id=?
Hibernate: select pu1_0.id,pu1_0.card_id,pu1_0.player_id,pu1_0.unlocked_at from player_unlocks pu1_0 where pu1_0.player_id=?
Hibernate: select uc1_0.physical_uuid,uc1_0.card_id,uc1_0.claimed_at,uc1_0.history,uc1_0.owner_id,uc1_0.serial_number from unique_cards uc1_0 where uc1_0.owner_id=?
Hibernate: select p1_0.id,p1_0.avatar,p1_0.created,p1_0.display_name,p1_0.email,p1_0.experience,p1_0.last_login,p1_0.level,p1_0.password_hash,p1_0.role,p1_0.student_id from players p1_0 where p1_0.email=?
Hibernate: select p1_0.id,p1_0.avatar,p1_0.created,p1_0.display_name,p1_0.email,p1_0.experience,p1_0.last_login,p1_0.level,p1_0.password_hash,p1_0.role,p1_0.student_id from players p1_0 where p1_0.id=?
Hibernate: select d1_0.id,d1_0.commander_card_id,d1_0.created_at,d1_0.format_code,d1_0.name,d1_0.player_id,d1_0.updated_at from decks d1_0 where d1_0.player_id=?
Hibernate: select c1_0.deck_id,c1_0.id,c1_0.card_id,c1_0.quantity from deck_cards c1_0 where c1_0.deck_id=?
Hibernate: select c1_0.id,c1_0.colors,c1_0.commander_eligible,c1_0.discoverable,c1_0.forge_name,c1_0.image_url,c1_0.mana_value,c1_0.oracle_id,c1_0.ownership_type,c1_0.rarity,c1_0.set_code,c1_0.spawn_region,c1_0.types,c1_0.weight from cards c1_0 where c1_0.id=?
Hibernate: select c1_0.id,c1_0.colors,c1_0.commander_eligible,c1_0.discoverable,c1_0.forge_name,c1_0.image_url,c1_0.mana_value,c1_0.oracle_id,c1_0.ownership_type,c1_0.rarity,c1_0.set_code,c1_0.spawn_region,c1_0.types,c1_0.weight from cards c1_0 where c1_0.id=?
Hibernate: select c1_0.id,c1_0.colors,c1_0.commander_eligible,c1_0.discoverable,c1_0.forge_name,c1_0.image_url,c1_0.mana_value,c1_0.oracle_id,c1_0.ownership_type,c1_0.rarity,c1_0.set_code,c1_0.spawn_region,c1_0.types,c1_0.weight from cards c1_0 where c1_0.id=?
Hibernate: select c1_0.id,c1_0.colors,c1_0.commander_eligible,c1_0.discoverable,c1_0.forge_name,c1_0.image_url,c1_0.mana_value,c1_0.oracle_id,c1_0.ownership_type,c1_0.rarity,c1_0.set_code,c1_0.spawn_region,c1_0.types,c1_0.weight from cards c1_0 where c1_0.id=?
Hibernate: select c1_0.id,c1_0.colors,c1_0.commander_eligible,c1_0.discoverable,c1_0.forge_name,c1_0.image_url,c1_0.mana_value,c1_0.oracle_id,c1_0.ownership_type,c1_0.rarity,c1_0.set_code,c1_0.spawn_region,c1_0.types,c1_0.weight from cards c1_0 where c1_0.id=?
Hibernate: select c1_0.id,c1_0.colors,c1_0.commander_eligible,c1_0.discoverable,c1_0.forge_name,c1_0.image_url,c1_0.mana_value,c1_0.oracle_id,c1_0.ownership_type,c1_0.rarity,c1_0.set_code,c1_0.spawn_region,c1_0.types,c1_0.weight from cards c1_0 where c1_0.id=?
Hibernate: select c1_0.id,c1_0.colors,c1_0.commander_eligible,c1_0.discoverable,c1_0.forge_name,c1_0.image_url,c1_0.mana_value,c1_0.oracle_id,c1_0.ownership_type,c1_0.rarity,c1_0.set_code,c1_0.spawn_region,c1_0.types,c1_0.weight from cards c1_0 where c1_0.id=?
Hibernate: select c1_0.id,c1_0.colors,c1_0.commander_eligible,c1_0.discoverable,c1_0.forge_name,c1_0.image_url,c1_0.mana_value,c1_0.oracle_id,c1_0.ownership_type,c1_0.rarity,c1_0.set_code,c1_0.spawn_region,c1_0.types,c1_0.weight from cards c1_0 where c1_0.id=?
Hibernate: select c1_0.id,c1_0.colors,c1_0.commander_eligible,c1_0.discoverable,c1_0.forge_name,c1_0.image_url,c1_0.mana_value,c1_0.oracle_id,c1_0.ownership_type,c1_0.rarity,c1_0.set_code,c1_0.spawn_region,c1_0.types,c1_0.weight from cards c1_0 where c1_0.id=?
Hibernate: select c1_0.id,c1_0.colors,c1_0.commander_eligible,c1_0.discoverable,c1_0.forge_name,c1_0.image_url,c1_0.mana_value,c1_0.oracle_id,c1_0.ownership_type,c1_0.rarity,c1_0.set_code,c1_0.spawn_region,c1_0.types,c1_0.weight from cards c1_0 where c1_0.id=?
Hibernate: select c1_0.id,c1_0.colors,c1_0.commander_eligible,c1_0.discoverable,c1_0.forge_name,c1_0.image_url,c1_0.mana_value,c1_0.oracle_id,c1_0.ownership_type,c1_0.rarity,c1_0.set_code,c1_0.spawn_region,c1_0.types,c1_0.weight from cards c1_0 where c1_0.id=?
Hibernate: select c1_0.id,c1_0.colors,c1_0.commander_eligible,c1_0.discoverable,c1_0.forge_name,c1_0.image_url,c1_0.mana_value,c1_0.oracle_id,c1_0.ownership_type,c1_0.rarity,c1_0.set_code,c1_0.spawn_region,c1_0.types,c1_0.weight from cards c1_0 where c1_0.id=?
Hibernate: select c1_0.deck_id,c1_0.id,c1_0.card_id,c1_0.quantity from deck_cards c1_0 where c1_0.deck_id=?
Hibernate: select c1_0.deck_id,c1_0.id,c1_0.card_id,c1_0.quantity from deck_cards c1_0 where c1_0.deck_id=?
Hibernate: select c1_0.id,c1_0.colors,c1_0.commander_eligible,c1_0.discoverable,c1_0.forge_name,c1_0.image_url,c1_0.mana_value,c1_0.oracle_id,c1_0.ownership_type,c1_0.rarity,c1_0.set_code,c1_0.spawn_region,c1_0.types,c1_0.weight from cards c1_0 where c1_0.id=?
Hibernate: select c1_0.deck_id,c1_0.id,c1_0.card_id,c1_0.quantity from deck_cards c1_0 where c1_0.deck_id=?
Hibernate: select p1_0.id,p1_0.avatar,p1_0.created,p1_0.display_name,p1_0.email,p1_0.experience,p1_0.last_login,p1_0.level,p1_0.password_hash,p1_0.role,p1_0.student_id from players p1_0 where p1_0.email=?
Hibernate: select p1_0.id,p1_0.avatar,p1_0.created,p1_0.display_name,p1_0.email,p1_0.experience,p1_0.last_login,p1_0.level,p1_0.password_hash,p1_0.role,p1_0.student_id from players p1_0 where p1_0.email=?
Hibernate: select p1_0.id,p1_0.avatar,p1_0.created,p1_0.display_name,p1_0.email,p1_0.experience,p1_0.last_login,p1_0.level,p1_0.password_hash,p1_0.role,p1_0.student_id from players p1_0 where p1_0.id=?
Hibernate: select d1_0.id,d1_0.commander_card_id,d1_0.created_at,d1_0.format_code,d1_0.name,d1_0.player_id,d1_0.updated_at from decks d1_0 where d1_0.player_id=?
Hibernate: select m1_0.id,m1_0.battle_code,m1_0.created_at,m1_0.deck1_id,m1_0.deck2_id,m1_0.ended_at,m1_0.player1_id,m1_0.player2_id,m1_0.status,m1_0.winner_id from matches m1_0 where m1_0.player1_id=? or m1_0.player2_id=?
Hibernate: select c1_0.deck_id,c1_0.id,c1_0.card_id,c1_0.quantity from deck_cards c1_0 where c1_0.deck_id=?
Hibernate: select c1_0.id,c1_0.colors,c1_0.commander_eligible,c1_0.discoverable,c1_0.forge_name,c1_0.image_url,c1_0.mana_value,c1_0.oracle_id,c1_0.ownership_type,c1_0.rarity,c1_0.set_code,c1_0.spawn_region,c1_0.types,c1_0.weight from cards c1_0 where c1_0.id=?
Hibernate: select c1_0.id,c1_0.colors,c1_0.commander_eligible,c1_0.discoverable,c1_0.forge_name,c1_0.image_url,c1_0.mana_value,c1_0.oracle_id,c1_0.ownership_type,c1_0.rarity,c1_0.set_code,c1_0.spawn_region,c1_0.types,c1_0.weight from cards c1_0 where c1_0.id=?
Hibernate: select c1_0.id,c1_0.colors,c1_0.commander_eligible,c1_0.discoverable,c1_0.forge_name,c1_0.image_url,c1_0.mana_value,c1_0.oracle_id,c1_0.ownership_type,c1_0.rarity,c1_0.set_code,c1_0.spawn_region,c1_0.types,c1_0.weight from cards c1_0 where c1_0.id=?
Hibernate: select c1_0.id,c1_0.colors,c1_0.commander_eligible,c1_0.discoverable,c1_0.forge_name,c1_0.image_url,c1_0.mana_value,c1_0.oracle_id,c1_0.ownership_type,c1_0.rarity,c1_0.set_code,c1_0.spawn_region,c1_0.types,c1_0.weight from cards c1_0 where c1_0.id=?
Hibernate: select c1_0.id,c1_0.colors,c1_0.commander_eligible,c1_0.discoverable,c1_0.forge_name,c1_0.image_url,c1_0.mana_value,c1_0.oracle_id,c1_0.ownership_type,c1_0.rarity,c1_0.set_code,c1_0.spawn_region,c1_0.types,c1_0.weight from cards c1_0 where c1_0.id=?
Hibernate: select c1_0.id,c1_0.colors,c1_0.commander_eligible,c1_0.discoverable,c1_0.forge_name,c1_0.image_url,c1_0.mana_value,c1_0.oracle_id,c1_0.ownership_type,c1_0.rarity,c1_0.set_code,c1_0.spawn_region,c1_0.types,c1_0.weight from cards c1_0 where c1_0.id=?
Hibernate: select c1_0.id,c1_0.colors,c1_0.commander_eligible,c1_0.discoverable,c1_0.forge_name,c1_0.image_url,c1_0.mana_value,c1_0.oracle_id,c1_0.ownership_type,c1_0.rarity,c1_0.set_code,c1_0.spawn_region,c1_0.types,c1_0.weight from cards c1_0 where c1_0.id=?
Hibernate: select c1_0.id,c1_0.colors,c1_0.commander_eligible,c1_0.discoverable,c1_0.forge_name,c1_0.image_url,c1_0.mana_value,c1_0.oracle_id,c1_0.ownership_type,c1_0.rarity,c1_0.set_code,c1_0.spawn_region,c1_0.types,c1_0.weight from cards c1_0 where c1_0.id=?
Hibernate: select c1_0.id,c1_0.colors,c1_0.commander_eligible,c1_0.discoverable,c1_0.forge_name,c1_0.image_url,c1_0.mana_value,c1_0.oracle_id,c1_0.ownership_type,c1_0.rarity,c1_0.set_code,c1_0.spawn_region,c1_0.types,c1_0.weight from cards c1_0 where c1_0.id=?
Hibernate: select c1_0.id,c1_0.colors,c1_0.commander_eligible,c1_0.discoverable,c1_0.forge_name,c1_0.image_url,c1_0.mana_value,c1_0.oracle_id,c1_0.ownership_type,c1_0.rarity,c1_0.set_code,c1_0.spawn_region,c1_0.types,c1_0.weight from cards c1_0 where c1_0.id=?
Hibernate: select c1_0.id,c1_0.colors,c1_0.commander_eligible,c1_0.discoverable,c1_0.forge_name,c1_0.image_url,c1_0.mana_value,c1_0.oracle_id,c1_0.ownership_type,c1_0.rarity,c1_0.set_code,c1_0.spawn_region,c1_0.types,c1_0.weight from cards c1_0 where c1_0.id=?
Hibernate: select c1_0.id,c1_0.colors,c1_0.commander_eligible,c1_0.discoverable,c1_0.forge_name,c1_0.image_url,c1_0.mana_value,c1_0.oracle_id,c1_0.ownership_type,c1_0.rarity,c1_0.set_code,c1_0.spawn_region,c1_0.types,c1_0.weight from cards c1_0 where c1_0.id=?
Hibernate: select c1_0.deck_id,c1_0.id,c1_0.card_id,c1_0.quantity from deck_cards c1_0 where c1_0.deck_id=?
Hibernate: select c1_0.deck_id,c1_0.id,c1_0.card_id,c1_0.quantity from deck_cards c1_0 where c1_0.deck_id=?
Hibernate: select c1_0.id,c1_0.colors,c1_0.commander_eligible,c1_0.discoverable,c1_0.forge_name,c1_0.image_url,c1_0.mana_value,c1_0.oracle_id,c1_0.ownership_type,c1_0.rarity,c1_0.set_code,c1_0.spawn_region,c1_0.types,c1_0.weight from cards c1_0 where c1_0.id=?
Hibernate: select c1_0.deck_id,c1_0.id,c1_0.card_id,c1_0.quantity from deck_cards c1_0 where c1_0.deck_id=?
Hibernate: select p1_0.id,p1_0.avatar,p1_0.created,p1_0.display_name,p1_0.email,p1_0.experience,p1_0.last_login,p1_0.level,p1_0.password_hash,p1_0.role,p1_0.student_id from players p1_0 where p1_0.email=?
Hibernate: select p1_0.id,p1_0.avatar,p1_0.created,p1_0.display_name,p1_0.email,p1_0.experience,p1_0.last_login,p1_0.level,p1_0.password_hash,p1_0.role,p1_0.student_id from players p1_0 where p1_0.email=?
Hibernate: select p1_0.id,p1_0.avatar,p1_0.created,p1_0.display_name,p1_0.email,p1_0.experience,p1_0.last_login,p1_0.level,p1_0.password_hash,p1_0.role,p1_0.student_id from players p1_0 where p1_0.id=?
Hibernate: select c1_0.id,c1_0.colors,c1_0.commander_eligible,c1_0.discoverable,c1_0.forge_name,c1_0.image_url,c1_0.mana_value,c1_0.oracle_id,c1_0.ownership_type,c1_0.rarity,c1_0.set_code,c1_0.spawn_region,c1_0.types,c1_0.weight from cards c1_0
Hibernate: select c1_0.id,c1_0.colors,c1_0.commander_eligible,c1_0.discoverable,c1_0.forge_name,c1_0.image_url,c1_0.mana_value,c1_0.oracle_id,c1_0.ownership_type,c1_0.rarity,c1_0.set_code,c1_0.spawn_region,c1_0.types,c1_0.weight from cards c1_0
Hibernate: select d1_0.id,d1_0.card_id,d1_0.count,d1_0.last_discovered,d1_0.player_id from discoveries d1_0 where d1_0.player_id=?
Hibernate: select f1_0.id,f1_0.card_id,f1_0.created_at,f1_0.player_id from favorites f1_0 where f1_0.player_id=?
Hibernate: select pu1_0.id,pu1_0.card_id,pu1_0.player_id,pu1_0.unlocked_at from player_unlocks pu1_0 where pu1_0.player_id=?
Hibernate: select pu1_0.id,pu1_0.card_id,pu1_0.player_id,pu1_0.unlocked_at from player_unlocks pu1_0 where pu1_0.player_id=?
Hibernate: select pu1_0.id,pu1_0.card_id,pu1_0.player_id,pu1_0.unlocked_at from player_unlocks pu1_0 where pu1_0.player_id=?
Hibernate: select pu1_0.id,pu1_0.card_id,pu1_0.player_id,pu1_0.unlocked_at from player_unlocks pu1_0 where pu1_0.player_id=?
Hibernate: select pu1_0.id,pu1_0.card_id,pu1_0.player_id,pu1_0.unlocked_at from player_unlocks pu1_0 where pu1_0.player_id=?
Hibernate: select pu1_0.id,pu1_0.card_id,pu1_0.player_id,pu1_0.unlocked_at from player_unlocks pu1_0 where pu1_0.player_id=?
Hibernate: select pu1_0.id,pu1_0.card_id,pu1_0.player_id,pu1_0.unlocked_at from player_unlocks pu1_0 where pu1_0.player_id=?
Hibernate: select uc1_0.physical_uuid,uc1_0.card_id,uc1_0.claimed_at,uc1_0.history,uc1_0.owner_id,uc1_0.serial_number from unique_cards uc1_0 where uc1_0.owner_id=?
Hibernate: select uc1_0.physical_uuid,uc1_0.card_id,uc1_0.claimed_at,uc1_0.history,uc1_0.owner_id,uc1_0.serial_number from unique_cards uc1_0 where uc1_0.owner_id=?
Hibernate: select pu1_0.id,pu1_0.card_id,pu1_0.player_id,pu1_0.unlocked_at from player_unlocks pu1_0 where pu1_0.player_id=?
Hibernate: select uc1_0.physical_uuid,uc1_0.card_id,uc1_0.claimed_at,uc1_0.history,uc1_0.owner_id,uc1_0.serial_number from unique_cards uc1_0 where uc1_0.owner_id=?
Hibernate: select p1_0.id,p1_0.avatar,p1_0.created,p1_0.display_name,p1_0.email,p1_0.experience,p1_0.last_login,p1_0.level,p1_0.password_hash,p1_0.role,p1_0.student_id from players p1_0 where p1_0.email=?
Hibernate: select p1_0.id,p1_0.avatar,p1_0.created,p1_0.display_name,p1_0.email,p1_0.experience,p1_0.last_login,p1_0.level,p1_0.password_hash,p1_0.role,p1_0.student_id from players p1_0 where p1_0.email=?
Hibernate: update players set avatar=?,created=?,display_name=?,email=?,experience=?,last_login=?,level=?,password_hash=?,role=?,student_id=? where id=?
Hibernate: select p1_0.id,p1_0.avatar,p1_0.created,p1_0.display_name,p1_0.email,p1_0.experience,p1_0.last_login,p1_0.level,p1_0.password_hash,p1_0.role,p1_0.student_id from players p1_0 where p1_0.email=?
Hibernate: select p1_0.id,p1_0.avatar,p1_0.created,p1_0.display_name,p1_0.email,p1_0.experience,p1_0.last_login,p1_0.level,p1_0.password_hash,p1_0.role,p1_0.student_id from players p1_0 where p1_0.email=?
Hibernate: select p1_0.id,p1_0.avatar,p1_0.created,p1_0.display_name,p1_0.email,p1_0.experience,p1_0.last_login,p1_0.level,p1_0.password_hash,p1_0.role,p1_0.student_id from players p1_0 where p1_0.email=?
Hibernate: update players set avatar=?,created=?,display_name=?,email=?,experience=?,last_login=?,level=?,password_hash=?,role=?,student_id=? where id=?
Hibernate: select p1_0.id,p1_0.avatar,p1_0.created,p1_0.display_name,p1_0.email,p1_0.experience,p1_0.last_login,p1_0.level,p1_0.password_hash,p1_0.role,p1_0.student_id from players p1_0 where p1_0.email=?
Hibernate: select p1_0.id,p1_0.avatar,p1_0.created,p1_0.display_name,p1_0.email,p1_0.experience,p1_0.last_login,p1_0.level,p1_0.password_hash,p1_0.role,p1_0.student_id from players p1_0 where p1_0.email=?
Hibernate: select p1_0.id,p1_0.avatar,p1_0.created,p1_0.display_name,p1_0.email,p1_0.experience,p1_0.last_login,p1_0.level,p1_0.password_hash,p1_0.role,p1_0.student_id from players p1_0 where p1_0.id=?
Hibernate: select d1_0.id,d1_0.commander_card_id,d1_0.created_at,d1_0.format_code,d1_0.name,d1_0.player_id,d1_0.updated_at from decks d1_0 where d1_0.player_id=?
Hibernate: select p1_0.id,p1_0.avatar,p1_0.created,p1_0.display_name,p1_0.email,p1_0.experience,p1_0.last_login,p1_0.level,p1_0.password_hash,p1_0.role,p1_0.student_id from players p1_0 where p1_0.email=?
Hibernate: select p1_0.id,p1_0.avatar,p1_0.created,p1_0.display_name,p1_0.email,p1_0.experience,p1_0.last_login,p1_0.level,p1_0.password_hash,p1_0.role,p1_0.student_id from players p1_0 where p1_0.id=?
Hibernate: select c1_0.id,c1_0.colors,c1_0.commander_eligible,c1_0.discoverable,c1_0.forge_name,c1_0.image_url,c1_0.mana_value,c1_0.oracle_id,c1_0.ownership_type,c1_0.rarity,c1_0.set_code,c1_0.spawn_region,c1_0.types,c1_0.weight from cards c1_0
Hibernate: select d1_0.id,d1_0.card_id,d1_0.count,d1_0.last_discovered,d1_0.player_id from discoveries d1_0 where d1_0.player_id=?
Hibernate: select f1_0.id,f1_0.card_id,f1_0.created_at,f1_0.player_id from favorites f1_0 where f1_0.player_id=?
Hibernate: select pu1_0.id,pu1_0.card_id,pu1_0.player_id,pu1_0.unlocked_at from player_unlocks pu1_0 where pu1_0.player_id=?
Hibernate: select pu1_0.id,pu1_0.card_id,pu1_0.player_id,pu1_0.unlocked_at from player_unlocks pu1_0 where pu1_0.player_id=?
Hibernate: select pu1_0.id,pu1_0.card_id,pu1_0.player_id,pu1_0.unlocked_at from player_unlocks pu1_0 where pu1_0.player_id=?
Hibernate: select pu1_0.id,pu1_0.card_id,pu1_0.player_id,pu1_0.unlocked_at from player_unlocks pu1_0 where pu1_0.player_id=?
Hibernate: select pu1_0.id,pu1_0.card_id,pu1_0.player_id,pu1_0.unlocked_at from player_unlocks pu1_0 where pu1_0.player_id=?
Hibernate: select pu1_0.id,pu1_0.card_id,pu1_0.player_id,pu1_0.unlocked_at from player_unlocks pu1_0 where pu1_0.player_id=?
Hibernate: select pu1_0.id,pu1_0.card_id,pu1_0.player_id,pu1_0.unlocked_at from player_unlocks pu1_0 where pu1_0.player_id=?
Hibernate: select uc1_0.physical_uuid,uc1_0.card_id,uc1_0.claimed_at,uc1_0.history,uc1_0.owner_id,uc1_0.serial_number from unique_cards uc1_0 where uc1_0.owner_id=?
Hibernate: select uc1_0.physical_uuid,uc1_0.card_id,uc1_0.claimed_at,uc1_0.history,uc1_0.owner_id,uc1_0.serial_number from unique_cards uc1_0 where uc1_0.owner_id=?
Hibernate: select pu1_0.id,pu1_0.card_id,pu1_0.player_id,pu1_0.unlocked_at from player_unlocks pu1_0 where pu1_0.player_id=?
Hibernate: select uc1_0.physical_uuid,uc1_0.card_id,uc1_0.claimed_at,uc1_0.history,uc1_0.owner_id,uc1_0.serial_number from unique_cards uc1_0 where uc1_0.owner_id=?
Hibernate: select p1_0.id,p1_0.avatar,p1_0.created,p1_0.display_name,p1_0.email,p1_0.experience,p1_0.last_login,p1_0.level,p1_0.password_hash,p1_0.role,p1_0.student_id from players p1_0 where p1_0.email=?
Hibernate: select p1_0.id,p1_0.avatar,p1_0.created,p1_0.display_name,p1_0.email,p1_0.experience,p1_0.last_login,p1_0.level,p1_0.password_hash,p1_0.role,p1_0.student_id from players p1_0 where p1_0.email=?
Hibernate: select p1_0.id,p1_0.avatar,p1_0.created,p1_0.display_name,p1_0.email,p1_0.experience,p1_0.last_login,p1_0.level,p1_0.password_hash,p1_0.role,p1_0.student_id from players p1_0 where p1_0.id=?
Hibernate: select c1_0.id,c1_0.colors,c1_0.commander_eligible,c1_0.discoverable,c1_0.forge_name,c1_0.image_url,c1_0.mana_value,c1_0.oracle_id,c1_0.ownership_type,c1_0.rarity,c1_0.set_code,c1_0.spawn_region,c1_0.types,c1_0.weight from cards c1_0
Hibernate: select c1_0.id,c1_0.colors,c1_0.commander_eligible,c1_0.discoverable,c1_0.forge_name,c1_0.image_url,c1_0.mana_value,c1_0.oracle_id,c1_0.ownership_type,c1_0.rarity,c1_0.set_code,c1_0.spawn_region,c1_0.types,c1_0.weight from cards c1_0
Hibernate: select d1_0.id,d1_0.card_id,d1_0.count,d1_0.last_discovered,d1_0.player_id from discoveries d1_0 where d1_0.player_id=?
Hibernate: select f1_0.id,f1_0.card_id,f1_0.created_at,f1_0.player_id from favorites f1_0 where f1_0.player_id=?
Hibernate: select pu1_0.id,pu1_0.card_id,pu1_0.player_id,pu1_0.unlocked_at from player_unlocks pu1_0 where pu1_0.player_id=?
Hibernate: select pu1_0.id,pu1_0.card_id,pu1_0.player_id,pu1_0.unlocked_at from player_unlocks pu1_0 where pu1_0.player_id=?
Hibernate: select pu1_0.id,pu1_0.card_id,pu1_0.player_id,pu1_0.unlocked_at from player_unlocks pu1_0 where pu1_0.player_id=?
Hibernate: select pu1_0.id,pu1_0.card_id,pu1_0.player_id,pu1_0.unlocked_at from player_unlocks pu1_0 where pu1_0.player_id=?
Hibernate: select pu1_0.id,pu1_0.card_id,pu1_0.player_id,pu1_0.unlocked_at from player_unlocks pu1_0 where pu1_0.player_id=?
Hibernate: select pu1_0.id,pu1_0.card_id,pu1_0.player_id,pu1_0.unlocked_at from player_unlocks pu1_0 where pu1_0.player_id=?
Hibernate: select pu1_0.id,pu1_0.card_id,pu1_0.player_id,pu1_0.unlocked_at from player_unlocks pu1_0 where pu1_0.player_id=?
Hibernate: select uc1_0.physical_uuid,uc1_0.card_id,uc1_0.claimed_at,uc1_0.history,uc1_0.owner_id,uc1_0.serial_number from unique_cards uc1_0 where uc1_0.owner_id=?
Hibernate: select uc1_0.physical_uuid,uc1_0.card_id,uc1_0.claimed_at,uc1_0.history,uc1_0.owner_id,uc1_0.serial_number from unique_cards uc1_0 where uc1_0.owner_id=?
Hibernate: select pu1_0.id,pu1_0.card_id,pu1_0.player_id,pu1_0.unlocked_at from player_unlocks pu1_0 where pu1_0.player_id=?
Hibernate: select uc1_0.physical_uuid,uc1_0.card_id,uc1_0.claimed_at,uc1_0.history,uc1_0.owner_id,uc1_0.serial_number from unique_cards uc1_0 where uc1_0.owner_id=?
Hibernate: select p1_0.id,p1_0.avatar,p1_0.created,p1_0.display_name,p1_0.email,p1_0.experience,p1_0.last_login,p1_0.level,p1_0.password_hash,p1_0.role,p1_0.student_id from players p1_0 where p1_0.email=?
Hibernate: select p1_0.id,p1_0.avatar,p1_0.created,p1_0.display_name,p1_0.email,p1_0.experience,p1_0.last_login,p1_0.level,p1_0.password_hash,p1_0.role,p1_0.student_id from players p1_0 where p1_0.email=?
Hibernate: select p1_0.id,p1_0.avatar,p1_0.created,p1_0.display_name,p1_0.email,p1_0.experience,p1_0.last_login,p1_0.level,p1_0.password_hash,p1_0.role,p1_0.student_id from players p1_0 where p1_0.email=?
Hibernate: select p1_0.id,p1_0.avatar,p1_0.created,p1_0.display_name,p1_0.email,p1_0.experience,p1_0.last_login,p1_0.level,p1_0.password_hash,p1_0.role,p1_0.student_id from players p1_0 where p1_0.email=?
Hibernate: select p1_0.id from players p1_0 where p1_0.email=? fetch first ? rows only
Hibernate: insert into players (avatar,created,display_name,email,experience,last_login,level,password_hash,role,student_id,id) values (?,?,?,?,?,?,?,?,?,?,?)
Hibernate: select p1_0.id,p1_0.avatar,p1_0.created,p1_0.display_name,p1_0.email,p1_0.experience,p1_0.last_login,p1_0.level,p1_0.password_hash,p1_0.role,p1_0.student_id from players p1_0 where p1_0.email=?
Hibernate: select p1_0.id,p1_0.avatar,p1_0.created,p1_0.display_name,p1_0.email,p1_0.experience,p1_0.last_login,p1_0.level,p1_0.password_hash,p1_0.role,p1_0.student_id from players p1_0 where p1_0.email=?
Hibernate: select c1_0.id,c1_0.colors,c1_0.commander_eligible,c1_0.discoverable,c1_0.forge_name,c1_0.image_url,c1_0.mana_value,c1_0.oracle_id,c1_0.ownership_type,c1_0.rarity,c1_0.set_code,c1_0.spawn_region,c1_0.types,c1_0.weight from cards c1_0
Hibernate: select p1_0.id,p1_0.avatar,p1_0.created,p1_0.display_name,p1_0.email,p1_0.experience,p1_0.last_login,p1_0.level,p1_0.password_hash,p1_0.role,p1_0.student_id from players p1_0 where p1_0.id=?
Hibernate: select c1_0.id,c1_0.colors,c1_0.commander_eligible,c1_0.discoverable,c1_0.forge_name,c1_0.image_url,c1_0.mana_value,c1_0.oracle_id,c1_0.ownership_type,c1_0.rarity,c1_0.set_code,c1_0.spawn_region,c1_0.types,c1_0.weight from cards c1_0
Hibernate: select d1_0.id,d1_0.card_id,d1_0.count,d1_0.last_discovered,d1_0.player_id from discoveries d1_0 where d1_0.player_id=?
Hibernate: select f1_0.id,f1_0.card_id,f1_0.created_at,f1_0.player_id from favorites f1_0 where f1_0.player_id=?
Hibernate: select pu1_0.id,pu1_0.card_id,pu1_0.player_id,pu1_0.unlocked_at from player_unlocks pu1_0 where pu1_0.player_id=?
Hibernate: select pu1_0.id,pu1_0.card_id,pu1_0.player_id,pu1_0.unlocked_at from player_unlocks pu1_0 where pu1_0.player_id=?
Hibernate: select pu1_0.id,pu1_0.card_id,pu1_0.player_id,pu1_0.unlocked_at from player_unlocks pu1_0 where pu1_0.player_id=?
Hibernate: select pu1_0.id,pu1_0.card_id,pu1_0.player_id,pu1_0.unlocked_at from player_unlocks pu1_0 where pu1_0.player_id=?
Hibernate: select pu1_0.id,pu1_0.card_id,pu1_0.player_id,pu1_0.unlocked_at from player_unlocks pu1_0 where pu1_0.player_id=?
Hibernate: select pu1_0.id,pu1_0.card_id,pu1_0.player_id,pu1_0.unlocked_at from player_unlocks pu1_0 where pu1_0.player_id=?
Hibernate: select pu1_0.id,pu1_0.card_id,pu1_0.player_id,pu1_0.unlocked_at from player_unlocks pu1_0 where pu1_0.player_id=?
Hibernate: select uc1_0.physical_uuid,uc1_0.card_id,uc1_0.claimed_at,uc1_0.history,uc1_0.owner_id,uc1_0.serial_number from unique_cards uc1_0 where uc1_0.owner_id=?
Hibernate: select uc1_0.physical_uuid,uc1_0.card_id,uc1_0.claimed_at,uc1_0.history,uc1_0.owner_id,uc1_0.serial_number from unique_cards uc1_0 where uc1_0.owner_id=?
Hibernate: select pu1_0.id,pu1_0.card_id,pu1_0.player_id,pu1_0.unlocked_at from player_unlocks pu1_0 where pu1_0.player_id=?
Hibernate: select uc1_0.physical_uuid,uc1_0.card_id,uc1_0.claimed_at,uc1_0.history,uc1_0.owner_id,uc1_0.serial_number from unique_cards uc1_0 where uc1_0.owner_id=?
Hibernate: select p1_0.id,p1_0.avatar,p1_0.created,p1_0.display_name,p1_0.email,p1_0.experience,p1_0.last_login,p1_0.level,p1_0.password_hash,p1_0.role,p1_0.student_id from players p1_0 where p1_0.email=?
Hibernate: select p1_0.id,p1_0.avatar,p1_0.created,p1_0.display_name,p1_0.email,p1_0.experience,p1_0.last_login,p1_0.level,p1_0.password_hash,p1_0.role,p1_0.student_id from players p1_0 where p1_0.email=?
Hibernate: select p1_0.id,p1_0.avatar,p1_0.created,p1_0.display_name,p1_0.email,p1_0.experience,p1_0.last_login,p1_0.level,p1_0.password_hash,p1_0.role,p1_0.student_id from players p1_0 where p1_0.email=?
Hibernate: select p1_0.id,p1_0.avatar,p1_0.created,p1_0.display_name,p1_0.email,p1_0.experience,p1_0.last_login,p1_0.level,p1_0.password_hash,p1_0.role,p1_0.student_id from players p1_0 where p1_0.id=?
Hibernate: select c1_0.id,c1_0.colors,c1_0.commander_eligible,c1_0.discoverable,c1_0.forge_name,c1_0.image_url,c1_0.mana_value,c1_0.oracle_id,c1_0.ownership_type,c1_0.rarity,c1_0.set_code,c1_0.spawn_region,c1_0.types,c1_0.weight from cards c1_0
Hibernate: select c1_0.id,c1_0.colors,c1_0.commander_eligible,c1_0.discoverable,c1_0.forge_name,c1_0.image_url,c1_0.mana_value,c1_0.oracle_id,c1_0.ownership_type,c1_0.rarity,c1_0.set_code,c1_0.spawn_region,c1_0.types,c1_0.weight from cards c1_0
Hibernate: select p1_0.id,p1_0.avatar,p1_0.created,p1_0.display_name,p1_0.email,p1_0.experience,p1_0.last_login,p1_0.level,p1_0.password_hash,p1_0.role,p1_0.student_id from players p1_0 where p1_0.id=?
Hibernate: select d1_0.id,d1_0.card_id,d1_0.count,d1_0.last_discovered,d1_0.player_id from discoveries d1_0 where d1_0.player_id=?
Hibernate: select d1_0.id,d1_0.commander_card_id,d1_0.created_at,d1_0.format_code,d1_0.name,d1_0.player_id,d1_0.updated_at from decks d1_0 where d1_0.player_id=?
Hibernate: select f1_0.id,f1_0.card_id,f1_0.created_at,f1_0.player_id from favorites f1_0 where f1_0.player_id=?
Hibernate: select pu1_0.id,pu1_0.card_id,pu1_0.player_id,pu1_0.unlocked_at from player_unlocks pu1_0 where pu1_0.player_id=?
Hibernate: select pu1_0.id,pu1_0.card_id,pu1_0.player_id,pu1_0.unlocked_at from player_unlocks pu1_0 where pu1_0.player_id=?
Hibernate: select pu1_0.id,pu1_0.card_id,pu1_0.player_id,pu1_0.unlocked_at from player_unlocks pu1_0 where pu1_0.player_id=?
Hibernate: select pu1_0.id,pu1_0.card_id,pu1_0.player_id,pu1_0.unlocked_at from player_unlocks pu1_0 where pu1_0.player_id=?
Hibernate: select pu1_0.id,pu1_0.card_id,pu1_0.player_id,pu1_0.unlocked_at from player_unlocks pu1_0 where pu1_0.player_id=?
Hibernate: select pu1_0.id,pu1_0.card_id,pu1_0.player_id,pu1_0.unlocked_at from player_unlocks pu1_0 where pu1_0.player_id=?
Hibernate: select pu1_0.id,pu1_0.card_id,pu1_0.player_id,pu1_0.unlocked_at from player_unlocks pu1_0 where pu1_0.player_id=?
Hibernate: select uc1_0.physical_uuid,uc1_0.card_id,uc1_0.claimed_at,uc1_0.history,uc1_0.owner_id,uc1_0.serial_number from unique_cards uc1_0 where uc1_0.owner_id=?
Hibernate: select uc1_0.physical_uuid,uc1_0.card_id,uc1_0.claimed_at,uc1_0.history,uc1_0.owner_id,uc1_0.serial_number from unique_cards uc1_0 where uc1_0.owner_id=?
Hibernate: select pu1_0.id,pu1_0.card_id,pu1_0.player_id,pu1_0.unlocked_at from player_unlocks pu1_0 where pu1_0.player_id=?
Hibernate: select uc1_0.physical_uuid,uc1_0.card_id,uc1_0.claimed_at,uc1_0.history,uc1_0.owner_id,uc1_0.serial_number from unique_cards uc1_0 where uc1_0.owner_id=?
Hibernate: select p1_0.id,p1_0.avatar,p1_0.created,p1_0.display_name,p1_0.email,p1_0.experience,p1_0.last_login,p1_0.level,p1_0.password_hash,p1_0.role,p1_0.student_id from players p1_0 where p1_0.email=?
Hibernate: select p1_0.id,p1_0.avatar,p1_0.created,p1_0.display_name,p1_0.email,p1_0.experience,p1_0.last_login,p1_0.level,p1_0.password_hash,p1_0.role,p1_0.student_id from players p1_0 where p1_0.id=?
Hibernate: select f1_0.id,f1_0.basics_unlimited,f1_0.code,f1_0.commander_required,f1_0.max_copies,f1_0.max_deck_size,f1_0.min_deck_size,f1_0.name from formats f1_0 where f1_0.code=?
Hibernate: select c1_0.id,c1_0.colors,c1_0.commander_eligible,c1_0.discoverable,c1_0.forge_name,c1_0.image_url,c1_0.mana_value,c1_0.oracle_id,c1_0.ownership_type,c1_0.rarity,c1_0.set_code,c1_0.spawn_region,c1_0.types,c1_0.weight from cards c1_0 where c1_0.id=?
Hibernate: select cl1_0.id,cl1_0.card_id,cl1_0.format_id,cl1_0.legality from card_legalities cl1_0 where cl1_0.format_id=?
Hibernate: select p1_0.id,p1_0.avatar,p1_0.created,p1_0.display_name,p1_0.email,p1_0.experience,p1_0.last_login,p1_0.level,p1_0.password_hash,p1_0.role,p1_0.student_id from players p1_0 where p1_0.email=?
Hibernate: select p1_0.id,p1_0.avatar,p1_0.created,p1_0.display_name,p1_0.email,p1_0.experience,p1_0.last_login,p1_0.level,p1_0.password_hash,p1_0.role,p1_0.student_id from players p1_0 where p1_0.id=?
Hibernate: select f1_0.id,f1_0.basics_unlimited,f1_0.code,f1_0.commander_required,f1_0.max_copies,f1_0.max_deck_size,f1_0.min_deck_size,f1_0.name from formats f1_0 where f1_0.code=?
Hibernate: select c1_0.id,c1_0.colors,c1_0.commander_eligible,c1_0.discoverable,c1_0.forge_name,c1_0.image_url,c1_0.mana_value,c1_0.oracle_id,c1_0.ownership_type,c1_0.rarity,c1_0.set_code,c1_0.spawn_region,c1_0.types,c1_0.weight from cards c1_0 where c1_0.id=?
Hibernate: select c1_0.id,c1_0.colors,c1_0.commander_eligible,c1_0.discoverable,c1_0.forge_name,c1_0.image_url,c1_0.mana_value,c1_0.oracle_id,c1_0.ownership_type,c1_0.rarity,c1_0.set_code,c1_0.spawn_region,c1_0.types,c1_0.weight from cards c1_0 where c1_0.id=?
Hibernate: select c1_0.id,c1_0.colors,c1_0.commander_eligible,c1_0.discoverable,c1_0.forge_name,c1_0.image_url,c1_0.mana_value,c1_0.oracle_id,c1_0.ownership_type,c1_0.rarity,c1_0.set_code,c1_0.spawn_region,c1_0.types,c1_0.weight from cards c1_0 where c1_0.id=?
Hibernate: select c1_0.id,c1_0.colors,c1_0.commander_eligible,c1_0.discoverable,c1_0.forge_name,c1_0.image_url,c1_0.mana_value,c1_0.oracle_id,c1_0.ownership_type,c1_0.rarity,c1_0.set_code,c1_0.spawn_region,c1_0.types,c1_0.weight from cards c1_0 where c1_0.id=?
Hibernate: select c1_0.id,c1_0.colors,c1_0.commander_eligible,c1_0.discoverable,c1_0.forge_name,c1_0.image_url,c1_0.mana_value,c1_0.oracle_id,c1_0.ownership_type,c1_0.rarity,c1_0.set_code,c1_0.spawn_region,c1_0.types,c1_0.weight from cards c1_0 where c1_0.id=?
Hibernate: select c1_0.id,c1_0.colors,c1_0.commander_eligible,c1_0.discoverable,c1_0.forge_name,c1_0.image_url,c1_0.mana_value,c1_0.oracle_id,c1_0.ownership_type,c1_0.rarity,c1_0.set_code,c1_0.spawn_region,c1_0.types,c1_0.weight from cards c1_0 where c1_0.id=?
Hibernate: select c1_0.id,c1_0.colors,c1_0.commander_eligible,c1_0.discoverable,c1_0.forge_name,c1_0.image_url,c1_0.mana_value,c1_0.oracle_id,c1_0.ownership_type,c1_0.rarity,c1_0.set_code,c1_0.spawn_region,c1_0.types,c1_0.weight from cards c1_0 where c1_0.id=?
Hibernate: select c1_0.id,c1_0.colors,c1_0.commander_eligible,c1_0.discoverable,c1_0.forge_name,c1_0.image_url,c1_0.mana_value,c1_0.oracle_id,c1_0.ownership_type,c1_0.rarity,c1_0.set_code,c1_0.spawn_region,c1_0.types,c1_0.weight from cards c1_0 where c1_0.id=?
Hibernate: select c1_0.id,c1_0.colors,c1_0.commander_eligible,c1_0.discoverable,c1_0.forge_name,c1_0.image_url,c1_0.mana_value,c1_0.oracle_id,c1_0.ownership_type,c1_0.rarity,c1_0.set_code,c1_0.spawn_region,c1_0.types,c1_0.weight from cards c1_0 where c1_0.id=?
Hibernate: select c1_0.id,c1_0.colors,c1_0.commander_eligible,c1_0.discoverable,c1_0.forge_name,c1_0.image_url,c1_0.mana_value,c1_0.oracle_id,c1_0.ownership_type,c1_0.rarity,c1_0.set_code,c1_0.spawn_region,c1_0.types,c1_0.weight from cards c1_0 where c1_0.id=?
Hibernate: select c1_0.id,c1_0.colors,c1_0.commander_eligible,c1_0.discoverable,c1_0.forge_name,c1_0.image_url,c1_0.mana_value,c1_0.oracle_id,c1_0.ownership_type,c1_0.rarity,c1_0.set_code,c1_0.spawn_region,c1_0.types,c1_0.weight from cards c1_0 where c1_0.id=?
Hibernate: select cl1_0.id,cl1_0.card_id,cl1_0.format_id,cl1_0.legality from card_legalities cl1_0 where cl1_0.format_id=?
Hibernate: select pu1_0.id from player_unlocks pu1_0 where pu1_0.player_id=? and pu1_0.card_id=? fetch first ? rows only
Hibernate: select pu1_0.id,pu1_0.card_id,pu1_0.player_id,pu1_0.unlocked_at from player_unlocks pu1_0 where pu1_0.player_id=?
Hibernate: select pu1_0.id from player_unlocks pu1_0 where pu1_0.player_id=? and pu1_0.card_id=? fetch first ? rows only
Hibernate: select pu1_0.id,pu1_0.card_id,pu1_0.player_id,pu1_0.unlocked_at from player_unlocks pu1_0 where pu1_0.player_id=?
Hibernate: select pu1_0.id from player_unlocks pu1_0 where pu1_0.player_id=? and pu1_0.card_id=? fetch first ? rows only
Hibernate: select pu1_0.id,pu1_0.card_id,pu1_0.player_id,pu1_0.unlocked_at from player_unlocks pu1_0 where pu1_0.player_id=?
Hibernate: select pu1_0.id from player_unlocks pu1_0 where pu1_0.player_id=? and pu1_0.card_id=? fetch first ? rows only
Hibernate: select pu1_0.id,pu1_0.card_id,pu1_0.player_id,pu1_0.unlocked_at from player_unlocks pu1_0 where pu1_0.player_id=?
Hibernate: select pu1_0.id from player_unlocks pu1_0 where pu1_0.player_id=? and pu1_0.card_id=? fetch first ? rows only
Hibernate: select pu1_0.id,pu1_0.card_id,pu1_0.player_id,pu1_0.unlocked_at from player_unlocks pu1_0 where pu1_0.player_id=?
Hibernate: select pu1_0.id from player_unlocks pu1_0 where pu1_0.player_id=? and pu1_0.card_id=? fetch first ? rows only
Hibernate: select pu1_0.id,pu1_0.card_id,pu1_0.player_id,pu1_0.unlocked_at from player_unlocks pu1_0 where pu1_0.player_id=?
Hibernate: select p1_0.id,p1_0.avatar,p1_0.created,p1_0.display_name,p1_0.email,p1_0.experience,p1_0.last_login,p1_0.level,p1_0.password_hash,p1_0.role,p1_0.student_id from players p1_0 where p1_0.email=?
Hibernate: select p1_0.id,p1_0.avatar,p1_0.created,p1_0.display_name,p1_0.email,p1_0.experience,p1_0.last_login,p1_0.level,p1_0.password_hash,p1_0.role,p1_0.student_id from players p1_0 where p1_0.id=?
Hibernate: select f1_0.id,f1_0.basics_unlimited,f1_0.code,f1_0.commander_required,f1_0.max_copies,f1_0.max_deck_size,f1_0.min_deck_size,f1_0.name from formats f1_0 where f1_0.code=?
Hibernate: select c1_0.id,c1_0.colors,c1_0.commander_eligible,c1_0.discoverable,c1_0.forge_name,c1_0.image_url,c1_0.mana_value,c1_0.oracle_id,c1_0.ownership_type,c1_0.rarity,c1_0.set_code,c1_0.spawn_region,c1_0.types,c1_0.weight from cards c1_0 where c1_0.id=?
Hibernate: select c1_0.id,c1_0.colors,c1_0.commander_eligible,c1_0.discoverable,c1_0.forge_name,c1_0.image_url,c1_0.mana_value,c1_0.oracle_id,c1_0.ownership_type,c1_0.rarity,c1_0.set_code,c1_0.spawn_region,c1_0.types,c1_0.weight from cards c1_0 where c1_0.id=?
Hibernate: select c1_0.id,c1_0.colors,c1_0.commander_eligible,c1_0.discoverable,c1_0.forge_name,c1_0.image_url,c1_0.mana_value,c1_0.oracle_id,c1_0.ownership_type,c1_0.rarity,c1_0.set_code,c1_0.spawn_region,c1_0.types,c1_0.weight from cards c1_0 where c1_0.id=?
Hibernate: select c1_0.id,c1_0.colors,c1_0.commander_eligible,c1_0.discoverable,c1_0.forge_name,c1_0.image_url,c1_0.mana_value,c1_0.oracle_id,c1_0.ownership_type,c1_0.rarity,c1_0.set_code,c1_0.spawn_region,c1_0.types,c1_0.weight from cards c1_0 where c1_0.id=?
Hibernate: select cl1_0.id,cl1_0.card_id,cl1_0.format_id,cl1_0.legality from card_legalities cl1_0 where cl1_0.format_id=?
Hibernate: select p1_0.id,p1_0.avatar,p1_0.created,p1_0.display_name,p1_0.email,p1_0.experience,p1_0.last_login,p1_0.level,p1_0.password_hash,p1_0.role,p1_0.student_id from players p1_0 where p1_0.email=?
Hibernate: select p1_0.id,p1_0.avatar,p1_0.created,p1_0.display_name,p1_0.email,p1_0.experience,p1_0.last_login,p1_0.level,p1_0.password_hash,p1_0.role,p1_0.student_id from players p1_0 where p1_0.id=?
Hibernate: select f1_0.id,f1_0.basics_unlimited,f1_0.code,f1_0.commander_required,f1_0.max_copies,f1_0.max_deck_size,f1_0.min_deck_size,f1_0.name from formats f1_0 where f1_0.code=?
Hibernate: select c1_0.id,c1_0.colors,c1_0.commander_eligible,c1_0.discoverable,c1_0.forge_name,c1_0.image_url,c1_0.mana_value,c1_0.oracle_id,c1_0.ownership_type,c1_0.rarity,c1_0.set_code,c1_0.spawn_region,c1_0.types,c1_0.weight from cards c1_0 where c1_0.id=?
Hibernate: select c1_0.id,c1_0.colors,c1_0.commander_eligible,c1_0.discoverable,c1_0.forge_name,c1_0.image_url,c1_0.mana_value,c1_0.oracle_id,c1_0.ownership_type,c1_0.rarity,c1_0.set_code,c1_0.spawn_region,c1_0.types,c1_0.weight from cards c1_0 where c1_0.id=?
Hibernate: select c1_0.id,c1_0.colors,c1_0.commander_eligible,c1_0.discoverable,c1_0.forge_name,c1_0.image_url,c1_0.mana_value,c1_0.oracle_id,c1_0.ownership_type,c1_0.rarity,c1_0.set_code,c1_0.spawn_region,c1_0.types,c1_0.weight from cards c1_0 where c1_0.id=?
Hibernate: select c1_0.id,c1_0.colors,c1_0.commander_eligible,c1_0.discoverable,c1_0.forge_name,c1_0.image_url,c1_0.mana_value,c1_0.oracle_id,c1_0.ownership_type,c1_0.rarity,c1_0.set_code,c1_0.spawn_region,c1_0.types,c1_0.weight from cards c1_0 where c1_0.id=?
Hibernate: select cl1_0.id,cl1_0.card_id,cl1_0.format_id,cl1_0.legality from card_legalities cl1_0 where cl1_0.format_id=?
Hibernate: insert into decks (commander_card_id,created_at,format_code,name,player_id,updated_at,id) values (?,?,?,?,?,?,?)
Hibernate: insert into deck_cards (card_id,deck_id,quantity,id) values (?,?,?,?)
Hibernate: insert into deck_cards (card_id,deck_id,quantity,id) values (?,?,?,?)
Hibernate: insert into deck_cards (card_id,deck_id,quantity,id) values (?,?,?,?)
Hibernate: insert into deck_cards (card_id,deck_id,quantity,id) values (?,?,?,?)
Hibernate: select p1_0.id,p1_0.avatar,p1_0.created,p1_0.display_name,p1_0.email,p1_0.experience,p1_0.last_login,p1_0.level,p1_0.password_hash,p1_0.role,p1_0.student_id from players p1_0 where p1_0.email=?
Hibernate: select p1_0.id,p1_0.avatar,p1_0.created,p1_0.display_name,p1_0.email,p1_0.experience,p1_0.last_login,p1_0.level,p1_0.password_hash,p1_0.role,p1_0.student_id from players p1_0 where p1_0.id=?
Hibernate: select d1_0.id,d1_0.commander_card_id,d1_0.created_at,d1_0.format_code,d1_0.name,d1_0.player_id,d1_0.updated_at from decks d1_0 where d1_0.player_id=?
Hibernate: select c1_0.deck_id,c1_0.id,c1_0.card_id,c1_0.quantity from deck_cards c1_0 where c1_0.deck_id=?
Hibernate: select c1_0.id,c1_0.colors,c1_0.commander_eligible,c1_0.discoverable,c1_0.forge_name,c1_0.image_url,c1_0.mana_value,c1_0.oracle_id,c1_0.ownership_type,c1_0.rarity,c1_0.set_code,c1_0.spawn_region,c1_0.types,c1_0.weight from cards c1_0 where c1_0.id=?
Hibernate: select c1_0.id,c1_0.colors,c1_0.commander_eligible,c1_0.discoverable,c1_0.forge_name,c1_0.image_url,c1_0.mana_value,c1_0.oracle_id,c1_0.ownership_type,c1_0.rarity,c1_0.set_code,c1_0.spawn_region,c1_0.types,c1_0.weight from cards c1_0 where c1_0.id=?
Hibernate: select c1_0.id,c1_0.colors,c1_0.commander_eligible,c1_0.discoverable,c1_0.forge_name,c1_0.image_url,c1_0.mana_value,c1_0.oracle_id,c1_0.ownership_type,c1_0.rarity,c1_0.set_code,c1_0.spawn_region,c1_0.types,c1_0.weight from cards c1_0 where c1_0.id=?
Hibernate: select c1_0.id,c1_0.colors,c1_0.commander_eligible,c1_0.discoverable,c1_0.forge_name,c1_0.image_url,c1_0.mana_value,c1_0.oracle_id,c1_0.ownership_type,c1_0.rarity,c1_0.set_code,c1_0.spawn_region,c1_0.types,c1_0.weight from cards c1_0 where c1_0.id=?
Hibernate: select p1_0.id,p1_0.avatar,p1_0.created,p1_0.display_name,p1_0.email,p1_0.experience,p1_0.last_login,p1_0.level,p1_0.password_hash,p1_0.role,p1_0.student_id from players p1_0 where p1_0.email=?
Hibernate: select p1_0.id,p1_0.avatar,p1_0.created,p1_0.display_name,p1_0.email,p1_0.experience,p1_0.last_login,p1_0.level,p1_0.password_hash,p1_0.role,p1_0.student_id from players p1_0 where p1_0.email=?
Hibernate: select p1_0.id,p1_0.avatar,p1_0.created,p1_0.display_name,p1_0.email,p1_0.experience,p1_0.last_login,p1_0.level,p1_0.password_hash,p1_0.role,p1_0.student_id from players p1_0 where p1_0.id=?
Hibernate: select m1_0.id,m1_0.battle_code,m1_0.created_at,m1_0.deck1_id,m1_0.deck2_id,m1_0.ended_at,m1_0.player1_id,m1_0.player2_id,m1_0.status,m1_0.winner_id from matches m1_0 where m1_0.player1_id=? or m1_0.player2_id=?
Hibernate: select d1_0.id,d1_0.commander_card_id,d1_0.created_at,d1_0.format_code,d1_0.name,d1_0.player_id,d1_0.updated_at from decks d1_0 where d1_0.player_id=?
Hibernate: select c1_0.deck_id,c1_0.id,c1_0.card_id,c1_0.quantity from deck_cards c1_0 where c1_0.deck_id=?
Hibernate: select c1_0.id,c1_0.colors,c1_0.commander_eligible,c1_0.discoverable,c1_0.forge_name,c1_0.image_url,c1_0.mana_value,c1_0.oracle_id,c1_0.ownership_type,c1_0.rarity,c1_0.set_code,c1_0.spawn_region,c1_0.types,c1_0.weight from cards c1_0 where c1_0.id=?
Hibernate: select c1_0.id,c1_0.colors,c1_0.commander_eligible,c1_0.discoverable,c1_0.forge_name,c1_0.image_url,c1_0.mana_value,c1_0.oracle_id,c1_0.ownership_type,c1_0.rarity,c1_0.set_code,c1_0.spawn_region,c1_0.types,c1_0.weight from cards c1_0 where c1_0.id=?
Hibernate: select c1_0.id,c1_0.colors,c1_0.commander_eligible,c1_0.discoverable,c1_0.forge_name,c1_0.image_url,c1_0.mana_value,c1_0.oracle_id,c1_0.ownership_type,c1_0.rarity,c1_0.set_code,c1_0.spawn_region,c1_0.types,c1_0.weight from cards c1_0 where c1_0.id=?
Hibernate: select c1_0.id,c1_0.colors,c1_0.commander_eligible,c1_0.discoverable,c1_0.forge_name,c1_0.image_url,c1_0.mana_value,c1_0.oracle_id,c1_0.ownership_type,c1_0.rarity,c1_0.set_code,c1_0.spawn_region,c1_0.types,c1_0.weight from cards c1_0 where c1_0.id=?
Hibernate: select p1_0.id,p1_0.avatar,p1_0.created,p1_0.display_name,p1_0.email,p1_0.experience,p1_0.last_login,p1_0.level,p1_0.password_hash,p1_0.role,p1_0.student_id from players p1_0 where p1_0.email=?
Hibernate: select p1_0.id,p1_0.avatar,p1_0.created,p1_0.display_name,p1_0.email,p1_0.experience,p1_0.last_login,p1_0.level,p1_0.password_hash,p1_0.role,p1_0.student_id from players p1_0 where p1_0.email=?
Hibernate: select p1_0.id,p1_0.avatar,p1_0.created,p1_0.display_name,p1_0.email,p1_0.experience,p1_0.last_login,p1_0.level,p1_0.password_hash,p1_0.role,p1_0.student_id from players p1_0 where p1_0.email=?
Hibernate: select p1_0.id,p1_0.avatar,p1_0.created,p1_0.display_name,p1_0.email,p1_0.experience,p1_0.last_login,p1_0.level,p1_0.password_hash,p1_0.role,p1_0.student_id from players p1_0 where p1_0.id=?
Hibernate: select m1_0.id,m1_0.battle_code,m1_0.created_at,m1_0.deck1_id,m1_0.deck2_id,m1_0.ended_at,m1_0.player1_id,m1_0.player2_id,m1_0.status,m1_0.winner_id from matches m1_0 where m1_0.player1_id=? or m1_0.player2_id=?
Hibernate: select d1_0.id,d1_0.commander_card_id,d1_0.created_at,d1_0.format_code,d1_0.name,d1_0.player_id,d1_0.updated_at from decks d1_0 where d1_0.player_id=?
Hibernate: select c1_0.deck_id,c1_0.id,c1_0.card_id,c1_0.quantity from deck_cards c1_0 where c1_0.deck_id=?
Hibernate: select c1_0.id,c1_0.colors,c1_0.commander_eligible,c1_0.discoverable,c1_0.forge_name,c1_0.image_url,c1_0.mana_value,c1_0.oracle_id,c1_0.ownership_type,c1_0.rarity,c1_0.set_code,c1_0.spawn_region,c1_0.types,c1_0.weight from cards c1_0 where c1_0.id=?
Hibernate: select c1_0.id,c1_0.colors,c1_0.commander_eligible,c1_0.discoverable,c1_0.forge_name,c1_0.image_url,c1_0.mana_value,c1_0.oracle_id,c1_0.ownership_type,c1_0.rarity,c1_0.set_code,c1_0.spawn_region,c1_0.types,c1_0.weight from cards c1_0 where c1_0.id=?
Hibernate: select c1_0.id,c1_0.colors,c1_0.commander_eligible,c1_0.discoverable,c1_0.forge_name,c1_0.image_url,c1_0.mana_value,c1_0.oracle_id,c1_0.ownership_type,c1_0.rarity,c1_0.set_code,c1_0.spawn_region,c1_0.types,c1_0.weight from cards c1_0 where c1_0.id=?
Hibernate: select c1_0.id,c1_0.colors,c1_0.commander_eligible,c1_0.discoverable,c1_0.forge_name,c1_0.image_url,c1_0.mana_value,c1_0.oracle_id,c1_0.ownership_type,c1_0.rarity,c1_0.set_code,c1_0.spawn_region,c1_0.types,c1_0.weight from cards c1_0 where c1_0.id=?
Hibernate: select c1_0.id,c1_0.colors,c1_0.commander_eligible,c1_0.discoverable,c1_0.forge_name,c1_0.image_url,c1_0.mana_value,c1_0.oracle_id,c1_0.ownership_type,c1_0.rarity,c1_0.set_code,c1_0.spawn_region,c1_0.types,c1_0.weight from cards c1_0 where c1_0.id=?
Hibernate: select c1_0.id,c1_0.colors,c1_0.commander_eligible,c1_0.discoverable,c1_0.forge_name,c1_0.image_url,c1_0.mana_value,c1_0.oracle_id,c1_0.ownership_type,c1_0.rarity,c1_0.set_code,c1_0.spawn_region,c1_0.types,c1_0.weight from cards c1_0 where c1_0.id=?
Hibernate: select c1_0.id,c1_0.colors,c1_0.commander_eligible,c1_0.discoverable,c1_0.forge_name,c1_0.image_url,c1_0.mana_value,c1_0.oracle_id,c1_0.ownership_type,c1_0.rarity,c1_0.set_code,c1_0.spawn_region,c1_0.types,c1_0.weight from cards c1_0 where c1_0.id=?
Hibernate: select c1_0.id,c1_0.colors,c1_0.commander_eligible,c1_0.discoverable,c1_0.forge_name,c1_0.image_url,c1_0.mana_value,c1_0.oracle_id,c1_0.ownership_type,c1_0.rarity,c1_0.set_code,c1_0.spawn_region,c1_0.types,c1_0.weight from cards c1_0 where c1_0.id=?
Hibernate: select c1_0.id,c1_0.colors,c1_0.commander_eligible,c1_0.discoverable,c1_0.forge_name,c1_0.image_url,c1_0.mana_value,c1_0.oracle_id,c1_0.ownership_type,c1_0.rarity,c1_0.set_code,c1_0.spawn_region,c1_0.types,c1_0.weight from cards c1_0 where c1_0.id=?
Hibernate: select c1_0.id,c1_0.colors,c1_0.commander_eligible,c1_0.discoverable,c1_0.forge_name,c1_0.image_url,c1_0.mana_value,c1_0.oracle_id,c1_0.ownership_type,c1_0.rarity,c1_0.set_code,c1_0.spawn_region,c1_0.types,c1_0.weight from cards c1_0 where c1_0.id=?
Hibernate: select c1_0.id,c1_0.colors,c1_0.commander_eligible,c1_0.discoverable,c1_0.forge_name,c1_0.image_url,c1_0.mana_value,c1_0.oracle_id,c1_0.ownership_type,c1_0.rarity,c1_0.set_code,c1_0.spawn_region,c1_0.types,c1_0.weight from cards c1_0 where c1_0.id=?
Hibernate: select c1_0.id,c1_0.colors,c1_0.commander_eligible,c1_0.discoverable,c1_0.forge_name,c1_0.image_url,c1_0.mana_value,c1_0.oracle_id,c1_0.ownership_type,c1_0.rarity,c1_0.set_code,c1_0.spawn_region,c1_0.types,c1_0.weight from cards c1_0 where c1_0.id=?
Hibernate: select c1_0.deck_id,c1_0.id,c1_0.card_id,c1_0.quantity from deck_cards c1_0 where c1_0.deck_id=?
Hibernate: select c1_0.deck_id,c1_0.id,c1_0.card_id,c1_0.quantity from deck_cards c1_0 where c1_0.deck_id=?
Hibernate: select c1_0.id,c1_0.colors,c1_0.commander_eligible,c1_0.discoverable,c1_0.forge_name,c1_0.image_url,c1_0.mana_value,c1_0.oracle_id,c1_0.ownership_type,c1_0.rarity,c1_0.set_code,c1_0.spawn_region,c1_0.types,c1_0.weight from cards c1_0 where c1_0.id=?
Hibernate: select c1_0.deck_id,c1_0.id,c1_0.card_id,c1_0.quantity from deck_cards c1_0 where c1_0.deck_id=?
Hibernate: select p1_0.id,p1_0.avatar,p1_0.created,p1_0.display_name,p1_0.email,p1_0.experience,p1_0.last_login,p1_0.level,p1_0.password_hash,p1_0.role,p1_0.student_id from players p1_0 where p1_0.email=?
Hibernate: select p1_0.id,p1_0.avatar,p1_0.created,p1_0.display_name,p1_0.email,p1_0.experience,p1_0.last_login,p1_0.level,p1_0.password_hash,p1_0.role,p1_0.student_id from players p1_0 where p1_0.email=?
Hibernate: select p1_0.id,p1_0.avatar,p1_0.created,p1_0.display_name,p1_0.email,p1_0.experience,p1_0.last_login,p1_0.level,p1_0.password_hash,p1_0.role,p1_0.student_id from players p1_0 where p1_0.email=?
Hibernate: update players set avatar=?,created=?,display_name=?,email=?,experience=?,last_login=?,level=?,password_hash=?,role=?,student_id=? where id=?
Hibernate: select p1_0.id,p1_0.avatar,p1_0.created,p1_0.display_name,p1_0.email,p1_0.experience,p1_0.last_login,p1_0.level,p1_0.password_hash,p1_0.role,p1_0.student_id from players p1_0 where p1_0.email=?
Hibernate: select p1_0.id,p1_0.avatar,p1_0.created,p1_0.display_name,p1_0.email,p1_0.experience,p1_0.last_login,p1_0.level,p1_0.password_hash,p1_0.role,p1_0.student_id from players p1_0 where p1_0.email=?
Hibernate: update players set avatar=?,created=?,display_name=?,email=?,experience=?,last_login=?,level=?,password_hash=?,role=?,student_id=? where id=?
Hibernate: select p1_0.id,p1_0.avatar,p1_0.created,p1_0.display_name,p1_0.email,p1_0.experience,p1_0.last_login,p1_0.level,p1_0.password_hash,p1_0.role,p1_0.student_id from players p1_0 where p1_0.email=?
Hibernate: select p1_0.id,p1_0.avatar,p1_0.created,p1_0.display_name,p1_0.email,p1_0.experience,p1_0.last_login,p1_0.level,p1_0.password_hash,p1_0.role,p1_0.student_id from players p1_0 where p1_0.email=?
Hibernate: select p1_0.id,p1_0.avatar,p1_0.created,p1_0.display_name,p1_0.email,p1_0.experience,p1_0.last_login,p1_0.level,p1_0.password_hash,p1_0.role,p1_0.student_id from players p1_0 where p1_0.email=?
Hibernate: select p1_0.id,p1_0.avatar,p1_0.created,p1_0.display_name,p1_0.email,p1_0.experience,p1_0.last_login,p1_0.level,p1_0.password_hash,p1_0.role,p1_0.student_id from players p1_0 where p1_0.email=?
Hibernate: select p1_0.id,p1_0.avatar,p1_0.created,p1_0.display_name,p1_0.email,p1_0.experience,p1_0.last_login,p1_0.level,p1_0.password_hash,p1_0.role,p1_0.student_id from players p1_0 where p1_0.email=?
Hibernate: update players set avatar=?,created=?,display_name=?,email=?,experience=?,last_login=?,level=?,password_hash=?,role=?,student_id=? where id=?
Hibernate: select p1_0.id,p1_0.avatar,p1_0.created,p1_0.display_name,p1_0.email,p1_0.experience,p1_0.last_login,p1_0.level,p1_0.password_hash,p1_0.role,p1_0.student_id from players p1_0 where p1_0.email=?
Hibernate: select p1_0.id,p1_0.avatar,p1_0.created,p1_0.display_name,p1_0.email,p1_0.experience,p1_0.last_login,p1_0.level,p1_0.password_hash,p1_0.role,p1_0.student_id from players p1_0 where p1_0.email=?
Hibernate: select p1_0.id,p1_0.avatar,p1_0.created,p1_0.display_name,p1_0.email,p1_0.experience,p1_0.last_login,p1_0.level,p1_0.password_hash,p1_0.role,p1_0.student_id from players p1_0 where p1_0.email=?
Hibernate: update players set avatar=?,created=?,display_name=?,email=?,experience=?,last_login=?,level=?,password_hash=?,role=?,student_id=? where id=?
Hibernate: select p1_0.id,p1_0.avatar,p1_0.created,p1_0.display_name,p1_0.email,p1_0.experience,p1_0.last_login,p1_0.level,p1_0.password_hash,p1_0.role,p1_0.student_id from players p1_0 where p1_0.email=?
Hibernate: select p1_0.id,p1_0.avatar,p1_0.created,p1_0.display_name,p1_0.email,p1_0.experience,p1_0.last_login,p1_0.level,p1_0.password_hash,p1_0.role,p1_0.student_id from players p1_0 where p1_0.email=?
Hibernate: update players set avatar=?,created=?,display_name=?,email=?,experience=?,last_login=?,level=?,password_hash=?,role=?,student_id=? where id=?
Hibernate: select p1_0.id,p1_0.avatar,p1_0.created,p1_0.display_name,p1_0.email,p1_0.experience,p1_0.last_login,p1_0.level,p1_0.password_hash,p1_0.role,p1_0.student_id from players p1_0 where p1_0.email=?
Hibernate: select p1_0.id,p1_0.avatar,p1_0.created,p1_0.display_name,p1_0.email,p1_0.experience,p1_0.last_login,p1_0.level,p1_0.password_hash,p1_0.role,p1_0.student_id from players p1_0 where p1_0.id=?
Hibernate: select d1_0.id,d1_0.commander_card_id,d1_0.created_at,d1_0.format_code,d1_0.name,d1_0.player_id,d1_0.updated_at from decks d1_0 where d1_0.id=?
Hibernate: select c1_0.deck_id,c1_0.id,c1_0.card_id,c1_0.quantity from deck_cards c1_0 where c1_0.deck_id=?
Hibernate: select f1_0.id,f1_0.basics_unlimited,f1_0.code,f1_0.commander_required,f1_0.max_copies,f1_0.max_deck_size,f1_0.min_deck_size,f1_0.name from formats f1_0 where f1_0.code=?
Hibernate: select c1_0.id,c1_0.colors,c1_0.commander_eligible,c1_0.discoverable,c1_0.forge_name,c1_0.image_url,c1_0.mana_value,c1_0.oracle_id,c1_0.ownership_type,c1_0.rarity,c1_0.set_code,c1_0.spawn_region,c1_0.types,c1_0.weight from cards c1_0 where c1_0.id=?
Hibernate: select c1_0.id,c1_0.colors,c1_0.commander_eligible,c1_0.discoverable,c1_0.forge_name,c1_0.image_url,c1_0.mana_value,c1_0.oracle_id,c1_0.ownership_type,c1_0.rarity,c1_0.set_code,c1_0.spawn_region,c1_0.types,c1_0.weight from cards c1_0 where c1_0.id=?
Hibernate: select c1_0.id,c1_0.colors,c1_0.commander_eligible,c1_0.discoverable,c1_0.forge_name,c1_0.image_url,c1_0.mana_value,c1_0.oracle_id,c1_0.ownership_type,c1_0.rarity,c1_0.set_code,c1_0.spawn_region,c1_0.types,c1_0.weight from cards c1_0 where c1_0.id=?
Hibernate: select c1_0.id,c1_0.colors,c1_0.commander_eligible,c1_0.discoverable,c1_0.forge_name,c1_0.image_url,c1_0.mana_value,c1_0.oracle_id,c1_0.ownership_type,c1_0.rarity,c1_0.set_code,c1_0.spawn_region,c1_0.types,c1_0.weight from cards c1_0 where c1_0.id=?
Hibernate: select c1_0.id,c1_0.colors,c1_0.commander_eligible,c1_0.discoverable,c1_0.forge_name,c1_0.image_url,c1_0.mana_value,c1_0.oracle_id,c1_0.ownership_type,c1_0.rarity,c1_0.set_code,c1_0.spawn_region,c1_0.types,c1_0.weight from cards c1_0 where c1_0.id=?
Hibernate: select cl1_0.id,cl1_0.card_id,cl1_0.format_id,cl1_0.legality from card_legalities cl1_0 where cl1_0.format_id=?
Hibernate: select pu1_0.id from player_unlocks pu1_0 where pu1_0.player_id=? and pu1_0.card_id=? fetch first ? rows only
Hibernate: select pu1_0.id,pu1_0.card_id,pu1_0.player_id,pu1_0.unlocked_at from player_unlocks pu1_0 where pu1_0.player_id=?
Hibernate: select pu1_0.id from player_unlocks pu1_0 where pu1_0.player_id=? and pu1_0.card_id=? fetch first ? rows only
Hibernate: select pu1_0.id,pu1_0.card_id,pu1_0.player_id,pu1_0.unlocked_at from player_unlocks pu1_0 where pu1_0.player_id=?
Hibernate: select pu1_0.id from player_unlocks pu1_0 where pu1_0.player_id=? and pu1_0.card_id=? fetch first ? rows only
Hibernate: select pu1_0.id,pu1_0.card_id,pu1_0.player_id,pu1_0.unlocked_at from player_unlocks pu1_0 where pu1_0.player_id=?
Hibernate: select m1_0.id,m1_0.battle_code,m1_0.created_at,m1_0.deck1_id,m1_0.deck2_id,m1_0.ended_at,m1_0.player1_id,m1_0.player2_id,m1_0.status,m1_0.winner_id from matches m1_0 where m1_0.battle_code=?
Hibernate: insert into matches (battle_code,created_at,deck1_id,deck2_id,ended_at,player1_id,player2_id,status,winner_id,id) values (?,?,?,?,?,?,?,?,?,?)
Hibernate: select p1_0.id,p1_0.avatar,p1_0.created,p1_0.display_name,p1_0.email,p1_0.experience,p1_0.last_login,p1_0.level,p1_0.password_hash,p1_0.role,p1_0.student_id from players p1_0 where p1_0.email=?
Hibernate: select m1_0.id,m1_0.battle_code,m1_0.created_at,m1_0.deck1_id,m1_0.deck2_id,m1_0.ended_at,m1_0.player1_id,m1_0.player2_id,m1_0.status,m1_0.winner_id from matches m1_0 where m1_0.battle_code=?
Hibernate: select p1_0.id,p1_0.avatar,p1_0.created,p1_0.display_name,p1_0.email,p1_0.experience,p1_0.last_login,p1_0.level,p1_0.password_hash,p1_0.role,p1_0.student_id from players p1_0 where p1_0.id=?
Hibernate: select d1_0.id,d1_0.commander_card_id,d1_0.created_at,d1_0.format_code,d1_0.name,d1_0.player_id,d1_0.updated_at from decks d1_0 where d1_0.id=?
Hibernate: select c1_0.deck_id,c1_0.id,c1_0.card_id,c1_0.quantity from deck_cards c1_0 where c1_0.deck_id=?
Hibernate: select f1_0.id,f1_0.basics_unlimited,f1_0.code,f1_0.commander_required,f1_0.max_copies,f1_0.max_deck_size,f1_0.min_deck_size,f1_0.name from formats f1_0 where f1_0.code=?
Hibernate: select c1_0.id,c1_0.colors,c1_0.commander_eligible,c1_0.discoverable,c1_0.forge_name,c1_0.image_url,c1_0.mana_value,c1_0.oracle_id,c1_0.ownership_type,c1_0.rarity,c1_0.set_code,c1_0.spawn_region,c1_0.types,c1_0.weight from cards c1_0 where c1_0.id=?
Hibernate: select c1_0.id,c1_0.colors,c1_0.commander_eligible,c1_0.discoverable,c1_0.forge_name,c1_0.image_url,c1_0.mana_value,c1_0.oracle_id,c1_0.ownership_type,c1_0.rarity,c1_0.set_code,c1_0.spawn_region,c1_0.types,c1_0.weight from cards c1_0 where c1_0.id=?
Hibernate: select cl1_0.id,cl1_0.card_id,cl1_0.format_id,cl1_0.legality from card_legalities cl1_0 where cl1_0.format_id=?
Hibernate: select p1_0.id,p1_0.avatar,p1_0.created,p1_0.display_name,p1_0.email,p1_0.experience,p1_0.last_login,p1_0.level,p1_0.password_hash,p1_0.role,p1_0.student_id from players p1_0 where p1_0.id=?
Hibernate: select d1_0.id,d1_0.commander_card_id,d1_0.created_at,d1_0.format_code,d1_0.name,d1_0.player_id,d1_0.updated_at from decks d1_0 where d1_0.id=?
Hibernate: select c1_0.deck_id,c1_0.id,c1_0.card_id,c1_0.quantity from deck_cards c1_0 where c1_0.deck_id=?
Hibernate: select c1_0.id,c1_0.colors,c1_0.commander_eligible,c1_0.discoverable,c1_0.forge_name,c1_0.image_url,c1_0.mana_value,c1_0.oracle_id,c1_0.ownership_type,c1_0.rarity,c1_0.set_code,c1_0.spawn_region,c1_0.types,c1_0.weight from cards c1_0 where c1_0.id=?
Hibernate: select c1_0.id,c1_0.colors,c1_0.commander_eligible,c1_0.discoverable,c1_0.forge_name,c1_0.image_url,c1_0.mana_value,c1_0.oracle_id,c1_0.ownership_type,c1_0.rarity,c1_0.set_code,c1_0.spawn_region,c1_0.types,c1_0.weight from cards c1_0 where c1_0.id=?
Hibernate: select c1_0.id,c1_0.colors,c1_0.commander_eligible,c1_0.discoverable,c1_0.forge_name,c1_0.image_url,c1_0.mana_value,c1_0.oracle_id,c1_0.ownership_type,c1_0.rarity,c1_0.set_code,c1_0.spawn_region,c1_0.types,c1_0.weight from cards c1_0 where c1_0.id=?
2026-08-02T23:58:31.290+05:30  INFO 5104 --- [campusforge-backend] [io-17172-exec-1] c.c.backend.battle.ForgeDeckConverter    : Converted deck 'E2E RG' for Forge: 60 cards added, 0 skipped
2026-08-02T23:58:31.290+05:30  INFO 5104 --- [campusforge-backend] [io-17172-exec-1] c.c.backend.battle.ForgeDeckConverter    : Converted deck 'E2E Lands' for Forge: 60 cards added, 0 skipped
2026-08-02T23:58:31.422+05:30  INFO 5104 --- [campusforge-backend] [io-17172-exec-1] c.c.backend.battle.MatchManager          : Started Forge match session 92c4c0d5-f540-4215-9e2b-4646ba0d027f (BattleTest vs Opponent)
Hibernate: update matches set battle_code=?,created_at=?,deck1_id=?,deck2_id=?,ended_at=?,player1_id=?,player2_id=?,status=?,winner_id=? where id=?
Hibernate: select p1_0.id,p1_0.avatar,p1_0.created,p1_0.display_name,p1_0.email,p1_0.experience,p1_0.last_login,p1_0.level,p1_0.password_hash,p1_0.role,p1_0.student_id from players p1_0 where p1_0.email=?
Hibernate: select p1_0.id,p1_0.avatar,p1_0.created,p1_0.display_name,p1_0.email,p1_0.experience,p1_0.last_login,p1_0.level,p1_0.password_hash,p1_0.role,p1_0.student_id from players p1_0 where p1_0.email=?
Hibernate: update players set avatar=?,created=?,display_name=?,email=?,experience=?,last_login=?,level=?,password_hash=?,role=?,student_id=? where id=?
Hibernate: select p1_0.id,p1_0.avatar,p1_0.created,p1_0.display_name,p1_0.email,p1_0.experience,p1_0.last_login,p1_0.level,p1_0.password_hash,p1_0.role,p1_0.student_id from players p1_0 where p1_0.email=?
Hibernate: select p1_0.id,p1_0.avatar,p1_0.created,p1_0.display_name,p1_0.email,p1_0.experience,p1_0.last_login,p1_0.level,p1_0.password_hash,p1_0.role,p1_0.student_id from players p1_0 where p1_0.email=?
Hibernate: update players set avatar=?,created=?,display_name=?,email=?,experience=?,last_login=?,level=?,password_hash=?,role=?,student_id=? where id=?
Hibernate: select p1_0.id,p1_0.avatar,p1_0.created,p1_0.display_name,p1_0.email,p1_0.experience,p1_0.last_login,p1_0.level,p1_0.password_hash,p1_0.role,p1_0.student_id from players p1_0 where p1_0.email=?
Hibernate: select m1_0.id,m1_0.battle_code,m1_0.created_at,m1_0.deck1_id,m1_0.deck2_id,m1_0.ended_at,m1_0.player1_id,m1_0.player2_id,m1_0.status,m1_0.winner_id from matches m1_0 where m1_0.player1_id=? or m1_0.player2_id=?
Hibernate: select p1_0.id,p1_0.avatar,p1_0.created,p1_0.display_name,p1_0.email,p1_0.experience,p1_0.last_login,p1_0.level,p1_0.password_hash,p1_0.role,p1_0.student_id from players p1_0 where p1_0.email=?
Hibernate: select p1_0.id,p1_0.avatar,p1_0.created,p1_0.display_name,p1_0.email,p1_0.experience,p1_0.last_login,p1_0.level,p1_0.password_hash,p1_0.role,p1_0.student_id from players p1_0 where p1_0.email=?
Hibernate: select p1_0.id,p1_0.avatar,p1_0.created,p1_0.display_name,p1_0.email,p1_0.experience,p1_0.last_login,p1_0.level,p1_0.password_hash,p1_0.role,p1_0.student_id from players p1_0 where p1_0.email=?
Hibernate: update players set avatar=?,created=?,display_name=?,email=?,experience=?,last_login=?,level=?,password_hash=?,role=?,student_id=? where id=?
Hibernate: select p1_0.id,p1_0.avatar,p1_0.created,p1_0.display_name,p1_0.email,p1_0.experience,p1_0.last_login,p1_0.level,p1_0.password_hash,p1_0.role,p1_0.student_id from players p1_0 where p1_0.email=?
Hibernate: select p1_0.id,p1_0.avatar,p1_0.created,p1_0.display_name,p1_0.email,p1_0.experience,p1_0.last_login,p1_0.level,p1_0.password_hash,p1_0.role,p1_0.student_id from players p1_0 where p1_0.email=?
Hibernate: select p1_0.id,p1_0.avatar,p1_0.created,p1_0.display_name,p1_0.email,p1_0.experience,p1_0.last_login,p1_0.level,p1_0.password_hash,p1_0.role,p1_0.student_id from players p1_0 where p1_0.email=?
Hibernate: select p1_0.id,p1_0.avatar,p1_0.created,p1_0.display_name,p1_0.email,p1_0.experience,p1_0.last_login,p1_0.level,p1_0.password_hash,p1_0.role,p1_0.student_id from players p1_0 where p1_0.email=?
Hibernate: select p1_0.id,p1_0.avatar,p1_0.created,p1_0.display_name,p1_0.email,p1_0.experience,p1_0.last_login,p1_0.level,p1_0.password_hash,p1_0.role,p1_0.student_id from players p1_0 where p1_0.email=?
Hibernate: select p1_0.id,p1_0.avatar,p1_0.created,p1_0.display_name,p1_0.email,p1_0.experience,p1_0.last_login,p1_0.level,p1_0.password_hash,p1_0.role,p1_0.student_id from players p1_0 where p1_0.email=?
Hibernate: select p1_0.id,p1_0.avatar,p1_0.created,p1_0.display_name,p1_0.email,p1_0.experience,p1_0.last_login,p1_0.level,p1_0.password_hash,p1_0.role,p1_0.student_id from players p1_0 where p1_0.email=?
Hibernate: select p1_0.id,p1_0.avatar,p1_0.created,p1_0.display_name,p1_0.email,p1_0.experience,p1_0.last_login,p1_0.level,p1_0.password_hash,p1_0.role,p1_0.student_id from players p1_0 where p1_0.email=?
Hibernate: select p1_0.id,p1_0.avatar,p1_0.created,p1_0.display_name,p1_0.email,p1_0.experience,p1_0.last_login,p1_0.level,p1_0.password_hash,p1_0.role,p1_0.student_id from players p1_0 where p1_0.email=?
Hibernate: select p1_0.id,p1_0.avatar,p1_0.created,p1_0.display_name,p1_0.email,p1_0.experience,p1_0.last_login,p1_0.level,p1_0.password_hash,p1_0.role,p1_0.student_id from players p1_0 where p1_0.id=?
Hibernate: select m1_0.id,m1_0.battle_code,m1_0.created_at,m1_0.deck1_id,m1_0.deck2_id,m1_0.ended_at,m1_0.player1_id,m1_0.player2_id,m1_0.status,m1_0.winner_id from matches m1_0 where m1_0.player1_id=? or m1_0.player2_id=?
Hibernate: select d1_0.id,d1_0.commander_card_id,d1_0.created_at,d1_0.format_code,d1_0.name,d1_0.player_id,d1_0.updated_at from decks d1_0 where d1_0.player_id=?
Hibernate: select c1_0.deck_id,c1_0.id,c1_0.card_id,c1_0.quantity from deck_cards c1_0 where c1_0.deck_id=?
Hibernate: select c1_0.id,c1_0.colors,c1_0.commander_eligible,c1_0.discoverable,c1_0.forge_name,c1_0.image_url,c1_0.mana_value,c1_0.oracle_id,c1_0.ownership_type,c1_0.rarity,c1_0.set_code,c1_0.spawn_region,c1_0.types,c1_0.weight from cards c1_0 where c1_0.id=?
Hibernate: select c1_0.id,c1_0.colors,c1_0.commander_eligible,c1_0.discoverable,c1_0.forge_name,c1_0.image_url,c1_0.mana_value,c1_0.oracle_id,c1_0.ownership_type,c1_0.rarity,c1_0.set_code,c1_0.spawn_region,c1_0.types,c1_0.weight from cards c1_0 where c1_0.id=?
Hibernate: select c1_0.id,c1_0.colors,c1_0.commander_eligible,c1_0.discoverable,c1_0.forge_name,c1_0.image_url,c1_0.mana_value,c1_0.oracle_id,c1_0.ownership_type,c1_0.rarity,c1_0.set_code,c1_0.spawn_region,c1_0.types,c1_0.weight from cards c1_0 where c1_0.id=?
Hibernate: select c1_0.id,c1_0.colors,c1_0.commander_eligible,c1_0.discoverable,c1_0.forge_name,c1_0.image_url,c1_0.mana_value,c1_0.oracle_id,c1_0.ownership_type,c1_0.rarity,c1_0.set_code,c1_0.spawn_region,c1_0.types,c1_0.weight from cards c1_0 where c1_0.id=?
Hibernate: select c1_0.id,c1_0.colors,c1_0.commander_eligible,c1_0.discoverable,c1_0.forge_name,c1_0.image_url,c1_0.mana_value,c1_0.oracle_id,c1_0.ownership_type,c1_0.rarity,c1_0.set_code,c1_0.spawn_region,c1_0.types,c1_0.weight from cards c1_0 where c1_0.id=?
Hibernate: select c1_0.id,c1_0.colors,c1_0.commander_eligible,c1_0.discoverable,c1_0.forge_name,c1_0.image_url,c1_0.mana_value,c1_0.oracle_id,c1_0.ownership_type,c1_0.rarity,c1_0.set_code,c1_0.spawn_region,c1_0.types,c1_0.weight from cards c1_0 where c1_0.id=?
Hibernate: select c1_0.id,c1_0.colors,c1_0.commander_eligible,c1_0.discoverable,c1_0.forge_name,c1_0.image_url,c1_0.mana_value,c1_0.oracle_id,c1_0.ownership_type,c1_0.rarity,c1_0.set_code,c1_0.spawn_region,c1_0.types,c1_0.weight from cards c1_0 where c1_0.id=?
Hibernate: select c1_0.id,c1_0.colors,c1_0.commander_eligible,c1_0.discoverable,c1_0.forge_name,c1_0.image_url,c1_0.mana_value,c1_0.oracle_id,c1_0.ownership_type,c1_0.rarity,c1_0.set_code,c1_0.spawn_region,c1_0.types,c1_0.weight from cards c1_0 where c1_0.id=?
Hibernate: select c1_0.id,c1_0.colors,c1_0.commander_eligible,c1_0.discoverable,c1_0.forge_name,c1_0.image_url,c1_0.mana_value,c1_0.oracle_id,c1_0.ownership_type,c1_0.rarity,c1_0.set_code,c1_0.spawn_region,c1_0.types,c1_0.weight from cards c1_0 where c1_0.id=?
Hibernate: select c1_0.id,c1_0.colors,c1_0.commander_eligible,c1_0.discoverable,c1_0.forge_name,c1_0.image_url,c1_0.mana_value,c1_0.oracle_id,c1_0.ownership_type,c1_0.rarity,c1_0.set_code,c1_0.spawn_region,c1_0.types,c1_0.weight from cards c1_0 where c1_0.id=?
Hibernate: select c1_0.id,c1_0.colors,c1_0.commander_eligible,c1_0.discoverable,c1_0.forge_name,c1_0.image_url,c1_0.mana_value,c1_0.oracle_id,c1_0.ownership_type,c1_0.rarity,c1_0.set_code,c1_0.spawn_region,c1_0.types,c1_0.weight from cards c1_0 where c1_0.id=?
Hibernate: select c1_0.id,c1_0.colors,c1_0.commander_eligible,c1_0.discoverable,c1_0.forge_name,c1_0.image_url,c1_0.mana_value,c1_0.oracle_id,c1_0.ownership_type,c1_0.rarity,c1_0.set_code,c1_0.spawn_region,c1_0.types,c1_0.weight from cards c1_0 where c1_0.id=?
Hibernate: select c1_0.deck_id,c1_0.id,c1_0.card_id,c1_0.quantity from deck_cards c1_0 where c1_0.deck_id=?
Hibernate: select c1_0.deck_id,c1_0.id,c1_0.card_id,c1_0.quantity from deck_cards c1_0 where c1_0.deck_id=?
Hibernate: select c1_0.id,c1_0.colors,c1_0.commander_eligible,c1_0.discoverable,c1_0.forge_name,c1_0.image_url,c1_0.mana_value,c1_0.oracle_id,c1_0.ownership_type,c1_0.rarity,c1_0.set_code,c1_0.spawn_region,c1_0.types,c1_0.weight from cards c1_0 where c1_0.id=?
Hibernate: select c1_0.deck_id,c1_0.id,c1_0.card_id,c1_0.quantity from deck_cards c1_0 where c1_0.deck_id=?
Hibernate: select p1_0.id,p1_0.avatar,p1_0.created,p1_0.display_name,p1_0.email,p1_0.experience,p1_0.last_login,p1_0.level,p1_0.password_hash,p1_0.role,p1_0.student_id from players p1_0 where p1_0.email=?
Hibernate: select p1_0.id,p1_0.avatar,p1_0.created,p1_0.display_name,p1_0.email,p1_0.experience,p1_0.last_login,p1_0.level,p1_0.password_hash,p1_0.role,p1_0.student_id from players p1_0 where p1_0.email=?
Hibernate: select p1_0.id,p1_0.avatar,p1_0.created,p1_0.display_name,p1_0.email,p1_0.experience,p1_0.last_login,p1_0.level,p1_0.password_hash,p1_0.role,p1_0.student_id from players p1_0 where p1_0.email=?
Hibernate: select p1_0.id,p1_0.avatar,p1_0.created,p1_0.display_name,p1_0.email,p1_0.experience,p1_0.last_login,p1_0.level,p1_0.password_hash,p1_0.role,p1_0.student_id from players p1_0 where p1_0.id=?
Hibernate: select m1_0.id,m1_0.battle_code,m1_0.created_at,m1_0.deck1_id,m1_0.deck2_id,m1_0.ended_at,m1_0.player1_id,m1_0.player2_id,m1_0.status,m1_0.winner_id from matches m1_0 where m1_0.player1_id=? or m1_0.player2_id=?
Hibernate: select d1_0.id,d1_0.commander_card_id,d1_0.created_at,d1_0.format_code,d1_0.name,d1_0.player_id,d1_0.updated_at from decks d1_0 where d1_0.player_id=?
Hibernate: select c1_0.deck_id,c1_0.id,c1_0.card_id,c1_0.quantity from deck_cards c1_0 where c1_0.deck_id=?
Hibernate: select c1_0.id,c1_0.colors,c1_0.commander_eligible,c1_0.discoverable,c1_0.forge_name,c1_0.image_url,c1_0.mana_value,c1_0.oracle_id,c1_0.ownership_type,c1_0.rarity,c1_0.set_code,c1_0.spawn_region,c1_0.types,c1_0.weight from cards c1_0 where c1_0.id=?
Hibernate: select c1_0.id,c1_0.colors,c1_0.commander_eligible,c1_0.discoverable,c1_0.forge_name,c1_0.image_url,c1_0.mana_value,c1_0.oracle_id,c1_0.ownership_type,c1_0.rarity,c1_0.set_code,c1_0.spawn_region,c1_0.types,c1_0.weight from cards c1_0 where c1_0.id=?
Hibernate: select c1_0.id,c1_0.colors,c1_0.commander_eligible,c1_0.discoverable,c1_0.forge_name,c1_0.image_url,c1_0.mana_value,c1_0.oracle_id,c1_0.ownership_type,c1_0.rarity,c1_0.set_code,c1_0.spawn_region,c1_0.types,c1_0.weight from cards c1_0 where c1_0.id=?
Hibernate: select c1_0.id,c1_0.colors,c1_0.commander_eligible,c1_0.discoverable,c1_0.forge_name,c1_0.image_url,c1_0.mana_value,c1_0.oracle_id,c1_0.ownership_type,c1_0.rarity,c1_0.set_code,c1_0.spawn_region,c1_0.types,c1_0.weight from cards c1_0 where c1_0.id=?
Hibernate: select p1_0.id,p1_0.avatar,p1_0.created,p1_0.display_name,p1_0.email,p1_0.experience,p1_0.last_login,p1_0.level,p1_0.password_hash,p1_0.role,p1_0.student_id from players p1_0 where p1_0.email=?
Hibernate: select p1_0.id,p1_0.avatar,p1_0.created,p1_0.display_name,p1_0.email,p1_0.experience,p1_0.last_login,p1_0.level,p1_0.password_hash,p1_0.role,p1_0.student_id from players p1_0 where p1_0.id=?
Hibernate: select d1_0.id,d1_0.commander_card_id,d1_0.created_at,d1_0.format_code,d1_0.name,d1_0.player_id,d1_0.updated_at from decks d1_0 where d1_0.id=?
Hibernate: select c1_0.deck_id,c1_0.id,c1_0.card_id,c1_0.quantity from deck_cards c1_0 where c1_0.deck_id=?
Hibernate: select f1_0.id,f1_0.basics_unlimited,f1_0.code,f1_0.commander_required,f1_0.max_copies,f1_0.max_deck_size,f1_0.min_deck_size,f1_0.name from formats f1_0 where f1_0.code=?
Hibernate: select c1_0.id,c1_0.colors,c1_0.commander_eligible,c1_0.discoverable,c1_0.forge_name,c1_0.image_url,c1_0.mana_value,c1_0.oracle_id,c1_0.ownership_type,c1_0.rarity,c1_0.set_code,c1_0.spawn_region,c1_0.types,c1_0.weight from cards c1_0 where c1_0.id=?
Hibernate: select c1_0.id,c1_0.colors,c1_0.commander_eligible,c1_0.discoverable,c1_0.forge_name,c1_0.image_url,c1_0.mana_value,c1_0.oracle_id,c1_0.ownership_type,c1_0.rarity,c1_0.set_code,c1_0.spawn_region,c1_0.types,c1_0.weight from cards c1_0 where c1_0.id=?
Hibernate: select c1_0.id,c1_0.colors,c1_0.commander_eligible,c1_0.discoverable,c1_0.forge_name,c1_0.image_url,c1_0.mana_value,c1_0.oracle_id,c1_0.ownership_type,c1_0.rarity,c1_0.set_code,c1_0.spawn_region,c1_0.types,c1_0.weight from cards c1_0 where c1_0.id=?
Hibernate: select c1_0.id,c1_0.colors,c1_0.commander_eligible,c1_0.discoverable,c1_0.forge_name,c1_0.image_url,c1_0.mana_value,c1_0.oracle_id,c1_0.ownership_type,c1_0.rarity,c1_0.set_code,c1_0.spawn_region,c1_0.types,c1_0.weight from cards c1_0 where c1_0.id=?
Hibernate: select cl1_0.id,cl1_0.card_id,cl1_0.format_id,cl1_0.legality from card_legalities cl1_0 where cl1_0.format_id=?
Hibernate: select m1_0.id,m1_0.battle_code,m1_0.created_at,m1_0.deck1_id,m1_0.deck2_id,m1_0.ended_at,m1_0.player1_id,m1_0.player2_id,m1_0.status,m1_0.winner_id from matches m1_0 where m1_0.battle_code=?
Hibernate: insert into matches (battle_code,created_at,deck1_id,deck2_id,ended_at,player1_id,player2_id,status,winner_id,id) values (?,?,?,?,?,?,?,?,?,?)
Hibernate: select p1_0.id,p1_0.avatar,p1_0.created,p1_0.display_name,p1_0.email,p1_0.experience,p1_0.last_login,p1_0.level,p1_0.password_hash,p1_0.role,p1_0.student_id from players p1_0 where p1_0.email=?
Hibernate: select p1_0.id,p1_0.avatar,p1_0.created,p1_0.display_name,p1_0.email,p1_0.experience,p1_0.last_login,p1_0.level,p1_0.password_hash,p1_0.role,p1_0.student_id from players p1_0 where p1_0.email=?
Hibernate: select m1_0.id,m1_0.battle_code,m1_0.created_at,m1_0.deck1_id,m1_0.deck2_id,m1_0.ended_at,m1_0.player1_id,m1_0.player2_id,m1_0.status,m1_0.winner_id from matches m1_0 where m1_0.player1_id=? or m1_0.player2_id=?
Hibernate: select m1_0.id,m1_0.battle_code,m1_0.created_at,m1_0.deck1_id,m1_0.deck2_id,m1_0.ended_at,m1_0.player1_id,m1_0.player2_id,m1_0.status,m1_0.winner_id from matches m1_0 where m1_0.id=?
Hibernate: select p1_0.id,p1_0.avatar,p1_0.created,p1_0.display_name,p1_0.email,p1_0.experience,p1_0.last_login,p1_0.level,p1_0.password_hash,p1_0.role,p1_0.student_id from players p1_0 where p1_0.email=?
Hibernate: select p1_0.id,p1_0.avatar,p1_0.created,p1_0.display_name,p1_0.email,p1_0.experience,p1_0.last_login,p1_0.level,p1_0.password_hash,p1_0.role,p1_0.student_id from players p1_0 where p1_0.email=?
Hibernate: select m1_0.id,m1_0.battle_code,m1_0.created_at,m1_0.deck1_id,m1_0.deck2_id,m1_0.ended_at,m1_0.player1_id,m1_0.player2_id,m1_0.status,m1_0.winner_id from matches m1_0 where m1_0.id=?
Hibernate: select p1_0.id,p1_0.avatar,p1_0.created,p1_0.display_name,p1_0.email,p1_0.experience,p1_0.last_login,p1_0.level,p1_0.password_hash,p1_0.role,p1_0.student_id from players p1_0 where p1_0.email=?
Hibernate: select m1_0.id,m1_0.battle_code,m1_0.created_at,m1_0.deck1_id,m1_0.deck2_id,m1_0.ended_at,m1_0.player1_id,m1_0.player2_id,m1_0.status,m1_0.winner_id from matches m1_0 where m1_0.id=?
Hibernate: select p1_0.id,p1_0.avatar,p1_0.created,p1_0.display_name,p1_0.email,p1_0.experience,p1_0.last_login,p1_0.level,p1_0.password_hash,p1_0.role,p1_0.student_id from players p1_0 where p1_0.email=?
Hibernate: select m1_0.id,m1_0.battle_code,m1_0.created_at,m1_0.deck1_id,m1_0.deck2_id,m1_0.ended_at,m1_0.player1_id,m1_0.player2_id,m1_0.status,m1_0.winner_id from matches m1_0 where m1_0.id=?
Hibernate: select p1_0.id,p1_0.avatar,p1_0.created,p1_0.display_name,p1_0.email,p1_0.experience,p1_0.last_login,p1_0.level,p1_0.password_hash,p1_0.role,p1_0.student_id from players p1_0 where p1_0.email=?
Hibernate: select m1_0.id,m1_0.battle_code,m1_0.created_at,m1_0.deck1_id,m1_0.deck2_id,m1_0.ended_at,m1_0.player1_id,m1_0.player2_id,m1_0.status,m1_0.winner_id from matches m1_0 where m1_0.battle_code=?
Hibernate: select p1_0.id,p1_0.avatar,p1_0.created,p1_0.display_name,p1_0.email,p1_0.experience,p1_0.last_login,p1_0.level,p1_0.password_hash,p1_0.role,p1_0.student_id from players p1_0 where p1_0.id=?
Hibernate: select d1_0.id,d1_0.commander_card_id,d1_0.created_at,d1_0.format_code,d1_0.name,d1_0.player_id,d1_0.updated_at from decks d1_0 where d1_0.id=?
Hibernate: select c1_0.deck_id,c1_0.id,c1_0.card_id,c1_0.quantity from deck_cards c1_0 where c1_0.deck_id=?
Hibernate: select f1_0.id,f1_0.basics_unlimited,f1_0.code,f1_0.commander_required,f1_0.max_copies,f1_0.max_deck_size,f1_0.min_deck_size,f1_0.name from formats f1_0 where f1_0.code=?
Hibernate: select c1_0.id,c1_0.colors,c1_0.commander_eligible,c1_0.discoverable,c1_0.forge_name,c1_0.image_url,c1_0.mana_value,c1_0.oracle_id,c1_0.ownership_type,c1_0.rarity,c1_0.set_code,c1_0.spawn_region,c1_0.types,c1_0.weight from cards c1_0 where c1_0.id=?
Hibernate: select c1_0.id,c1_0.colors,c1_0.commander_eligible,c1_0.discoverable,c1_0.forge_name,c1_0.image_url,c1_0.mana_value,c1_0.oracle_id,c1_0.ownership_type,c1_0.rarity,c1_0.set_code,c1_0.spawn_region,c1_0.types,c1_0.weight from cards c1_0 where c1_0.id=?
Hibernate: select c1_0.id,c1_0.colors,c1_0.commander_eligible,c1_0.discoverable,c1_0.forge_name,c1_0.image_url,c1_0.mana_value,c1_0.oracle_id,c1_0.ownership_type,c1_0.rarity,c1_0.set_code,c1_0.spawn_region,c1_0.types,c1_0.weight from cards c1_0 where c1_0.id=?
Hibernate: select c1_0.id,c1_0.colors,c1_0.commander_eligible,c1_0.discoverable,c1_0.forge_name,c1_0.image_url,c1_0.mana_value,c1_0.oracle_id,c1_0.ownership_type,c1_0.rarity,c1_0.set_code,c1_0.spawn_region,c1_0.types,c1_0.weight from cards c1_0 where c1_0.id=?
Hibernate: select c1_0.id,c1_0.colors,c1_0.commander_eligible,c1_0.discoverable,c1_0.forge_name,c1_0.image_url,c1_0.mana_value,c1_0.oracle_id,c1_0.ownership_type,c1_0.rarity,c1_0.set_code,c1_0.spawn_region,c1_0.types,c1_0.weight from cards c1_0 where c1_0.id=?
Hibernate: select c1_0.id,c1_0.colors,c1_0.commander_eligible,c1_0.discoverable,c1_0.forge_name,c1_0.image_url,c1_0.mana_value,c1_0.oracle_id,c1_0.ownership_type,c1_0.rarity,c1_0.set_code,c1_0.spawn_region,c1_0.types,c1_0.weight from cards c1_0 where c1_0.id=?
Hibernate: select c1_0.id,c1_0.colors,c1_0.commander_eligible,c1_0.discoverable,c1_0.forge_name,c1_0.image_url,c1_0.mana_value,c1_0.oracle_id,c1_0.ownership_type,c1_0.rarity,c1_0.set_code,c1_0.spawn_region,c1_0.types,c1_0.weight from cards c1_0 where c1_0.id=?
Hibernate: select c1_0.id,c1_0.colors,c1_0.commander_eligible,c1_0.discoverable,c1_0.forge_name,c1_0.image_url,c1_0.mana_value,c1_0.oracle_id,c1_0.ownership_type,c1_0.rarity,c1_0.set_code,c1_0.spawn_region,c1_0.types,c1_0.weight from cards c1_0 where c1_0.id=?
Hibernate: select c1_0.id,c1_0.colors,c1_0.commander_eligible,c1_0.discoverable,c1_0.forge_name,c1_0.image_url,c1_0.mana_value,c1_0.oracle_id,c1_0.ownership_type,c1_0.rarity,c1_0.set_code,c1_0.spawn_region,c1_0.types,c1_0.weight from cards c1_0 where c1_0.id=?
Hibernate: select c1_0.id,c1_0.colors,c1_0.commander_eligible,c1_0.discoverable,c1_0.forge_name,c1_0.image_url,c1_0.mana_value,c1_0.oracle_id,c1_0.ownership_type,c1_0.rarity,c1_0.set_code,c1_0.spawn_region,c1_0.types,c1_0.weight from cards c1_0 where c1_0.id=?
Hibernate: select c1_0.id,c1_0.colors,c1_0.commander_eligible,c1_0.discoverable,c1_0.forge_name,c1_0.image_url,c1_0.mana_value,c1_0.oracle_id,c1_0.ownership_type,c1_0.rarity,c1_0.set_code,c1_0.spawn_region,c1_0.types,c1_0.weight from cards c1_0 where c1_0.id=?
Hibernate: select c1_0.id,c1_0.colors,c1_0.commander_eligible,c1_0.discoverable,c1_0.forge_name,c1_0.image_url,c1_0.mana_value,c1_0.oracle_id,c1_0.ownership_type,c1_0.rarity,c1_0.set_code,c1_0.spawn_region,c1_0.types,c1_0.weight from cards c1_0 where c1_0.id=?
Hibernate: select cl1_0.id,cl1_0.card_id,cl1_0.format_id,cl1_0.legality from card_legalities cl1_0 where cl1_0.format_id=?
Hibernate: select pu1_0.id from player_unlocks pu1_0 where pu1_0.player_id=? and pu1_0.card_id=? fetch first ? rows only
Hibernate: select pu1_0.id,pu1_0.card_id,pu1_0.player_id,pu1_0.unlocked_at from player_unlocks pu1_0 where pu1_0.player_id=?
Hibernate: select pu1_0.id from player_unlocks pu1_0 where pu1_0.player_id=? and pu1_0.card_id=? fetch first ? rows only
Hibernate: select pu1_0.id,pu1_0.card_id,pu1_0.player_id,pu1_0.unlocked_at from player_unlocks pu1_0 where pu1_0.player_id=?
Hibernate: select pu1_0.id from player_unlocks pu1_0 where pu1_0.player_id=? and pu1_0.card_id=? fetch first ? rows only
Hibernate: select pu1_0.id,pu1_0.card_id,pu1_0.player_id,pu1_0.unlocked_at from player_unlocks pu1_0 where pu1_0.player_id=?
Hibernate: select pu1_0.id from player_unlocks pu1_0 where pu1_0.player_id=? and pu1_0.card_id=? fetch first ? rows only
Hibernate: select pu1_0.id,pu1_0.card_id,pu1_0.player_id,pu1_0.unlocked_at from player_unlocks pu1_0 where pu1_0.player_id=?
Hibernate: select pu1_0.id from player_unlocks pu1_0 where pu1_0.player_id=? and pu1_0.card_id=? fetch first ? rows only
Hibernate: select pu1_0.id,pu1_0.card_id,pu1_0.player_id,pu1_0.unlocked_at from player_unlocks pu1_0 where pu1_0.player_id=?
Hibernate: select pu1_0.id from player_unlocks pu1_0 where pu1_0.player_id=? and pu1_0.card_id=? fetch first ? rows only
Hibernate: select pu1_0.id,pu1_0.card_id,pu1_0.player_id,pu1_0.unlocked_at from player_unlocks pu1_0 where pu1_0.player_id=?
Hibernate: select pu1_0.id from player_unlocks pu1_0 where pu1_0.player_id=? and pu1_0.card_id=? fetch first ? rows only
Hibernate: select pu1_0.id,pu1_0.card_id,pu1_0.player_id,pu1_0.unlocked_at from player_unlocks pu1_0 where pu1_0.player_id=?
Hibernate: select pu1_0.id from player_unlocks pu1_0 where pu1_0.player_id=? and pu1_0.card_id=? fetch first ? rows only
Hibernate: select pu1_0.id,pu1_0.card_id,pu1_0.player_id,pu1_0.unlocked_at from player_unlocks pu1_0 where pu1_0.player_id=?
Hibernate: select p1_0.id,p1_0.avatar,p1_0.created,p1_0.display_name,p1_0.email,p1_0.experience,p1_0.last_login,p1_0.level,p1_0.password_hash,p1_0.role,p1_0.student_id from players p1_0 where p1_0.id=?
Hibernate: select d1_0.id,d1_0.commander_card_id,d1_0.created_at,d1_0.format_code,d1_0.name,d1_0.player_id,d1_0.updated_at from decks d1_0 where d1_0.id=?
Hibernate: select c1_0.deck_id,c1_0.id,c1_0.card_id,c1_0.quantity from deck_cards c1_0 where c1_0.deck_id=?
Hibernate: select c1_0.id,c1_0.colors,c1_0.commander_eligible,c1_0.discoverable,c1_0.forge_name,c1_0.image_url,c1_0.mana_value,c1_0.oracle_id,c1_0.ownership_type,c1_0.rarity,c1_0.set_code,c1_0.spawn_region,c1_0.types,c1_0.weight from cards c1_0 where c1_0.id=?
2026-08-03T00:00:17.661+05:30  INFO 5104 --- [campusforge-backend] [o-17172-exec-10] c.c.backend.battle.ForgeDeckConverter    : Converted deck 'New Deck' for Forge: 66 cards added, 0 skipped
2026-08-03T00:00:17.663+05:30  INFO 5104 --- [campusforge-backend] [o-17172-exec-10] c.c.backend.battle.ForgeDeckConverter    : Converted deck 'New Deck' for Forge: 62 cards added, 0 skipped
2026-08-03T00:00:17.664+05:30  INFO 5104 --- [campusforge-backend] [o-17172-exec-10] c.c.backend.battle.MatchManager          : Started Forge match session 36498515-15eb-4471-a424-02ef50562754 (dfgh vs FireBall)
Hibernate: update matches set battle_code=?,created_at=?,deck1_id=?,deck2_id=?,ended_at=?,player1_id=?,player2_id=?,status=?,winner_id=? where id=?
Hibernate: select p1_0.id,p1_0.avatar,p1_0.created,p1_0.display_name,p1_0.email,p1_0.experience,p1_0.last_login,p1_0.level,p1_0.password_hash,p1_0.role,p1_0.student_id from players p1_0 where p1_0.email=?
Hibernate: select p1_0.id,p1_0.avatar,p1_0.created,p1_0.display_name,p1_0.email,p1_0.experience,p1_0.last_login,p1_0.level,p1_0.password_hash,p1_0.role,p1_0.student_id from players p1_0 where p1_0.email=?
Hibernate: select m1_0.id,m1_0.battle_code,m1_0.created_at,m1_0.deck1_id,m1_0.deck2_id,m1_0.ended_at,m1_0.player1_id,m1_0.player2_id,m1_0.status,m1_0.winner_id from matches m1_0 where m1_0.player1_id=? or m1_0.player2_id=?
Hibernate: select m1_0.id,m1_0.battle_code,m1_0.created_at,m1_0.deck1_id,m1_0.deck2_id,m1_0.ended_at,m1_0.player1_id,m1_0.player2_id,m1_0.status,m1_0.winner_id from matches m1_0 where m1_0.id=?
Hibernate: select p1_0.id,p1_0.avatar,p1_0.created,p1_0.display_name,p1_0.email,p1_0.experience,p1_0.last_login,p1_0.level,p1_0.password_hash,p1_0.role,p1_0.student_id from players p1_0 where p1_0.email=?
Hibernate: select p1_0.id,p1_0.avatar,p1_0.created,p1_0.display_name,p1_0.email,p1_0.experience,p1_0.last_login,p1_0.level,p1_0.password_hash,p1_0.role,p1_0.student_id from players p1_0 where p1_0.email=?
Hibernate: select p1_0.id,p1_0.avatar,p1_0.created,p1_0.display_name,p1_0.email,p1_0.experience,p1_0.last_login,p1_0.level,p1_0.password_hash,p1_0.role,p1_0.student_id from players p1_0 where p1_0.email=?
Hibernate: select p1_0.id,p1_0.avatar,p1_0.created,p1_0.display_name,p1_0.email,p1_0.experience,p1_0.last_login,p1_0.level,p1_0.password_hash,p1_0.role,p1_0.student_id from players p1_0 where p1_0.email=?
Hibernate: select p1_0.id,p1_0.avatar,p1_0.created,p1_0.display_name,p1_0.email,p1_0.experience,p1_0.last_login,p1_0.level,p1_0.password_hash,p1_0.role,p1_0.student_id from players p1_0 where p1_0.email=?
Hibernate: select p1_0.id,p1_0.avatar,p1_0.created,p1_0.display_name,p1_0.email,p1_0.experience,p1_0.last_login,p1_0.level,p1_0.password_hash,p1_0.role,p1_0.student_id from players p1_0 where p1_0.email=?
Hibernate: select p1_0.id,p1_0.avatar,p1_0.created,p1_0.display_name,p1_0.email,p1_0.experience,p1_0.last_login,p1_0.level,p1_0.password_hash,p1_0.role,p1_0.student_id from players p1_0 where p1_0.email=?
Hibernate: select p1_0.id,p1_0.avatar,p1_0.created,p1_0.display_name,p1_0.email,p1_0.experience,p1_0.last_login,p1_0.level,p1_0.password_hash,p1_0.role,p1_0.student_id from players p1_0 where p1_0.email=?
Hibernate: select p1_0.id,p1_0.avatar,p1_0.created,p1_0.display_name,p1_0.email,p1_0.experience,p1_0.last_login,p1_0.level,p1_0.password_hash,p1_0.role,p1_0.student_id from players p1_0 where p1_0.email=?
Hibernate: select p1_0.id,p1_0.avatar,p1_0.created,p1_0.display_name,p1_0.email,p1_0.experience,p1_0.last_login,p1_0.level,p1_0.password_hash,p1_0.role,p1_0.student_id from players p1_0 where p1_0.email=?
Hibernate: select p1_0.id,p1_0.avatar,p1_0.created,p1_0.display_name,p1_0.email,p1_0.experience,p1_0.last_login,p1_0.level,p1_0.password_hash,p1_0.role,p1_0.student_id from players p1_0 where p1_0.email=?
Hibernate: select p1_0.id,p1_0.avatar,p1_0.created,p1_0.display_name,p1_0.email,p1_0.experience,p1_0.last_login,p1_0.level,p1_0.password_hash,p1_0.role,p1_0.student_id from players p1_0 where p1_0.email=?
Hibernate: select p1_0.id,p1_0.avatar,p1_0.created,p1_0.display_name,p1_0.email,p1_0.experience,p1_0.last_login,p1_0.level,p1_0.password_hash,p1_0.role,p1_0.student_id from players p1_0 where p1_0.email=?
Hibernate: select p1_0.id,p1_0.avatar,p1_0.created,p1_0.display_name,p1_0.email,p1_0.experience,p1_0.last_login,p1_0.level,p1_0.password_hash,p1_0.role,p1_0.student_id from players p1_0 where p1_0.email=?
ComputerUtilMana: payManaCost() cost was not paid for Lightning Bolt deals 3 damage to any target. (Lightning Bolt). Didn't find what to pay for null
[FireBall] AI failed to play Lightning Bolt (109) [Stack]
Hibernate: select p1_0.id,p1_0.avatar,p1_0.created,p1_0.display_name,p1_0.email,p1_0.experience,p1_0.last_login,p1_0.level,p1_0.password_hash,p1_0.role,p1_0.student_id from players p1_0 where p1_0.email=?
Hibernate: select p1_0.id,p1_0.avatar,p1_0.created,p1_0.display_name,p1_0.email,p1_0.experience,p1_0.last_login,p1_0.level,p1_0.password_hash,p1_0.role,p1_0.student_id from players p1_0 where p1_0.email=?
Hibernate: select p1_0.id,p1_0.avatar,p1_0.created,p1_0.display_name,p1_0.email,p1_0.experience,p1_0.last_login,p1_0.level,p1_0.password_hash,p1_0.role,p1_0.student_id from players p1_0 where p1_0.email=?
Hibernate: select p1_0.id,p1_0.avatar,p1_0.created,p1_0.display_name,p1_0.email,p1_0.experience,p1_0.last_login,p1_0.level,p1_0.password_hash,p1_0.role,p1_0.student_id from players p1_0 where p1_0.email=?
Hibernate: select p1_0.id,p1_0.avatar,p1_0.created,p1_0.display_name,p1_0.email,p1_0.experience,p1_0.last_login,p1_0.level,p1_0.password_hash,p1_0.role,p1_0.student_id from players p1_0 where p1_0.email=?
Hibernate: select p1_0.id,p1_0.avatar,p1_0.created,p1_0.display_name,p1_0.email,p1_0.experience,p1_0.last_login,p1_0.level,p1_0.password_hash,p1_0.role,p1_0.student_id from players p1_0 where p1_0.email=?
Hibernate: select p1_0.id,p1_0.avatar,p1_0.created,p1_0.display_name,p1_0.email,p1_0.experience,p1_0.last_login,p1_0.level,p1_0.password_hash,p1_0.role,p1_0.student_id from players p1_0 where p1_0.email=?
Hibernate: select p1_0.id,p1_0.avatar,p1_0.created,p1_0.display_name,p1_0.email,p1_0.experience,p1_0.last_login,p1_0.level,p1_0.password_hash,p1_0.role,p1_0.student_id from players p1_0 where p1_0.email=?
Hibernate: select p1_0.id,p1_0.avatar,p1_0.created,p1_0.display_name,p1_0.email,p1_0.experience,p1_0.last_login,p1_0.level,p1_0.password_hash,p1_0.role,p1_0.student_id from players p1_0 where p1_0.email=?
Hibernate: select p1_0.id,p1_0.avatar,p1_0.created,p1_0.display_name,p1_0.email,p1_0.experience,p1_0.last_login,p1_0.level,p1_0.password_hash,p1_0.role,p1_0.student_id from players p1_0 where p1_0.email=?
Hibernate: select p1_0.id,p1_0.avatar,p1_0.created,p1_0.display_name,p1_0.email,p1_0.experience,p1_0.last_login,p1_0.level,p1_0.password_hash,p1_0.role,p1_0.student_id from players p1_0 where p1_0.email=?
Hibernate: select p1_0.id,p1_0.avatar,p1_0.created,p1_0.display_name,p1_0.email,p1_0.experience,p1_0.last_login,p1_0.level,p1_0.password_hash,p1_0.role,p1_0.student_id from players p1_0 where p1_0.email=?
Hibernate: select p1_0.id,p1_0.avatar,p1_0.created,p1_0.display_name,p1_0.email,p1_0.experience,p1_0.last_login,p1_0.level,p1_0.password_hash,p1_0.role,p1_0.student_id from players p1_0 where p1_0.email=?
Hibernate: select p1_0.id,p1_0.avatar,p1_0.created,p1_0.display_name,p1_0.email,p1_0.experience,p1_0.last_login,p1_0.level,p1_0.password_hash,p1_0.role,p1_0.student_id from players p1_0 where p1_0.id=?
Hibernate: select m1_0.id,m1_0.battle_code,m1_0.created_at,m1_0.deck1_id,m1_0.deck2_id,m1_0.ended_at,m1_0.player1_id,m1_0.player2_id,m1_0.status,m1_0.winner_id from matches m1_0 where m1_0.player1_id=? or m1_0.player2_id=?
Hibernate: select d1_0.id,d1_0.commander_card_id,d1_0.created_at,d1_0.format_code,d1_0.name,d1_0.player_id,d1_0.updated_at from decks d1_0 where d1_0.player_id=?
Hibernate: select c1_0.deck_id,c1_0.id,c1_0.card_id,c1_0.quantity from deck_cards c1_0 where c1_0.deck_id=?
Hibernate: select c1_0.id,c1_0.colors,c1_0.commander_eligible,c1_0.discoverable,c1_0.forge_name,c1_0.image_url,c1_0.mana_value,c1_0.oracle_id,c1_0.ownership_type,c1_0.rarity,c1_0.set_code,c1_0.spawn_region,c1_0.types,c1_0.weight from cards c1_0 where c1_0.id=?
Hibernate: select c1_0.id,c1_0.colors,c1_0.commander_eligible,c1_0.discoverable,c1_0.forge_name,c1_0.image_url,c1_0.mana_value,c1_0.oracle_id,c1_0.ownership_type,c1_0.rarity,c1_0.set_code,c1_0.spawn_region,c1_0.types,c1_0.weight from cards c1_0 where c1_0.id=?
Hibernate: select c1_0.id,c1_0.colors,c1_0.commander_eligible,c1_0.discoverable,c1_0.forge_name,c1_0.image_url,c1_0.mana_value,c1_0.oracle_id,c1_0.ownership_type,c1_0.rarity,c1_0.set_code,c1_0.spawn_region,c1_0.types,c1_0.weight from cards c1_0 where c1_0.id=?
Hibernate: select c1_0.id,c1_0.colors,c1_0.commander_eligible,c1_0.discoverable,c1_0.forge_name,c1_0.image_url,c1_0.mana_value,c1_0.oracle_id,c1_0.ownership_type,c1_0.rarity,c1_0.set_code,c1_0.spawn_region,c1_0.types,c1_0.weight from cards c1_0 where c1_0.id=?
Hibernate: select c1_0.id,c1_0.colors,c1_0.commander_eligible,c1_0.discoverable,c1_0.forge_name,c1_0.image_url,c1_0.mana_value,c1_0.oracle_id,c1_0.ownership_type,c1_0.rarity,c1_0.set_code,c1_0.spawn_region,c1_0.types,c1_0.weight from cards c1_0 where c1_0.id=?
Hibernate: select c1_0.id,c1_0.colors,c1_0.commander_eligible,c1_0.discoverable,c1_0.forge_name,c1_0.image_url,c1_0.mana_value,c1_0.oracle_id,c1_0.ownership_type,c1_0.rarity,c1_0.set_code,c1_0.spawn_region,c1_0.types,c1_0.weight from cards c1_0 where c1_0.id=?
Hibernate: select c1_0.id,c1_0.colors,c1_0.commander_eligible,c1_0.discoverable,c1_0.forge_name,c1_0.image_url,c1_0.mana_value,c1_0.oracle_id,c1_0.ownership_type,c1_0.rarity,c1_0.set_code,c1_0.spawn_region,c1_0.types,c1_0.weight from cards c1_0 where c1_0.id=?
Hibernate: select c1_0.id,c1_0.colors,c1_0.commander_eligible,c1_0.discoverable,c1_0.forge_name,c1_0.image_url,c1_0.mana_value,c1_0.oracle_id,c1_0.ownership_type,c1_0.rarity,c1_0.set_code,c1_0.spawn_region,c1_0.types,c1_0.weight from cards c1_0 where c1_0.id=?
Hibernate: select c1_0.id,c1_0.colors,c1_0.commander_eligible,c1_0.discoverable,c1_0.forge_name,c1_0.image_url,c1_0.mana_value,c1_0.oracle_id,c1_0.ownership_type,c1_0.rarity,c1_0.set_code,c1_0.spawn_region,c1_0.types,c1_0.weight from cards c1_0 where c1_0.id=?
Hibernate: select c1_0.id,c1_0.colors,c1_0.commander_eligible,c1_0.discoverable,c1_0.forge_name,c1_0.image_url,c1_0.mana_value,c1_0.oracle_id,c1_0.ownership_type,c1_0.rarity,c1_0.set_code,c1_0.spawn_region,c1_0.types,c1_0.weight from cards c1_0 where c1_0.id=?
Hibernate: select c1_0.id,c1_0.colors,c1_0.commander_eligible,c1_0.discoverable,c1_0.forge_name,c1_0.image_url,c1_0.mana_value,c1_0.oracle_id,c1_0.ownership_type,c1_0.rarity,c1_0.set_code,c1_0.spawn_region,c1_0.types,c1_0.weight from cards c1_0 where c1_0.id=?
Hibernate: select c1_0.id,c1_0.colors,c1_0.commander_eligible,c1_0.discoverable,c1_0.forge_name,c1_0.image_url,c1_0.mana_value,c1_0.oracle_id,c1_0.ownership_type,c1_0.rarity,c1_0.set_code,c1_0.spawn_region,c1_0.types,c1_0.weight from cards c1_0 where c1_0.id=?
Hibernate: select c1_0.deck_id,c1_0.id,c1_0.card_id,c1_0.quantity from deck_cards c1_0 where c1_0.deck_id=?
Hibernate: select c1_0.deck_id,c1_0.id,c1_0.card_id,c1_0.quantity from deck_cards c1_0 where c1_0.deck_id=?
Hibernate: select c1_0.id,c1_0.colors,c1_0.commander_eligible,c1_0.discoverable,c1_0.forge_name,c1_0.image_url,c1_0.mana_value,c1_0.oracle_id,c1_0.ownership_type,c1_0.rarity,c1_0.set_code,c1_0.spawn_region,c1_0.types,c1_0.weight from cards c1_0 where c1_0.id=?
Hibernate: select c1_0.deck_id,c1_0.id,c1_0.card_id,c1_0.quantity from deck_cards c1_0 where c1_0.deck_id=?
Hibernate: select p1_0.id,p1_0.avatar,p1_0.created,p1_0.display_name,p1_0.email,p1_0.experience,p1_0.last_login,p1_0.level,p1_0.password_hash,p1_0.role,p1_0.student_id from players p1_0 where p1_0.email=?
Hibernate: select p1_0.id,p1_0.avatar,p1_0.created,p1_0.display_name,p1_0.email,p1_0.experience,p1_0.last_login,p1_0.level,p1_0.password_hash,p1_0.role,p1_0.student_id from players p1_0 where p1_0.email=?
Hibernate: select p1_0.id,p1_0.avatar,p1_0.created,p1_0.display_name,p1_0.email,p1_0.experience,p1_0.last_login,p1_0.level,p1_0.password_hash,p1_0.role,p1_0.student_id from players p1_0 where p1_0.email=?
Hibernate: select p1_0.id,p1_0.avatar,p1_0.created,p1_0.display_name,p1_0.email,p1_0.experience,p1_0.last_login,p1_0.level,p1_0.password_hash,p1_0.role,p1_0.student_id from players p1_0 where p1_0.id=?
Hibernate: select c1_0.id,c1_0.colors,c1_0.commander_eligible,c1_0.discoverable,c1_0.forge_name,c1_0.image_url,c1_0.mana_value,c1_0.oracle_id,c1_0.ownership_type,c1_0.rarity,c1_0.set_code,c1_0.spawn_region,c1_0.types,c1_0.weight from cards c1_0
Hibernate: select c1_0.id,c1_0.colors,c1_0.commander_eligible,c1_0.discoverable,c1_0.forge_name,c1_0.image_url,c1_0.mana_value,c1_0.oracle_id,c1_0.ownership_type,c1_0.rarity,c1_0.set_code,c1_0.spawn_region,c1_0.types,c1_0.weight from cards c1_0
Hibernate: select d1_0.id,d1_0.card_id,d1_0.count,d1_0.last_discovered,d1_0.player_id from discoveries d1_0 where d1_0.player_id=?
Hibernate: select f1_0.id,f1_0.card_id,f1_0.created_at,f1_0.player_id from favorites f1_0 where f1_0.player_id=?
Hibernate: select pu1_0.id,pu1_0.card_id,pu1_0.player_id,pu1_0.unlocked_at from player_unlocks pu1_0 where pu1_0.player_id=?
Hibernate: select pu1_0.id,pu1_0.card_id,pu1_0.player_id,pu1_0.unlocked_at from player_unlocks pu1_0 where pu1_0.player_id=?
Hibernate: select pu1_0.id,pu1_0.card_id,pu1_0.player_id,pu1_0.unlocked_at from player_unlocks pu1_0 where pu1_0.player_id=?
Hibernate: select pu1_0.id,pu1_0.card_id,pu1_0.player_id,pu1_0.unlocked_at from player_unlocks pu1_0 where pu1_0.player_id=?
Hibernate: select pu1_0.id,pu1_0.card_id,pu1_0.player_id,pu1_0.unlocked_at from player_unlocks pu1_0 where pu1_0.player_id=?
Hibernate: select pu1_0.id,pu1_0.card_id,pu1_0.player_id,pu1_0.unlocked_at from player_unlocks pu1_0 where pu1_0.player_id=?
Hibernate: select pu1_0.id,pu1_0.card_id,pu1_0.player_id,pu1_0.unlocked_at from player_unlocks pu1_0 where pu1_0.player_id=?
Hibernate: select uc1_0.physical_uuid,uc1_0.card_id,uc1_0.claimed_at,uc1_0.history,uc1_0.owner_id,uc1_0.serial_number from unique_cards uc1_0 where uc1_0.owner_id=?
Hibernate: select uc1_0.physical_uuid,uc1_0.card_id,uc1_0.claimed_at,uc1_0.history,uc1_0.owner_id,uc1_0.serial_number from unique_cards uc1_0 where uc1_0.owner_id=?
Hibernate: select pu1_0.id,pu1_0.card_id,pu1_0.player_id,pu1_0.unlocked_at from player_unlocks pu1_0 where pu1_0.player_id=?
Hibernate: select uc1_0.physical_uuid,uc1_0.card_id,uc1_0.claimed_at,uc1_0.history,uc1_0.owner_id,uc1_0.serial_number from unique_cards uc1_0 where uc1_0.owner_id=?
Hibernate: select p1_0.id,p1_0.avatar,p1_0.created,p1_0.display_name,p1_0.email,p1_0.experience,p1_0.last_login,p1_0.level,p1_0.password_hash,p1_0.role,p1_0.student_id from players p1_0 where p1_0.email=?
Hibernate: select p1_0.id,p1_0.avatar,p1_0.created,p1_0.display_name,p1_0.email,p1_0.experience,p1_0.last_login,p1_0.level,p1_0.password_hash,p1_0.role,p1_0.student_id from players p1_0 where p1_0.email=?
Hibernate: select p1_0.id,p1_0.avatar,p1_0.created,p1_0.display_name,p1_0.email,p1_0.experience,p1_0.last_login,p1_0.level,p1_0.password_hash,p1_0.role,p1_0.student_id from players p1_0 where p1_0.email=?
Hibernate: select p1_0.id,p1_0.avatar,p1_0.created,p1_0.display_name,p1_0.email,p1_0.experience,p1_0.last_login,p1_0.level,p1_0.password_hash,p1_0.role,p1_0.student_id from players p1_0 where p1_0.email=?
Hibernate: select p1_0.id,p1_0.avatar,p1_0.created,p1_0.display_name,p1_0.email,p1_0.experience,p1_0.last_login,p1_0.level,p1_0.password_hash,p1_0.role,p1_0.student_id from players p1_0 where p1_0.email=?
Hibernate: select p1_0.id,p1_0.avatar,p1_0.created,p1_0.display_name,p1_0.email,p1_0.experience,p1_0.last_login,p1_0.level,p1_0.password_hash,p1_0.role,p1_0.student_id from players p1_0 where p1_0.email=?
Hibernate: select p1_0.id,p1_0.avatar,p1_0.created,p1_0.display_name,p1_0.email,p1_0.experience,p1_0.last_login,p1_0.level,p1_0.password_hash,p1_0.role,p1_0.student_id from players p1_0 where p1_0.email=?
Hibernate: select p1_0.id,p1_0.avatar,p1_0.created,p1_0.display_name,p1_0.email,p1_0.experience,p1_0.last_login,p1_0.level,p1_0.password_hash,p1_0.role,p1_0.student_id from players p1_0 where p1_0.email=?
Hibernate: select p1_0.id,p1_0.avatar,p1_0.created,p1_0.display_name,p1_0.email,p1_0.experience,p1_0.last_login,p1_0.level,p1_0.password_hash,p1_0.role,p1_0.student_id from players p1_0 where p1_0.email=?
Hibernate: select p1_0.id,p1_0.avatar,p1_0.created,p1_0.display_name,p1_0.email,p1_0.experience,p1_0.last_login,p1_0.level,p1_0.password_hash,p1_0.role,p1_0.student_id from players p1_0 where p1_0.email=?
Hibernate: select p1_0.id,p1_0.avatar,p1_0.created,p1_0.display_name,p1_0.email,p1_0.experience,p1_0.last_login,p1_0.level,p1_0.password_hash,p1_0.role,p1_0.student_id from players p1_0 where p1_0.email=?
Hibernate: select p1_0.id,p1_0.avatar,p1_0.created,p1_0.display_name,p1_0.email,p1_0.experience,p1_0.last_login,p1_0.level,p1_0.password_hash,p1_0.role,p1_0.student_id from players p1_0 where p1_0.email=?
Hibernate: select p1_0.id,p1_0.avatar,p1_0.created,p1_0.display_name,p1_0.email,p1_0.experience,p1_0.last_login,p1_0.level,p1_0.password_hash,p1_0.role,p1_0.student_id from players p1_0 where p1_0.email=?
Hibernate: select p1_0.id,p1_0.avatar,p1_0.created,p1_0.display_name,p1_0.email,p1_0.experience,p1_0.last_login,p1_0.level,p1_0.password_hash,p1_0.role,p1_0.student_id from players p1_0 where p1_0.email=?
Hibernate: select p1_0.id,p1_0.avatar,p1_0.created,p1_0.display_name,p1_0.email,p1_0.experience,p1_0.last_login,p1_0.level,p1_0.password_hash,p1_0.role,p1_0.student_id from players p1_0 where p1_0.email=?
Hibernate: select p1_0.id,p1_0.avatar,p1_0.created,p1_0.display_name,p1_0.email,p1_0.experience,p1_0.last_login,p1_0.level,p1_0.password_hash,p1_0.role,p1_0.student_id from players p1_0 where p1_0.email=?
Hibernate: select p1_0.id,p1_0.avatar,p1_0.created,p1_0.display_name,p1_0.email,p1_0.experience,p1_0.last_login,p1_0.level,p1_0.password_hash,p1_0.role,p1_0.student_id from players p1_0 where p1_0.email=?
Hibernate: select p1_0.id,p1_0.avatar,p1_0.created,p1_0.display_name,p1_0.email,p1_0.experience,p1_0.last_login,p1_0.level,p1_0.password_hash,p1_0.role,p1_0.student_id from players p1_0 where p1_0.email=?
Hibernate: select p1_0.id,p1_0.avatar,p1_0.created,p1_0.display_name,p1_0.email,p1_0.experience,p1_0.last_login,p1_0.level,p1_0.password_hash,p1_0.role,p1_0.student_id from players p1_0 where p1_0.email=?
ComputerUtilMana: payManaCost() cost was not paid for Solemn Simulacrum - Creature 2 / 2 (Solemn Simulacrum). Didn't find what to pay for null
[FireBall] AI failed to play Solemn Simulacrum (96) [Stack]
Hibernate: select p1_0.id,p1_0.avatar,p1_0.created,p1_0.display_name,p1_0.email,p1_0.experience,p1_0.last_login,p1_0.level,p1_0.password_hash,p1_0.role,p1_0.student_id from players p1_0 where p1_0.email=?
Hibernate: select p1_0.id,p1_0.avatar,p1_0.created,p1_0.display_name,p1_0.email,p1_0.experience,p1_0.last_login,p1_0.level,p1_0.password_hash,p1_0.role,p1_0.student_id from players p1_0 where p1_0.email=?
Hibernate: select p1_0.id,p1_0.avatar,p1_0.created,p1_0.display_name,p1_0.email,p1_0.experience,p1_0.last_login,p1_0.level,p1_0.password_hash,p1_0.role,p1_0.student_id from players p1_0 where p1_0.email=?
Hibernate: select p1_0.id,p1_0.avatar,p1_0.created,p1_0.display_name,p1_0.email,p1_0.experience,p1_0.last_login,p1_0.level,p1_0.password_hash,p1_0.role,p1_0.student_id from players p1_0 where p1_0.email=?
Hibernate: select p1_0.id,p1_0.avatar,p1_0.created,p1_0.display_name,p1_0.email,p1_0.experience,p1_0.last_login,p1_0.level,p1_0.password_hash,p1_0.role,p1_0.student_id from players p1_0 where p1_0.email=?
Hibernate: select p1_0.id,p1_0.avatar,p1_0.created,p1_0.display_name,p1_0.email,p1_0.experience,p1_0.last_login,p1_0.level,p1_0.password_hash,p1_0.role,p1_0.student_id from players p1_0 where p1_0.email=?
Hibernate: select p1_0.id,p1_0.avatar,p1_0.created,p1_0.display_name,p1_0.email,p1_0.experience,p1_0.last_login,p1_0.level,p1_0.password_hash,p1_0.role,p1_0.student_id from players p1_0 where p1_0.email=?
Hibernate: select p1_0.id,p1_0.avatar,p1_0.created,p1_0.display_name,p1_0.email,p1_0.experience,p1_0.last_login,p1_0.level,p1_0.password_hash,p1_0.role,p1_0.student_id from players p1_0 where p1_0.email=?
Hibernate: select p1_0.id,p1_0.avatar,p1_0.created,p1_0.display_name,p1_0.email,p1_0.experience,p1_0.last_login,p1_0.level,p1_0.password_hash,p1_0.role,p1_0.student_id from players p1_0 where p1_0.email=?
Hibernate: select p1_0.id,p1_0.avatar,p1_0.created,p1_0.display_name,p1_0.email,p1_0.experience,p1_0.last_login,p1_0.level,p1_0.password_hash,p1_0.role,p1_0.student_id from players p1_0 where p1_0.email=?
Hibernate: select p1_0.id,p1_0.avatar,p1_0.created,p1_0.display_name,p1_0.email,p1_0.experience,p1_0.last_login,p1_0.level,p1_0.password_hash,p1_0.role,p1_0.student_id from players p1_0 where p1_0.email=?
Hibernate: select p1_0.id,p1_0.avatar,p1_0.created,p1_0.display_name,p1_0.email,p1_0.experience,p1_0.last_login,p1_0.level,p1_0.password_hash,p1_0.role,p1_0.student_id from players p1_0 where p1_0.email=?
Hibernate: select p1_0.id,p1_0.avatar,p1_0.created,p1_0.display_name,p1_0.email,p1_0.experience,p1_0.last_login,p1_0.level,p1_0.password_hash,p1_0.role,p1_0.student_id from players p1_0 where p1_0.email=?
Hibernate: select p1_0.id,p1_0.avatar,p1_0.created,p1_0.display_name,p1_0.email,p1_0.experience,p1_0.last_login,p1_0.level,p1_0.password_hash,p1_0.role,p1_0.student_id from players p1_0 where p1_0.email=?
Hibernate: select p1_0.id,p1_0.avatar,p1_0.created,p1_0.display_name,p1_0.email,p1_0.experience,p1_0.last_login,p1_0.level,p1_0.password_hash,p1_0.role,p1_0.student_id from players p1_0 where p1_0.email=?
Hibernate: select p1_0.id,p1_0.avatar,p1_0.created,p1_0.display_name,p1_0.email,p1_0.experience,p1_0.last_login,p1_0.level,p1_0.password_hash,p1_0.role,p1_0.student_id from players p1_0 where p1_0.email=?
Hibernate: select p1_0.id,p1_0.avatar,p1_0.created,p1_0.display_name,p1_0.email,p1_0.experience,p1_0.last_login,p1_0.level,p1_0.password_hash,p1_0.role,p1_0.student_id from players p1_0 where p1_0.id=?
Hibernate: select m1_0.id,m1_0.battle_code,m1_0.created_at,m1_0.deck1_id,m1_0.deck2_id,m1_0.ended_at,m1_0.player1_id,m1_0.player2_id,m1_0.status,m1_0.winner_id from matches m1_0 where m1_0.player1_id=? or m1_0.player2_id=?
Hibernate: select d1_0.id,d1_0.commander_card_id,d1_0.created_at,d1_0.format_code,d1_0.name,d1_0.player_id,d1_0.updated_at from decks d1_0 where d1_0.player_id=?
Hibernate: select c1_0.deck_id,c1_0.id,c1_0.card_id,c1_0.quantity from deck_cards c1_0 where c1_0.deck_id=?
Hibernate: select c1_0.id,c1_0.colors,c1_0.commander_eligible,c1_0.discoverable,c1_0.forge_name,c1_0.image_url,c1_0.mana_value,c1_0.oracle_id,c1_0.ownership_type,c1_0.rarity,c1_0.set_code,c1_0.spawn_region,c1_0.types,c1_0.weight from cards c1_0 where c1_0.id=?
Hibernate: select c1_0.id,c1_0.colors,c1_0.commander_eligible,c1_0.discoverable,c1_0.forge_name,c1_0.image_url,c1_0.mana_value,c1_0.oracle_id,c1_0.ownership_type,c1_0.rarity,c1_0.set_code,c1_0.spawn_region,c1_0.types,c1_0.weight from cards c1_0 where c1_0.id=?
Hibernate: select c1_0.id,c1_0.colors,c1_0.commander_eligible,c1_0.discoverable,c1_0.forge_name,c1_0.image_url,c1_0.mana_value,c1_0.oracle_id,c1_0.ownership_type,c1_0.rarity,c1_0.set_code,c1_0.spawn_region,c1_0.types,c1_0.weight from cards c1_0 where c1_0.id=?
Hibernate: select c1_0.id,c1_0.colors,c1_0.commander_eligible,c1_0.discoverable,c1_0.forge_name,c1_0.image_url,c1_0.mana_value,c1_0.oracle_id,c1_0.ownership_type,c1_0.rarity,c1_0.set_code,c1_0.spawn_region,c1_0.types,c1_0.weight from cards c1_0 where c1_0.id=?
Hibernate: select p1_0.id,p1_0.avatar,p1_0.created,p1_0.display_name,p1_0.email,p1_0.experience,p1_0.last_login,p1_0.level,p1_0.password_hash,p1_0.role,p1_0.student_id from players p1_0 where p1_0.email=?
Hibernate: select p1_0.id,p1_0.avatar,p1_0.created,p1_0.display_name,p1_0.email,p1_0.experience,p1_0.last_login,p1_0.level,p1_0.password_hash,p1_0.role,p1_0.student_id from players p1_0 where p1_0.email=?
Hibernate: select p1_0.id,p1_0.avatar,p1_0.created,p1_0.display_name,p1_0.email,p1_0.experience,p1_0.last_login,p1_0.level,p1_0.password_hash,p1_0.role,p1_0.student_id from players p1_0 where p1_0.email=?
Hibernate: select p1_0.id,p1_0.avatar,p1_0.created,p1_0.display_name,p1_0.email,p1_0.experience,p1_0.last_login,p1_0.level,p1_0.password_hash,p1_0.role,p1_0.student_id from players p1_0 where p1_0.id=?
Hibernate: select p1_0.id,p1_0.avatar,p1_0.created,p1_0.display_name,p1_0.email,p1_0.experience,p1_0.last_login,p1_0.level,p1_0.password_hash,p1_0.role,p1_0.student_id from players p1_0 where p1_0.id=?
Hibernate: select c1_0.id,c1_0.colors,c1_0.commander_eligible,c1_0.discoverable,c1_0.forge_name,c1_0.image_url,c1_0.mana_value,c1_0.oracle_id,c1_0.ownership_type,c1_0.rarity,c1_0.set_code,c1_0.spawn_region,c1_0.types,c1_0.weight from cards c1_0
Hibernate: select c1_0.id,c1_0.colors,c1_0.commander_eligible,c1_0.discoverable,c1_0.forge_name,c1_0.image_url,c1_0.mana_value,c1_0.oracle_id,c1_0.ownership_type,c1_0.rarity,c1_0.set_code,c1_0.spawn_region,c1_0.types,c1_0.weight from cards c1_0
Hibernate: select d1_0.id,d1_0.commander_card_id,d1_0.created_at,d1_0.format_code,d1_0.name,d1_0.player_id,d1_0.updated_at from decks d1_0 where d1_0.player_id=?
Hibernate: select d1_0.id,d1_0.card_id,d1_0.count,d1_0.last_discovered,d1_0.player_id from discoveries d1_0 where d1_0.player_id=?
Hibernate: select c1_0.deck_id,c1_0.id,c1_0.card_id,c1_0.quantity from deck_cards c1_0 where c1_0.deck_id=?
Hibernate: select c1_0.id,c1_0.colors,c1_0.commander_eligible,c1_0.discoverable,c1_0.forge_name,c1_0.image_url,c1_0.mana_value,c1_0.oracle_id,c1_0.ownership_type,c1_0.rarity,c1_0.set_code,c1_0.spawn_region,c1_0.types,c1_0.weight from cards c1_0 where c1_0.id=?
Hibernate: select f1_0.id,f1_0.card_id,f1_0.created_at,f1_0.player_id from favorites f1_0 where f1_0.player_id=?
Hibernate: select c1_0.id,c1_0.colors,c1_0.commander_eligible,c1_0.discoverable,c1_0.forge_name,c1_0.image_url,c1_0.mana_value,c1_0.oracle_id,c1_0.ownership_type,c1_0.rarity,c1_0.set_code,c1_0.spawn_region,c1_0.types,c1_0.weight from cards c1_0 where c1_0.id=?
Hibernate: select c1_0.id,c1_0.colors,c1_0.commander_eligible,c1_0.discoverable,c1_0.forge_name,c1_0.image_url,c1_0.mana_value,c1_0.oracle_id,c1_0.ownership_type,c1_0.rarity,c1_0.set_code,c1_0.spawn_region,c1_0.types,c1_0.weight from cards c1_0 where c1_0.id=?
Hibernate: select pu1_0.id,pu1_0.card_id,pu1_0.player_id,pu1_0.unlocked_at from player_unlocks pu1_0 where pu1_0.player_id=?
Hibernate: select c1_0.id,c1_0.colors,c1_0.commander_eligible,c1_0.discoverable,c1_0.forge_name,c1_0.image_url,c1_0.mana_value,c1_0.oracle_id,c1_0.ownership_type,c1_0.rarity,c1_0.set_code,c1_0.spawn_region,c1_0.types,c1_0.weight from cards c1_0 where c1_0.id=?
Hibernate: select pu1_0.id,pu1_0.card_id,pu1_0.player_id,pu1_0.unlocked_at from player_unlocks pu1_0 where pu1_0.player_id=?
Hibernate: select pu1_0.id,pu1_0.card_id,pu1_0.player_id,pu1_0.unlocked_at from player_unlocks pu1_0 where pu1_0.player_id=?
Hibernate: select pu1_0.id,pu1_0.card_id,pu1_0.player_id,pu1_0.unlocked_at from player_unlocks pu1_0 where pu1_0.player_id=?
Hibernate: select pu1_0.id,pu1_0.card_id,pu1_0.player_id,pu1_0.unlocked_at from player_unlocks pu1_0 where pu1_0.player_id=?
Hibernate: select pu1_0.id,pu1_0.card_id,pu1_0.player_id,pu1_0.unlocked_at from player_unlocks pu1_0 where pu1_0.player_id=?
Hibernate: select pu1_0.id,pu1_0.card_id,pu1_0.player_id,pu1_0.unlocked_at from player_unlocks pu1_0 where pu1_0.player_id=?
Hibernate: select uc1_0.physical_uuid,uc1_0.card_id,uc1_0.claimed_at,uc1_0.history,uc1_0.owner_id,uc1_0.serial_number from unique_cards uc1_0 where uc1_0.owner_id=?
Hibernate: select uc1_0.physical_uuid,uc1_0.card_id,uc1_0.claimed_at,uc1_0.history,uc1_0.owner_id,uc1_0.serial_number from unique_cards uc1_0 where uc1_0.owner_id=?
Hibernate: select pu1_0.id,pu1_0.card_id,pu1_0.player_id,pu1_0.unlocked_at from player_unlocks pu1_0 where pu1_0.player_id=?
Hibernate: select uc1_0.physical_uuid,uc1_0.card_id,uc1_0.claimed_at,uc1_0.history,uc1_0.owner_id,uc1_0.serial_number from unique_cards uc1_0 where uc1_0.owner_id=?
Hibernate: select p1_0.id,p1_0.avatar,p1_0.created,p1_0.display_name,p1_0.email,p1_0.experience,p1_0.last_login,p1_0.level,p1_0.password_hash,p1_0.role,p1_0.student_id from players p1_0 where p1_0.email=?
Hibernate: select p1_0.id,p1_0.avatar,p1_0.created,p1_0.display_name,p1_0.email,p1_0.experience,p1_0.last_login,p1_0.level,p1_0.password_hash,p1_0.role,p1_0.student_id from players p1_0 where p1_0.email=?
Hibernate: select p1_0.id,p1_0.avatar,p1_0.created,p1_0.display_name,p1_0.email,p1_0.experience,p1_0.last_login,p1_0.level,p1_0.password_hash,p1_0.role,p1_0.student_id from players p1_0 where p1_0.email=?
Hibernate: select d1_0.id,d1_0.commander_card_id,d1_0.created_at,d1_0.format_code,d1_0.name,d1_0.player_id,d1_0.updated_at from decks d1_0 where d1_0.id=? and d1_0.player_id=?
Hibernate: select c1_0.deck_id,c1_0.id,c1_0.card_id,c1_0.quantity from deck_cards c1_0 where c1_0.deck_id=?
Hibernate: select c1_0.id,c1_0.colors,c1_0.commander_eligible,c1_0.discoverable,c1_0.forge_name,c1_0.image_url,c1_0.mana_value,c1_0.oracle_id,c1_0.ownership_type,c1_0.rarity,c1_0.set_code,c1_0.spawn_region,c1_0.types,c1_0.weight from cards c1_0 where c1_0.id=?
Hibernate: select c1_0.id,c1_0.colors,c1_0.commander_eligible,c1_0.discoverable,c1_0.forge_name,c1_0.image_url,c1_0.mana_value,c1_0.oracle_id,c1_0.ownership_type,c1_0.rarity,c1_0.set_code,c1_0.spawn_region,c1_0.types,c1_0.weight from cards c1_0 where c1_0.id=?
Hibernate: select c1_0.id,c1_0.colors,c1_0.commander_eligible,c1_0.discoverable,c1_0.forge_name,c1_0.image_url,c1_0.mana_value,c1_0.oracle_id,c1_0.ownership_type,c1_0.rarity,c1_0.set_code,c1_0.spawn_region,c1_0.types,c1_0.weight from cards c1_0 where c1_0.id=?
Hibernate: select c1_0.id,c1_0.colors,c1_0.commander_eligible,c1_0.discoverable,c1_0.forge_name,c1_0.image_url,c1_0.mana_value,c1_0.oracle_id,c1_0.ownership_type,c1_0.rarity,c1_0.set_code,c1_0.spawn_region,c1_0.types,c1_0.weight from cards c1_0 where c1_0.id=?
Hibernate: select p1_0.id,p1_0.avatar,p1_0.created,p1_0.display_name,p1_0.email,p1_0.experience,p1_0.last_login,p1_0.level,p1_0.password_hash,p1_0.role,p1_0.student_id from players p1_0 where p1_0.email=?
Hibernate: select p1_0.id,p1_0.avatar,p1_0.created,p1_0.display_name,p1_0.email,p1_0.experience,p1_0.last_login,p1_0.level,p1_0.password_hash,p1_0.role,p1_0.student_id from players p1_0 where p1_0.email=?
Hibernate: select p1_0.id,p1_0.avatar,p1_0.created,p1_0.display_name,p1_0.email,p1_0.experience,p1_0.last_login,p1_0.level,p1_0.password_hash,p1_0.role,p1_0.student_id from players p1_0 where p1_0.email=?
Hibernate: select p1_0.id,p1_0.avatar,p1_0.created,p1_0.display_name,p1_0.email,p1_0.experience,p1_0.last_login,p1_0.level,p1_0.password_hash,p1_0.role,p1_0.student_id from players p1_0 where p1_0.email=?
Hibernate: select p1_0.id,p1_0.avatar,p1_0.created,p1_0.display_name,p1_0.email,p1_0.experience,p1_0.last_login,p1_0.level,p1_0.password_hash,p1_0.role,p1_0.student_id from players p1_0 where p1_0.email=?
Hibernate: select p1_0.id,p1_0.avatar,p1_0.created,p1_0.display_name,p1_0.email,p1_0.experience,p1_0.last_login,p1_0.level,p1_0.password_hash,p1_0.role,p1_0.student_id from players p1_0 where p1_0.email=?
Hibernate: select p1_0.id,p1_0.avatar,p1_0.created,p1_0.display_name,p1_0.email,p1_0.experience,p1_0.last_login,p1_0.level,p1_0.password_hash,p1_0.role,p1_0.student_id from players p1_0 where p1_0.email=?
Hibernate: select p1_0.id,p1_0.avatar,p1_0.created,p1_0.display_name,p1_0.email,p1_0.experience,p1_0.last_login,p1_0.level,p1_0.password_hash,p1_0.role,p1_0.student_id from players p1_0 where p1_0.email=?
Hibernate: select p1_0.id,p1_0.avatar,p1_0.created,p1_0.display_name,p1_0.email,p1_0.experience,p1_0.last_login,p1_0.level,p1_0.password_hash,p1_0.role,p1_0.student_id from players p1_0 where p1_0.email=?
Hibernate: select p1_0.id,p1_0.avatar,p1_0.created,p1_0.display_name,p1_0.email,p1_0.experience,p1_0.last_login,p1_0.level,p1_0.password_hash,p1_0.role,p1_0.student_id from players p1_0 where p1_0.email=?
Hibernate: select p1_0.id,p1_0.avatar,p1_0.created,p1_0.display_name,p1_0.email,p1_0.experience,p1_0.last_login,p1_0.level,p1_0.password_hash,p1_0.role,p1_0.student_id from players p1_0 where p1_0.email=?
Hibernate: select p1_0.id,p1_0.avatar,p1_0.created,p1_0.display_name,p1_0.email,p1_0.experience,p1_0.last_login,p1_0.level,p1_0.password_hash,p1_0.role,p1_0.student_id from players p1_0 where p1_0.email=?
Hibernate: select p1_0.id,p1_0.avatar,p1_0.created,p1_0.display_name,p1_0.email,p1_0.experience,p1_0.last_login,p1_0.level,p1_0.password_hash,p1_0.role,p1_0.student_id from players p1_0 where p1_0.email=?
Hibernate: select p1_0.id,p1_0.avatar,p1_0.created,p1_0.display_name,p1_0.email,p1_0.experience,p1_0.last_login,p1_0.level,p1_0.password_hash,p1_0.role,p1_0.student_id from players p1_0 where p1_0.email=?
Hibernate: select p1_0.id,p1_0.avatar,p1_0.created,p1_0.display_name,p1_0.email,p1_0.experience,p1_0.last_login,p1_0.level,p1_0.password_hash,p1_0.role,p1_0.student_id from players p1_0 where p1_0.email=?
Hibernate: select p1_0.id,p1_0.avatar,p1_0.created,p1_0.display_name,p1_0.email,p1_0.experience,p1_0.last_login,p1_0.level,p1_0.password_hash,p1_0.role,p1_0.student_id from players p1_0 where p1_0.email=?
Hibernate: select p1_0.id,p1_0.avatar,p1_0.created,p1_0.display_name,p1_0.email,p1_0.experience,p1_0.last_login,p1_0.level,p1_0.password_hash,p1_0.role,p1_0.student_id from players p1_0 where p1_0.email=?
Hibernate: select p1_0.id,p1_0.avatar,p1_0.created,p1_0.display_name,p1_0.email,p1_0.experience,p1_0.last_login,p1_0.level,p1_0.password_hash,p1_0.role,p1_0.student_id from players p1_0 where p1_0.email=?
Hibernate: select p1_0.id,p1_0.avatar,p1_0.created,p1_0.display_name,p1_0.email,p1_0.experience,p1_0.last_login,p1_0.level,p1_0.password_hash,p1_0.role,p1_0.student_id from players p1_0 where p1_0.id=?
Hibernate: select p1_0.id,p1_0.avatar,p1_0.created,p1_0.display_name,p1_0.email,p1_0.experience,p1_0.last_login,p1_0.level,p1_0.password_hash,p1_0.role,p1_0.student_id from players p1_0 where p1_0.id=?
Hibernate: select c1_0.id,c1_0.colors,c1_0.commander_eligible,c1_0.discoverable,c1_0.forge_name,c1_0.image_url,c1_0.mana_value,c1_0.oracle_id,c1_0.ownership_type,c1_0.rarity,c1_0.set_code,c1_0.spawn_region,c1_0.types,c1_0.weight from cards c1_0
Hibernate: select c1_0.id,c1_0.colors,c1_0.commander_eligible,c1_0.discoverable,c1_0.forge_name,c1_0.image_url,c1_0.mana_value,c1_0.oracle_id,c1_0.ownership_type,c1_0.rarity,c1_0.set_code,c1_0.spawn_region,c1_0.types,c1_0.weight from cards c1_0
Hibernate: select d1_0.id,d1_0.commander_card_id,d1_0.created_at,d1_0.format_code,d1_0.name,d1_0.player_id,d1_0.updated_at from decks d1_0 where d1_0.player_id=?
Hibernate: select d1_0.id,d1_0.card_id,d1_0.count,d1_0.last_discovered,d1_0.player_id from discoveries d1_0 where d1_0.player_id=?
Hibernate: select c1_0.deck_id,c1_0.id,c1_0.card_id,c1_0.quantity from deck_cards c1_0 where c1_0.deck_id=?
Hibernate: select f1_0.id,f1_0.card_id,f1_0.created_at,f1_0.player_id from favorites f1_0 where f1_0.player_id=?
Hibernate: select c1_0.id,c1_0.colors,c1_0.commander_eligible,c1_0.discoverable,c1_0.forge_name,c1_0.image_url,c1_0.mana_value,c1_0.oracle_id,c1_0.ownership_type,c1_0.rarity,c1_0.set_code,c1_0.spawn_region,c1_0.types,c1_0.weight from cards c1_0 where c1_0.id=?
Hibernate: select c1_0.id,c1_0.colors,c1_0.commander_eligible,c1_0.discoverable,c1_0.forge_name,c1_0.image_url,c1_0.mana_value,c1_0.oracle_id,c1_0.ownership_type,c1_0.rarity,c1_0.set_code,c1_0.spawn_region,c1_0.types,c1_0.weight from cards c1_0 where c1_0.id=?
Hibernate: select pu1_0.id,pu1_0.card_id,pu1_0.player_id,pu1_0.unlocked_at from player_unlocks pu1_0 where pu1_0.player_id=?
Hibernate: select c1_0.id,c1_0.colors,c1_0.commander_eligible,c1_0.discoverable,c1_0.forge_name,c1_0.image_url,c1_0.mana_value,c1_0.oracle_id,c1_0.ownership_type,c1_0.rarity,c1_0.set_code,c1_0.spawn_region,c1_0.types,c1_0.weight from cards c1_0 where c1_0.id=?
Hibernate: select c1_0.id,c1_0.colors,c1_0.commander_eligible,c1_0.discoverable,c1_0.forge_name,c1_0.image_url,c1_0.mana_value,c1_0.oracle_id,c1_0.ownership_type,c1_0.rarity,c1_0.set_code,c1_0.spawn_region,c1_0.types,c1_0.weight from cards c1_0 where c1_0.id=?
Hibernate: select pu1_0.id,pu1_0.card_id,pu1_0.player_id,pu1_0.unlocked_at from player_unlocks pu1_0 where pu1_0.player_id=?
Hibernate: select c1_0.id,c1_0.colors,c1_0.commander_eligible,c1_0.discoverable,c1_0.forge_name,c1_0.image_url,c1_0.mana_value,c1_0.oracle_id,c1_0.ownership_type,c1_0.rarity,c1_0.set_code,c1_0.spawn_region,c1_0.types,c1_0.weight from cards c1_0 where c1_0.id=?
Hibernate: select c1_0.id,c1_0.colors,c1_0.commander_eligible,c1_0.discoverable,c1_0.forge_name,c1_0.image_url,c1_0.mana_value,c1_0.oracle_id,c1_0.ownership_type,c1_0.rarity,c1_0.set_code,c1_0.spawn_region,c1_0.types,c1_0.weight from cards c1_0 where c1_0.id=?
Hibernate: select pu1_0.id,pu1_0.card_id,pu1_0.player_id,pu1_0.unlocked_at from player_unlocks pu1_0 where pu1_0.player_id=?
Hibernate: select c1_0.id,c1_0.colors,c1_0.commander_eligible,c1_0.discoverable,c1_0.forge_name,c1_0.image_url,c1_0.mana_value,c1_0.oracle_id,c1_0.ownership_type,c1_0.rarity,c1_0.set_code,c1_0.spawn_region,c1_0.types,c1_0.weight from cards c1_0 where c1_0.id=?
Hibernate: select c1_0.id,c1_0.colors,c1_0.commander_eligible,c1_0.discoverable,c1_0.forge_name,c1_0.image_url,c1_0.mana_value,c1_0.oracle_id,c1_0.ownership_type,c1_0.rarity,c1_0.set_code,c1_0.spawn_region,c1_0.types,c1_0.weight from cards c1_0 where c1_0.id=?
Hibernate: select pu1_0.id,pu1_0.card_id,pu1_0.player_id,pu1_0.unlocked_at from player_unlocks pu1_0 where pu1_0.player_id=?
Hibernate: select c1_0.id,c1_0.colors,c1_0.commander_eligible,c1_0.discoverable,c1_0.forge_name,c1_0.image_url,c1_0.mana_value,c1_0.oracle_id,c1_0.ownership_type,c1_0.rarity,c1_0.set_code,c1_0.spawn_region,c1_0.types,c1_0.weight from cards c1_0 where c1_0.id=?
Hibernate: select c1_0.id,c1_0.colors,c1_0.commander_eligible,c1_0.discoverable,c1_0.forge_name,c1_0.image_url,c1_0.mana_value,c1_0.oracle_id,c1_0.ownership_type,c1_0.rarity,c1_0.set_code,c1_0.spawn_region,c1_0.types,c1_0.weight from cards c1_0 where c1_0.id=?
Hibernate: select pu1_0.id,pu1_0.card_id,pu1_0.player_id,pu1_0.unlocked_at from player_unlocks pu1_0 where pu1_0.player_id=?
Hibernate: select c1_0.id,c1_0.colors,c1_0.commander_eligible,c1_0.discoverable,c1_0.forge_name,c1_0.image_url,c1_0.mana_value,c1_0.oracle_id,c1_0.ownership_type,c1_0.rarity,c1_0.set_code,c1_0.spawn_region,c1_0.types,c1_0.weight from cards c1_0 where c1_0.id=?
Hibernate: select c1_0.id,c1_0.colors,c1_0.commander_eligible,c1_0.discoverable,c1_0.forge_name,c1_0.image_url,c1_0.mana_value,c1_0.oracle_id,c1_0.ownership_type,c1_0.rarity,c1_0.set_code,c1_0.spawn_region,c1_0.types,c1_0.weight from cards c1_0 where c1_0.id=?
Hibernate: select pu1_0.id,pu1_0.card_id,pu1_0.player_id,pu1_0.unlocked_at from player_unlocks pu1_0 where pu1_0.player_id=?
Hibernate: select c1_0.deck_id,c1_0.id,c1_0.card_id,c1_0.quantity from deck_cards c1_0 where c1_0.deck_id=?
Hibernate: select pu1_0.id,pu1_0.card_id,pu1_0.player_id,pu1_0.unlocked_at from player_unlocks pu1_0 where pu1_0.player_id=?
Hibernate: select c1_0.deck_id,c1_0.id,c1_0.card_id,c1_0.quantity from deck_cards c1_0 where c1_0.deck_id=?
Hibernate: select uc1_0.physical_uuid,uc1_0.card_id,uc1_0.claimed_at,uc1_0.history,uc1_0.owner_id,uc1_0.serial_number from unique_cards uc1_0 where uc1_0.owner_id=?
Hibernate: select c1_0.id,c1_0.colors,c1_0.commander_eligible,c1_0.discoverable,c1_0.forge_name,c1_0.image_url,c1_0.mana_value,c1_0.oracle_id,c1_0.ownership_type,c1_0.rarity,c1_0.set_code,c1_0.spawn_region,c1_0.types,c1_0.weight from cards c1_0 where c1_0.id=?
Hibernate: select c1_0.deck_id,c1_0.id,c1_0.card_id,c1_0.quantity from deck_cards c1_0 where c1_0.deck_id=?
Hibernate: select uc1_0.physical_uuid,uc1_0.card_id,uc1_0.claimed_at,uc1_0.history,uc1_0.owner_id,uc1_0.serial_number from unique_cards uc1_0 where uc1_0.owner_id=?
Hibernate: select pu1_0.id,pu1_0.card_id,pu1_0.player_id,pu1_0.unlocked_at from player_unlocks pu1_0 where pu1_0.player_id=?
Hibernate: select uc1_0.physical_uuid,uc1_0.card_id,uc1_0.claimed_at,uc1_0.history,uc1_0.owner_id,uc1_0.serial_number from unique_cards uc1_0 where uc1_0.owner_id=?
Hibernate: select p1_0.id,p1_0.avatar,p1_0.created,p1_0.display_name,p1_0.email,p1_0.experience,p1_0.last_login,p1_0.level,p1_0.password_hash,p1_0.role,p1_0.student_id from players p1_0 where p1_0.email=?
Hibernate: select p1_0.id,p1_0.avatar,p1_0.created,p1_0.display_name,p1_0.email,p1_0.experience,p1_0.last_login,p1_0.level,p1_0.password_hash,p1_0.role,p1_0.student_id from players p1_0 where p1_0.email=?
Hibernate: select d1_0.id,d1_0.commander_card_id,d1_0.created_at,d1_0.format_code,d1_0.name,d1_0.player_id,d1_0.updated_at from decks d1_0 where d1_0.id=? and d1_0.player_id=?
Hibernate: select c1_0.deck_id,c1_0.id,c1_0.card_id,c1_0.quantity from deck_cards c1_0 where c1_0.deck_id=?
Hibernate: select c1_0.id,c1_0.colors,c1_0.commander_eligible,c1_0.discoverable,c1_0.forge_name,c1_0.image_url,c1_0.mana_value,c1_0.oracle_id,c1_0.ownership_type,c1_0.rarity,c1_0.set_code,c1_0.spawn_region,c1_0.types,c1_0.weight from cards c1_0 where c1_0.id=?
Hibernate: select c1_0.id,c1_0.colors,c1_0.commander_eligible,c1_0.discoverable,c1_0.forge_name,c1_0.image_url,c1_0.mana_value,c1_0.oracle_id,c1_0.ownership_type,c1_0.rarity,c1_0.set_code,c1_0.spawn_region,c1_0.types,c1_0.weight from cards c1_0 where c1_0.id=?
Hibernate: select c1_0.id,c1_0.colors,c1_0.commander_eligible,c1_0.discoverable,c1_0.forge_name,c1_0.image_url,c1_0.mana_value,c1_0.oracle_id,c1_0.ownership_type,c1_0.rarity,c1_0.set_code,c1_0.spawn_region,c1_0.types,c1_0.weight from cards c1_0 where c1_0.id=?
Hibernate: select c1_0.id,c1_0.colors,c1_0.commander_eligible,c1_0.discoverable,c1_0.forge_name,c1_0.image_url,c1_0.mana_value,c1_0.oracle_id,c1_0.ownership_type,c1_0.rarity,c1_0.set_code,c1_0.spawn_region,c1_0.types,c1_0.weight from cards c1_0 where c1_0.id=?
Hibernate: select c1_0.id,c1_0.colors,c1_0.commander_eligible,c1_0.discoverable,c1_0.forge_name,c1_0.image_url,c1_0.mana_value,c1_0.oracle_id,c1_0.ownership_type,c1_0.rarity,c1_0.set_code,c1_0.spawn_region,c1_0.types,c1_0.weight from cards c1_0 where c1_0.id=?
Hibernate: select c1_0.id,c1_0.colors,c1_0.commander_eligible,c1_0.discoverable,c1_0.forge_name,c1_0.image_url,c1_0.mana_value,c1_0.oracle_id,c1_0.ownership_type,c1_0.rarity,c1_0.set_code,c1_0.spawn_region,c1_0.types,c1_0.weight from cards c1_0 where c1_0.id=?
Hibernate: select c1_0.id,c1_0.colors,c1_0.commander_eligible,c1_0.discoverable,c1_0.forge_name,c1_0.image_url,c1_0.mana_value,c1_0.oracle_id,c1_0.ownership_type,c1_0.rarity,c1_0.set_code,c1_0.spawn_region,c1_0.types,c1_0.weight from cards c1_0 where c1_0.id=?
Hibernate: select c1_0.id,c1_0.colors,c1_0.commander_eligible,c1_0.discoverable,c1_0.forge_name,c1_0.image_url,c1_0.mana_value,c1_0.oracle_id,c1_0.ownership_type,c1_0.rarity,c1_0.set_code,c1_0.spawn_region,c1_0.types,c1_0.weight from cards c1_0 where c1_0.id=?
Hibernate: select c1_0.id,c1_0.colors,c1_0.commander_eligible,c1_0.discoverable,c1_0.forge_name,c1_0.image_url,c1_0.mana_value,c1_0.oracle_id,c1_0.ownership_type,c1_0.rarity,c1_0.set_code,c1_0.spawn_region,c1_0.types,c1_0.weight from cards c1_0 where c1_0.id=?
Hibernate: select c1_0.id,c1_0.colors,c1_0.commander_eligible,c1_0.discoverable,c1_0.forge_name,c1_0.image_url,c1_0.mana_value,c1_0.oracle_id,c1_0.ownership_type,c1_0.rarity,c1_0.set_code,c1_0.spawn_region,c1_0.types,c1_0.weight from cards c1_0 where c1_0.id=?
Hibernate: select c1_0.id,c1_0.colors,c1_0.commander_eligible,c1_0.discoverable,c1_0.forge_name,c1_0.image_url,c1_0.mana_value,c1_0.oracle_id,c1_0.ownership_type,c1_0.rarity,c1_0.set_code,c1_0.spawn_region,c1_0.types,c1_0.weight from cards c1_0 where c1_0.id=?
Hibernate: select c1_0.id,c1_0.colors,c1_0.commander_eligible,c1_0.discoverable,c1_0.forge_name,c1_0.image_url,c1_0.mana_value,c1_0.oracle_id,c1_0.ownership_type,c1_0.rarity,c1_0.set_code,c1_0.spawn_region,c1_0.types,c1_0.weight from cards c1_0 where c1_0.id=?
Hibernate: select p1_0.id,p1_0.avatar,p1_0.created,p1_0.display_name,p1_0.email,p1_0.experience,p1_0.last_login,p1_0.level,p1_0.password_hash,p1_0.role,p1_0.student_id from players p1_0 where p1_0.email=?
Hibernate: select d1_0.id,d1_0.commander_card_id,d1_0.created_at,d1_0.format_code,d1_0.name,d1_0.player_id,d1_0.updated_at from decks d1_0 where d1_0.id=? and d1_0.player_id=?
Hibernate: select c1_0.deck_id,c1_0.id,c1_0.card_id,c1_0.quantity from deck_cards c1_0 where c1_0.deck_id=?
Hibernate: select c1_0.id,c1_0.colors,c1_0.commander_eligible,c1_0.discoverable,c1_0.forge_name,c1_0.image_url,c1_0.mana_value,c1_0.oracle_id,c1_0.ownership_type,c1_0.rarity,c1_0.set_code,c1_0.spawn_region,c1_0.types,c1_0.weight from cards c1_0 where c1_0.id=?
Hibernate: select p1_0.id,p1_0.avatar,p1_0.created,p1_0.display_name,p1_0.email,p1_0.experience,p1_0.last_login,p1_0.level,p1_0.password_hash,p1_0.role,p1_0.student_id from players p1_0 where p1_0.email=?
Hibernate: select p1_0.id,p1_0.avatar,p1_0.created,p1_0.display_name,p1_0.email,p1_0.experience,p1_0.last_login,p1_0.level,p1_0.password_hash,p1_0.role,p1_0.student_id from players p1_0 where p1_0.email=?
Hibernate: select d1_0.id,d1_0.commander_card_id,d1_0.created_at,d1_0.format_code,d1_0.name,d1_0.player_id,d1_0.updated_at from decks d1_0 where d1_0.id=? and d1_0.player_id=?
Hibernate: select c1_0.deck_id,c1_0.id,c1_0.card_id,c1_0.quantity from deck_cards c1_0 where c1_0.deck_id=?
Hibernate: select c1_0.id,c1_0.colors,c1_0.commander_eligible,c1_0.discoverable,c1_0.forge_name,c1_0.image_url,c1_0.mana_value,c1_0.oracle_id,c1_0.ownership_type,c1_0.rarity,c1_0.set_code,c1_0.spawn_region,c1_0.types,c1_0.weight from cards c1_0 where c1_0.id=?
Hibernate: select c1_0.id,c1_0.colors,c1_0.commander_eligible,c1_0.discoverable,c1_0.forge_name,c1_0.image_url,c1_0.mana_value,c1_0.oracle_id,c1_0.ownership_type,c1_0.rarity,c1_0.set_code,c1_0.spawn_region,c1_0.types,c1_0.weight from cards c1_0 where c1_0.id=?
Hibernate: select c1_0.id,c1_0.colors,c1_0.commander_eligible,c1_0.discoverable,c1_0.forge_name,c1_0.image_url,c1_0.mana_value,c1_0.oracle_id,c1_0.ownership_type,c1_0.rarity,c1_0.set_code,c1_0.spawn_region,c1_0.types,c1_0.weight from cards c1_0 where c1_0.id=?
Hibernate: select c1_0.id,c1_0.colors,c1_0.commander_eligible,c1_0.discoverable,c1_0.forge_name,c1_0.image_url,c1_0.mana_value,c1_0.oracle_id,c1_0.ownership_type,c1_0.rarity,c1_0.set_code,c1_0.spawn_region,c1_0.types,c1_0.weight from cards c1_0 where c1_0.id=?
Hibernate: select c1_0.id,c1_0.colors,c1_0.commander_eligible,c1_0.discoverable,c1_0.forge_name,c1_0.image_url,c1_0.mana_value,c1_0.oracle_id,c1_0.ownership_type,c1_0.rarity,c1_0.set_code,c1_0.spawn_region,c1_0.types,c1_0.weight from cards c1_0 where c1_0.id=?
Hibernate: select c1_0.id,c1_0.colors,c1_0.commander_eligible,c1_0.discoverable,c1_0.forge_name,c1_0.image_url,c1_0.mana_value,c1_0.oracle_id,c1_0.ownership_type,c1_0.rarity,c1_0.set_code,c1_0.spawn_region,c1_0.types,c1_0.weight from cards c1_0 where c1_0.id=?
Hibernate: select c1_0.id,c1_0.colors,c1_0.commander_eligible,c1_0.discoverable,c1_0.forge_name,c1_0.image_url,c1_0.mana_value,c1_0.oracle_id,c1_0.ownership_type,c1_0.rarity,c1_0.set_code,c1_0.spawn_region,c1_0.types,c1_0.weight from cards c1_0 where c1_0.id=?
Hibernate: select c1_0.id,c1_0.colors,c1_0.commander_eligible,c1_0.discoverable,c1_0.forge_name,c1_0.image_url,c1_0.mana_value,c1_0.oracle_id,c1_0.ownership_type,c1_0.rarity,c1_0.set_code,c1_0.spawn_region,c1_0.types,c1_0.weight from cards c1_0 where c1_0.id=?
Hibernate: select c1_0.id,c1_0.colors,c1_0.commander_eligible,c1_0.discoverable,c1_0.forge_name,c1_0.image_url,c1_0.mana_value,c1_0.oracle_id,c1_0.ownership_type,c1_0.rarity,c1_0.set_code,c1_0.spawn_region,c1_0.types,c1_0.weight from cards c1_0 where c1_0.id=?
Hibernate: select c1_0.id,c1_0.colors,c1_0.commander_eligible,c1_0.discoverable,c1_0.forge_name,c1_0.image_url,c1_0.mana_value,c1_0.oracle_id,c1_0.ownership_type,c1_0.rarity,c1_0.set_code,c1_0.spawn_region,c1_0.types,c1_0.weight from cards c1_0 where c1_0.id=?
Hibernate: select c1_0.id,c1_0.colors,c1_0.commander_eligible,c1_0.discoverable,c1_0.forge_name,c1_0.image_url,c1_0.mana_value,c1_0.oracle_id,c1_0.ownership_type,c1_0.rarity,c1_0.set_code,c1_0.spawn_region,c1_0.types,c1_0.weight from cards c1_0 where c1_0.id=?
Hibernate: select c1_0.id,c1_0.colors,c1_0.commander_eligible,c1_0.discoverable,c1_0.forge_name,c1_0.image_url,c1_0.mana_value,c1_0.oracle_id,c1_0.ownership_type,c1_0.rarity,c1_0.set_code,c1_0.spawn_region,c1_0.types,c1_0.weight from cards c1_0 where c1_0.id=?
Hibernate: select c1_0.id,c1_0.colors,c1_0.commander_eligible,c1_0.discoverable,c1_0.forge_name,c1_0.image_url,c1_0.mana_value,c1_0.oracle_id,c1_0.ownership_type,c1_0.rarity,c1_0.set_code,c1_0.spawn_region,c1_0.types,c1_0.weight from cards c1_0 where c1_0.id=?
Hibernate: select p1_0.id,p1_0.avatar,p1_0.created,p1_0.display_name,p1_0.email,p1_0.experience,p1_0.last_login,p1_0.level,p1_0.password_hash,p1_0.role,p1_0.student_id from players p1_0 where p1_0.email=?
Hibernate: select p1_0.id,p1_0.avatar,p1_0.created,p1_0.display_name,p1_0.email,p1_0.experience,p1_0.last_login,p1_0.level,p1_0.password_hash,p1_0.role,p1_0.student_id from players p1_0 where p1_0.email=?
Hibernate: select d1_0.id,d1_0.commander_card_id,d1_0.created_at,d1_0.format_code,d1_0.name,d1_0.player_id,d1_0.updated_at from decks d1_0 where d1_0.id=? and d1_0.player_id=?
Hibernate: select c1_0.deck_id,c1_0.id,c1_0.card_id,c1_0.quantity from deck_cards c1_0 where c1_0.deck_id=?
Hibernate: select c1_0.id,c1_0.colors,c1_0.commander_eligible,c1_0.discoverable,c1_0.forge_name,c1_0.image_url,c1_0.mana_value,c1_0.oracle_id,c1_0.ownership_type,c1_0.rarity,c1_0.set_code,c1_0.spawn_region,c1_0.types,c1_0.weight from cards c1_0 where c1_0.id=?
Hibernate: select c1_0.id,c1_0.colors,c1_0.commander_eligible,c1_0.discoverable,c1_0.forge_name,c1_0.image_url,c1_0.mana_value,c1_0.oracle_id,c1_0.ownership_type,c1_0.rarity,c1_0.set_code,c1_0.spawn_region,c1_0.types,c1_0.weight from cards c1_0 where c1_0.id=?
Hibernate: select c1_0.id,c1_0.colors,c1_0.commander_eligible,c1_0.discoverable,c1_0.forge_name,c1_0.image_url,c1_0.mana_value,c1_0.oracle_id,c1_0.ownership_type,c1_0.rarity,c1_0.set_code,c1_0.spawn_region,c1_0.types,c1_0.weight from cards c1_0 where c1_0.id=?
Hibernate: select c1_0.id,c1_0.colors,c1_0.commander_eligible,c1_0.discoverable,c1_0.forge_name,c1_0.image_url,c1_0.mana_value,c1_0.oracle_id,c1_0.ownership_type,c1_0.rarity,c1_0.set_code,c1_0.spawn_region,c1_0.types,c1_0.weight from cards c1_0 where c1_0.id=?
Hibernate: select c1_0.id,c1_0.colors,c1_0.commander_eligible,c1_0.discoverable,c1_0.forge_name,c1_0.image_url,c1_0.mana_value,c1_0.oracle_id,c1_0.ownership_type,c1_0.rarity,c1_0.set_code,c1_0.spawn_region,c1_0.types,c1_0.weight from cards c1_0 where c1_0.id=?
Hibernate: select p1_0.id,p1_0.avatar,p1_0.created,p1_0.display_name,p1_0.email,p1_0.experience,p1_0.last_login,p1_0.level,p1_0.password_hash,p1_0.role,p1_0.student_id from players p1_0 where p1_0.email=?
Hibernate: select p1_0.id,p1_0.avatar,p1_0.created,p1_0.display_name,p1_0.email,p1_0.experience,p1_0.last_login,p1_0.level,p1_0.password_hash,p1_0.role,p1_0.student_id from players p1_0 where p1_0.email=?
Hibernate: select p1_0.id,p1_0.avatar,p1_0.created,p1_0.display_name,p1_0.email,p1_0.experience,p1_0.last_login,p1_0.level,p1_0.password_hash,p1_0.role,p1_0.student_id from players p1_0 where p1_0.email=?
Hibernate: select p1_0.id,p1_0.avatar,p1_0.created,p1_0.display_name,p1_0.email,p1_0.experience,p1_0.last_login,p1_0.level,p1_0.password_hash,p1_0.role,p1_0.student_id from players p1_0 where p1_0.email=?
Hibernate: select p1_0.id,p1_0.avatar,p1_0.created,p1_0.display_name,p1_0.email,p1_0.experience,p1_0.last_login,p1_0.level,p1_0.password_hash,p1_0.role,p1_0.student_id from players p1_0 where p1_0.email=?
Hibernate: select p1_0.id,p1_0.avatar,p1_0.created,p1_0.display_name,p1_0.email,p1_0.experience,p1_0.last_login,p1_0.level,p1_0.password_hash,p1_0.role,p1_0.student_id from players p1_0 where p1_0.email=?
Hibernate: select p1_0.id,p1_0.avatar,p1_0.created,p1_0.display_name,p1_0.email,p1_0.experience,p1_0.last_login,p1_0.level,p1_0.password_hash,p1_0.role,p1_0.student_id from players p1_0 where p1_0.email=?
Hibernate: select p1_0.id,p1_0.avatar,p1_0.created,p1_0.display_name,p1_0.email,p1_0.experience,p1_0.last_login,p1_0.level,p1_0.password_hash,p1_0.role,p1_0.student_id from players p1_0 where p1_0.email=?
Hibernate: select p1_0.id,p1_0.avatar,p1_0.created,p1_0.display_name,p1_0.email,p1_0.experience,p1_0.last_login,p1_0.level,p1_0.password_hash,p1_0.role,p1_0.student_id from players p1_0 where p1_0.email=?
Hibernate: select p1_0.id,p1_0.avatar,p1_0.created,p1_0.display_name,p1_0.email,p1_0.experience,p1_0.last_login,p1_0.level,p1_0.password_hash,p1_0.role,p1_0.student_id from players p1_0 where p1_0.email=?
Hibernate: select p1_0.id,p1_0.avatar,p1_0.created,p1_0.display_name,p1_0.email,p1_0.experience,p1_0.last_login,p1_0.level,p1_0.password_hash,p1_0.role,p1_0.student_id from players p1_0 where p1_0.email=?
Hibernate: select p1_0.id,p1_0.avatar,p1_0.created,p1_0.display_name,p1_0.email,p1_0.experience,p1_0.last_login,p1_0.level,p1_0.password_hash,p1_0.role,p1_0.student_id from players p1_0 where p1_0.email=?
Hibernate: select p1_0.id,p1_0.avatar,p1_0.created,p1_0.display_name,p1_0.email,p1_0.experience,p1_0.last_login,p1_0.level,p1_0.password_hash,p1_0.role,p1_0.student_id from players p1_0 where p1_0.email=?
Hibernate: select p1_0.id,p1_0.avatar,p1_0.created,p1_0.display_name,p1_0.email,p1_0.experience,p1_0.last_login,p1_0.level,p1_0.password_hash,p1_0.role,p1_0.student_id from players p1_0 where p1_0.email=?
Hibernate: select p1_0.id,p1_0.avatar,p1_0.created,p1_0.display_name,p1_0.email,p1_0.experience,p1_0.last_login,p1_0.level,p1_0.password_hash,p1_0.role,p1_0.student_id from players p1_0 where p1_0.email=?
Hibernate: select p1_0.id,p1_0.avatar,p1_0.created,p1_0.display_name,p1_0.email,p1_0.experience,p1_0.last_login,p1_0.level,p1_0.password_hash,p1_0.role,p1_0.student_id from players p1_0 where p1_0.email=?
Hibernate: select p1_0.id,p1_0.avatar,p1_0.created,p1_0.display_name,p1_0.email,p1_0.experience,p1_0.last_login,p1_0.level,p1_0.password_hash,p1_0.role,p1_0.student_id from players p1_0 where p1_0.email=?
Hibernate: select p1_0.id,p1_0.avatar,p1_0.created,p1_0.display_name,p1_0.email,p1_0.experience,p1_0.last_login,p1_0.level,p1_0.password_hash,p1_0.role,p1_0.student_id from players p1_0 where p1_0.email=?
Hibernate: select p1_0.id,p1_0.avatar,p1_0.created,p1_0.display_name,p1_0.email,p1_0.experience,p1_0.last_login,p1_0.level,p1_0.password_hash,p1_0.role,p1_0.student_id from players p1_0 where p1_0.email=?
Hibernate: select p1_0.id,p1_0.avatar,p1_0.created,p1_0.display_name,p1_0.email,p1_0.experience,p1_0.last_login,p1_0.level,p1_0.password_hash,p1_0.role,p1_0.student_id from players p1_0 where p1_0.email=?
Hibernate: select p1_0.id,p1_0.avatar,p1_0.created,p1_0.display_name,p1_0.email,p1_0.experience,p1_0.last_login,p1_0.level,p1_0.password_hash,p1_0.role,p1_0.student_id from players p1_0 where p1_0.email=?
Hibernate: select p1_0.id,p1_0.avatar,p1_0.created,p1_0.display_name,p1_0.email,p1_0.experience,p1_0.last_login,p1_0.level,p1_0.password_hash,p1_0.role,p1_0.student_id from players p1_0 where p1_0.email=?
Hibernate: select p1_0.id,p1_0.avatar,p1_0.created,p1_0.display_name,p1_0.email,p1_0.experience,p1_0.last_login,p1_0.level,p1_0.password_hash,p1_0.role,p1_0.student_id from players p1_0 where p1_0.email=?
Hibernate: select p1_0.id,p1_0.avatar,p1_0.created,p1_0.display_name,p1_0.email,p1_0.experience,p1_0.last_login,p1_0.level,p1_0.password_hash,p1_0.role,p1_0.student_id from players p1_0 where p1_0.email=?
Hibernate: select p1_0.id,p1_0.avatar,p1_0.created,p1_0.display_name,p1_0.email,p1_0.experience,p1_0.last_login,p1_0.level,p1_0.password_hash,p1_0.role,p1_0.student_id from players p1_0 where p1_0.email=?
Hibernate: select p1_0.id,p1_0.avatar,p1_0.created,p1_0.display_name,p1_0.email,p1_0.experience,p1_0.last_login,p1_0.level,p1_0.password_hash,p1_0.role,p1_0.student_id from players p1_0 where p1_0.email=?
Hibernate: select p1_0.id,p1_0.avatar,p1_0.created,p1_0.display_name,p1_0.email,p1_0.experience,p1_0.last_login,p1_0.level,p1_0.password_hash,p1_0.role,p1_0.student_id from players p1_0 where p1_0.email=?
Hibernate: select p1_0.id,p1_0.avatar,p1_0.created,p1_0.display_name,p1_0.email,p1_0.experience,p1_0.last_login,p1_0.level,p1_0.password_hash,p1_0.role,p1_0.student_id from players p1_0 where p1_0.email=?
Hibernate: select p1_0.id,p1_0.avatar,p1_0.created,p1_0.display_name,p1_0.email,p1_0.experience,p1_0.last_login,p1_0.level,p1_0.password_hash,p1_0.role,p1_0.student_id from players p1_0 where p1_0.email=?
Hibernate: select p1_0.id,p1_0.avatar,p1_0.created,p1_0.display_name,p1_0.email,p1_0.experience,p1_0.last_login,p1_0.level,p1_0.password_hash,p1_0.role,p1_0.student_id from players p1_0 where p1_0.email=?
ComputerUtilMana: payManaCost() cost was not paid for Target creature gets +3/+3 until end of turn. (Giant Growth). Didn't find what to pay for null
[FireBall] AI failed to play Giant Growth (110) [Stack]
Hibernate: select p1_0.id,p1_0.avatar,p1_0.created,p1_0.display_name,p1_0.email,p1_0.experience,p1_0.last_login,p1_0.level,p1_0.password_hash,p1_0.role,p1_0.student_id from players p1_0 where p1_0.email=?
Hibernate: select p1_0.id,p1_0.avatar,p1_0.created,p1_0.display_name,p1_0.email,p1_0.experience,p1_0.last_login,p1_0.level,p1_0.password_hash,p1_0.role,p1_0.student_id from players p1_0 where p1_0.email=?
Hibernate: select p1_0.id,p1_0.avatar,p1_0.created,p1_0.display_name,p1_0.email,p1_0.experience,p1_0.last_login,p1_0.level,p1_0.password_hash,p1_0.role,p1_0.student_id from players p1_0 where p1_0.email=?
Hibernate: select p1_0.id,p1_0.avatar,p1_0.created,p1_0.display_name,p1_0.email,p1_0.experience,p1_0.last_login,p1_0.level,p1_0.password_hash,p1_0.role,p1_0.student_id from players p1_0 where p1_0.email=?
Hibernate: select p1_0.id,p1_0.avatar,p1_0.created,p1_0.display_name,p1_0.email,p1_0.experience,p1_0.last_login,p1_0.level,p1_0.password_hash,p1_0.role,p1_0.student_id from players p1_0 where p1_0.email=?
ComputerUtilMana: payManaCost() cost was not paid for Counter target spell. (Counterspell). Didn't find what to pay for null
[FireBall] AI failed to play Counterspell (128) [Stack]
Hibernate: select p1_0.id,p1_0.avatar,p1_0.created,p1_0.display_name,p1_0.email,p1_0.experience,p1_0.last_login,p1_0.level,p1_0.password_hash,p1_0.role,p1_0.student_id from players p1_0 where p1_0.email=?
Hibernate: select p1_0.id,p1_0.avatar,p1_0.created,p1_0.display_name,p1_0.email,p1_0.experience,p1_0.last_login,p1_0.level,p1_0.password_hash,p1_0.role,p1_0.student_id from players p1_0 where p1_0.email=?
Hibernate: select p1_0.id,p1_0.avatar,p1_0.created,p1_0.display_name,p1_0.email,p1_0.experience,p1_0.last_login,p1_0.level,p1_0.password_hash,p1_0.role,p1_0.student_id from players p1_0 where p1_0.email=?
Hibernate: select p1_0.id,p1_0.avatar,p1_0.created,p1_0.display_name,p1_0.email,p1_0.experience,p1_0.last_login,p1_0.level,p1_0.password_hash,p1_0.role,p1_0.student_id from players p1_0 where p1_0.email=?
Hibernate: select p1_0.id,p1_0.avatar,p1_0.created,p1_0.display_name,p1_0.email,p1_0.experience,p1_0.last_login,p1_0.level,p1_0.password_hash,p1_0.role,p1_0.student_id from players p1_0 where p1_0.email=?
Hibernate: select p1_0.id,p1_0.avatar,p1_0.created,p1_0.display_name,p1_0.email,p1_0.experience,p1_0.last_login,p1_0.level,p1_0.password_hash,p1_0.role,p1_0.student_id from players p1_0 where p1_0.email=?
Hibernate: select p1_0.id,p1_0.avatar,p1_0.created,p1_0.display_name,p1_0.email,p1_0.experience,p1_0.last_login,p1_0.level,p1_0.password_hash,p1_0.role,p1_0.student_id from players p1_0 where p1_0.email=?
Hibernate: select p1_0.id,p1_0.avatar,p1_0.created,p1_0.display_name,p1_0.email,p1_0.experience,p1_0.last_login,p1_0.level,p1_0.password_hash,p1_0.role,p1_0.student_id from players p1_0 where p1_0.email=?
Hibernate: select p1_0.id,p1_0.avatar,p1_0.created,p1_0.display_name,p1_0.email,p1_0.experience,p1_0.last_login,p1_0.level,p1_0.password_hash,p1_0.role,p1_0.student_id from players p1_0 where p1_0.email=?
Hibernate: select p1_0.id,p1_0.avatar,p1_0.created,p1_0.display_name,p1_0.email,p1_0.experience,p1_0.last_login,p1_0.level,p1_0.password_hash,p1_0.role,p1_0.student_id from players p1_0 where p1_0.email=?
Hibernate: select p1_0.id,p1_0.avatar,p1_0.created,p1_0.display_name,p1_0.email,p1_0.experience,p1_0.last_login,p1_0.level,p1_0.password_hash,p1_0.role,p1_0.student_id from players p1_0 where p1_0.email=?
Hibernate: select p1_0.id,p1_0.avatar,p1_0.created,p1_0.display_name,p1_0.email,p1_0.experience,p1_0.last_login,p1_0.level,p1_0.password_hash,p1_0.role,p1_0.student_id from players p1_0 where p1_0.email=?
Hibernate: select p1_0.id,p1_0.avatar,p1_0.created,p1_0.display_name,p1_0.email,p1_0.experience,p1_0.last_login,p1_0.level,p1_0.password_hash,p1_0.role,p1_0.student_id from players p1_0 where p1_0.email=?
Hibernate: select p1_0.id,p1_0.avatar,p1_0.created,p1_0.display_name,p1_0.email,p1_0.experience,p1_0.last_login,p1_0.level,p1_0.password_hash,p1_0.role,p1_0.student_id from players p1_0 where p1_0.email=?
Hibernate: select p1_0.id,p1_0.avatar,p1_0.created,p1_0.display_name,p1_0.email,p1_0.experience,p1_0.last_login,p1_0.level,p1_0.password_hash,p1_0.role,p1_0.student_id from players p1_0 where p1_0.email=?
Hibernate: select p1_0.id,p1_0.avatar,p1_0.created,p1_0.display_name,p1_0.email,p1_0.experience,p1_0.last_login,p1_0.level,p1_0.password_hash,p1_0.role,p1_0.student_id from players p1_0 where p1_0.email=?
ComputerUtilMana: payManaCost() cost was not paid for Counter target spell. (Cancel). Didn't find what to pay for null
[FireBall] AI failed to play Cancel (126) [Stack]
Hibernate: select p1_0.id,p1_0.avatar,p1_0.created,p1_0.display_name,p1_0.email,p1_0.experience,p1_0.last_login,p1_0.level,p1_0.password_hash,p1_0.role,p1_0.student_id from players p1_0 where p1_0.email=?
Hibernate: select p1_0.id,p1_0.avatar,p1_0.created,p1_0.display_name,p1_0.email,p1_0.experience,p1_0.last_login,p1_0.level,p1_0.password_hash,p1_0.role,p1_0.student_id from players p1_0 where p1_0.email=?
Hibernate: select p1_0.id,p1_0.avatar,p1_0.created,p1_0.display_name,p1_0.email,p1_0.experience,p1_0.last_login,p1_0.level,p1_0.password_hash,p1_0.role,p1_0.student_id from players p1_0 where p1_0.email=?
Hibernate: select p1_0.id,p1_0.avatar,p1_0.created,p1_0.display_name,p1_0.email,p1_0.experience,p1_0.last_login,p1_0.level,p1_0.password_hash,p1_0.role,p1_0.student_id from players p1_0 where p1_0.email=?
ComputerUtilMana: payManaCost() cost was not paid for Shock deals 2 damage to any target. (Shock). Didn't find what to pay for null
[FireBall] AI failed to play Shock (127) [Stack]
Hibernate: select p1_0.id,p1_0.avatar,p1_0.created,p1_0.display_name,p1_0.email,p1_0.experience,p1_0.last_login,p1_0.level,p1_0.password_hash,p1_0.role,p1_0.student_id from players p1_0 where p1_0.email=?
Hibernate: select p1_0.id,p1_0.avatar,p1_0.created,p1_0.display_name,p1_0.email,p1_0.experience,p1_0.last_login,p1_0.level,p1_0.password_hash,p1_0.role,p1_0.student_id from players p1_0 where p1_0.email=?
Hibernate: select p1_0.id,p1_0.avatar,p1_0.created,p1_0.display_name,p1_0.email,p1_0.experience,p1_0.last_login,p1_0.level,p1_0.password_hash,p1_0.role,p1_0.student_id from players p1_0 where p1_0.email=?
Hibernate: select p1_0.id,p1_0.avatar,p1_0.created,p1_0.display_name,p1_0.email,p1_0.experience,p1_0.last_login,p1_0.level,p1_0.password_hash,p1_0.role,p1_0.student_id from players p1_0 where p1_0.email=?
Hibernate: select p1_0.id,p1_0.avatar,p1_0.created,p1_0.display_name,p1_0.email,p1_0.experience,p1_0.last_login,p1_0.level,p1_0.password_hash,p1_0.role,p1_0.student_id from players p1_0 where p1_0.email=?
Hibernate: select p1_0.id,p1_0.avatar,p1_0.created,p1_0.display_name,p1_0.email,p1_0.experience,p1_0.last_login,p1_0.level,p1_0.password_hash,p1_0.role,p1_0.student_id from players p1_0 where p1_0.email=?
Hibernate: select p1_0.id,p1_0.avatar,p1_0.created,p1_0.display_name,p1_0.email,p1_0.experience,p1_0.last_login,p1_0.level,p1_0.password_hash,p1_0.role,p1_0.student_id from players p1_0 where p1_0.email=?
Hibernate: select p1_0.id,p1_0.avatar,p1_0.created,p1_0.display_name,p1_0.email,p1_0.experience,p1_0.last_login,p1_0.level,p1_0.password_hash,p1_0.role,p1_0.student_id from players p1_0 where p1_0.email=?
Hibernate: select p1_0.id,p1_0.avatar,p1_0.created,p1_0.display_name,p1_0.email,p1_0.experience,p1_0.last_login,p1_0.level,p1_0.password_hash,p1_0.role,p1_0.student_id from players p1_0 where p1_0.email=?
ComputerUtilMana: payManaCost() cost was not paid for Destroy target nonblack creature. (Doom Blade). Didn't find what to pay for null
[FireBall] AI failed to play Doom Blade (68) [Stack]
Hibernate: select p1_0.id,p1_0.avatar,p1_0.created,p1_0.display_name,p1_0.email,p1_0.experience,p1_0.last_login,p1_0.level,p1_0.password_hash,p1_0.role,p1_0.student_id from players p1_0 where p1_0.email=?
Hibernate: select p1_0.id,p1_0.avatar,p1_0.created,p1_0.display_name,p1_0.email,p1_0.experience,p1_0.last_login,p1_0.level,p1_0.password_hash,p1_0.role,p1_0.student_id from players p1_0 where p1_0.email=?
Hibernate: select p1_0.id,p1_0.avatar,p1_0.created,p1_0.display_name,p1_0.email,p1_0.experience,p1_0.last_login,p1_0.level,p1_0.password_hash,p1_0.role,p1_0.student_id from players p1_0 where p1_0.email=?
Hibernate: select p1_0.id,p1_0.avatar,p1_0.created,p1_0.display_name,p1_0.email,p1_0.experience,p1_0.last_login,p1_0.level,p1_0.password_hash,p1_0.role,p1_0.student_id from players p1_0 where p1_0.email=?
Hibernate: select p1_0.id,p1_0.avatar,p1_0.created,p1_0.display_name,p1_0.email,p1_0.experience,p1_0.last_login,p1_0.level,p1_0.password_hash,p1_0.role,p1_0.student_id from players p1_0 where p1_0.email=?
Hibernate: select p1_0.id,p1_0.avatar,p1_0.created,p1_0.display_name,p1_0.email,p1_0.experience,p1_0.last_login,p1_0.level,p1_0.password_hash,p1_0.role,p1_0.student_id from players p1_0 where p1_0.email=?
Hibernate: select p1_0.id,p1_0.avatar,p1_0.created,p1_0.display_name,p1_0.email,p1_0.experience,p1_0.last_login,p1_0.level,p1_0.password_hash,p1_0.role,p1_0.student_id from players p1_0 where p1_0.email=?
Hibernate: select p1_0.id,p1_0.avatar,p1_0.created,p1_0.display_name,p1_0.email,p1_0.experience,p1_0.last_login,p1_0.level,p1_0.password_hash,p1_0.role,p1_0.student_id from players p1_0 where p1_0.email=?
Hibernate: select p1_0.id,p1_0.avatar,p1_0.created,p1_0.display_name,p1_0.email,p1_0.experience,p1_0.last_login,p1_0.level,p1_0.password_hash,p1_0.role,p1_0.student_id from players p1_0 where p1_0.email=?
Hibernate: select p1_0.id,p1_0.avatar,p1_0.created,p1_0.display_name,p1_0.email,p1_0.experience,p1_0.last_login,p1_0.level,p1_0.password_hash,p1_0.role,p1_0.student_id from players p1_0 where p1_0.email=?
Hibernate: select p1_0.id,p1_0.avatar,p1_0.created,p1_0.display_name,p1_0.email,p1_0.experience,p1_0.last_login,p1_0.level,p1_0.password_hash,p1_0.role,p1_0.student_id from players p1_0 where p1_0.email=?
Hibernate: select p1_0.id,p1_0.avatar,p1_0.created,p1_0.display_name,p1_0.email,p1_0.experience,p1_0.last_login,p1_0.level,p1_0.password_hash,p1_0.role,p1_0.student_id from players p1_0 where p1_0.email=?
Hibernate: select p1_0.id,p1_0.avatar,p1_0.created,p1_0.display_name,p1_0.email,p1_0.experience,p1_0.last_login,p1_0.level,p1_0.password_hash,p1_0.role,p1_0.student_id from players p1_0 where p1_0.email=?
Hibernate: select p1_0.id,p1_0.avatar,p1_0.created,p1_0.display_name,p1_0.email,p1_0.experience,p1_0.last_login,p1_0.level,p1_0.password_hash,p1_0.role,p1_0.student_id from players p1_0 where p1_0.email=?
Hibernate: select p1_0.id,p1_0.avatar,p1_0.created,p1_0.display_name,p1_0.email,p1_0.experience,p1_0.last_login,p1_0.level,p1_0.password_hash,p1_0.role,p1_0.student_id from players p1_0 where p1_0.email=?
Hibernate: select p1_0.id,p1_0.avatar,p1_0.created,p1_0.display_name,p1_0.email,p1_0.experience,p1_0.last_login,p1_0.level,p1_0.password_hash,p1_0.role,p1_0.student_id from players p1_0 where p1_0.email=?
Hibernate: select p1_0.id,p1_0.avatar,p1_0.created,p1_0.display_name,p1_0.email,p1_0.experience,p1_0.last_login,p1_0.level,p1_0.password_hash,p1_0.role,p1_0.student_id from players p1_0 where p1_0.email=?
2026-08-03T00:08:08.478+05:30  INFO 5104 --- [campusforge-backend] [io-17172-exec-2] c.c.backend.battle.ForgeMatchSession     : Player 5dfc32bf-92f7-4d74-9526-f45fa725ac49 marked disconnected in match 36498515-15eb-4471-a424-02ef50562754
2026-08-03T00:08:08.483+05:30  WARN 5104 --- [campusforge-backend] [io-17172-exec-2] c.c.backend.battle.MatchManager          : Player 5dfc32bf-92f7-4d74-9526-f45fa725ac49 disconnected from match 36498515-15eb-4471-a424-02ef50562754, starting 60s grace period
Hibernate: select p1_0.id,p1_0.avatar,p1_0.created,p1_0.display_name,p1_0.email,p1_0.experience,p1_0.last_login,p1_0.level,p1_0.password_hash,p1_0.role,p1_0.student_id from players p1_0 where p1_0.email=?
Hibernate: select p1_0.id,p1_0.avatar,p1_0.created,p1_0.display_name,p1_0.email,p1_0.experience,p1_0.last_login,p1_0.level,p1_0.password_hash,p1_0.role,p1_0.student_id from players p1_0 where p1_0.email=?
Hibernate: select p1_0.id,p1_0.avatar,p1_0.created,p1_0.display_name,p1_0.email,p1_0.experience,p1_0.last_login,p1_0.level,p1_0.password_hash,p1_0.role,p1_0.student_id from players p1_0 where p1_0.email=?
Hibernate: select p1_0.id,p1_0.avatar,p1_0.created,p1_0.display_name,p1_0.email,p1_0.experience,p1_0.last_login,p1_0.level,p1_0.password_hash,p1_0.role,p1_0.student_id from players p1_0 where p1_0.id=?
Hibernate: select m1_0.id,m1_0.battle_code,m1_0.created_at,m1_0.deck1_id,m1_0.deck2_id,m1_0.ended_at,m1_0.player1_id,m1_0.player2_id,m1_0.status,m1_0.winner_id from matches m1_0 where m1_0.player1_id=? or m1_0.player2_id=?
Hibernate: select d1_0.id,d1_0.commander_card_id,d1_0.created_at,d1_0.format_code,d1_0.name,d1_0.player_id,d1_0.updated_at from decks d1_0 where d1_0.player_id=?
Hibernate: select c1_0.deck_id,c1_0.id,c1_0.card_id,c1_0.quantity from deck_cards c1_0 where c1_0.deck_id=?
Hibernate: select c1_0.id,c1_0.colors,c1_0.commander_eligible,c1_0.discoverable,c1_0.forge_name,c1_0.image_url,c1_0.mana_value,c1_0.oracle_id,c1_0.ownership_type,c1_0.rarity,c1_0.set_code,c1_0.spawn_region,c1_0.types,c1_0.weight from cards c1_0 where c1_0.id=?
Hibernate: select c1_0.id,c1_0.colors,c1_0.commander_eligible,c1_0.discoverable,c1_0.forge_name,c1_0.image_url,c1_0.mana_value,c1_0.oracle_id,c1_0.ownership_type,c1_0.rarity,c1_0.set_code,c1_0.spawn_region,c1_0.types,c1_0.weight from cards c1_0 where c1_0.id=?
Hibernate: select c1_0.id,c1_0.colors,c1_0.commander_eligible,c1_0.discoverable,c1_0.forge_name,c1_0.image_url,c1_0.mana_value,c1_0.oracle_id,c1_0.ownership_type,c1_0.rarity,c1_0.set_code,c1_0.spawn_region,c1_0.types,c1_0.weight from cards c1_0 where c1_0.id=?
Hibernate: select c1_0.id,c1_0.colors,c1_0.commander_eligible,c1_0.discoverable,c1_0.forge_name,c1_0.image_url,c1_0.mana_value,c1_0.oracle_id,c1_0.ownership_type,c1_0.rarity,c1_0.set_code,c1_0.spawn_region,c1_0.types,c1_0.weight from cards c1_0 where c1_0.id=?
Hibernate: select p1_0.id,p1_0.avatar,p1_0.created,p1_0.display_name,p1_0.email,p1_0.experience,p1_0.last_login,p1_0.level,p1_0.password_hash,p1_0.role,p1_0.student_id from players p1_0 where p1_0.email=?
Hibernate: select p1_0.id,p1_0.avatar,p1_0.created,p1_0.display_name,p1_0.email,p1_0.experience,p1_0.last_login,p1_0.level,p1_0.password_hash,p1_0.role,p1_0.student_id from players p1_0 where p1_0.email=?
2026-08-03T00:08:14.711+05:30  INFO 5104 --- [campusforge-backend] [io-17172-exec-3] c.c.backend.battle.ForgeMatchSession     : Player 8cccb17b-1b9f-45b2-ab77-5d4bf631c5a3 marked disconnected in match 36498515-15eb-4471-a424-02ef50562754
2026-08-03T00:08:14.713+05:30  WARN 5104 --- [campusforge-backend] [io-17172-exec-3] c.c.backend.battle.MatchManager          : Player 8cccb17b-1b9f-45b2-ab77-5d4bf631c5a3 disconnected from match 36498515-15eb-4471-a424-02ef50562754, starting 60s grace period
Hibernate: select p1_0.id,p1_0.avatar,p1_0.created,p1_0.display_name,p1_0.email,p1_0.experience,p1_0.last_login,p1_0.level,p1_0.password_hash,p1_0.role,p1_0.student_id from players p1_0 where p1_0.email=?
Hibernate: select p1_0.id,p1_0.avatar,p1_0.created,p1_0.display_name,p1_0.email,p1_0.experience,p1_0.last_login,p1_0.level,p1_0.password_hash,p1_0.role,p1_0.student_id from players p1_0 where p1_0.email=?
Hibernate: select p1_0.id,p1_0.avatar,p1_0.created,p1_0.display_name,p1_0.email,p1_0.experience,p1_0.last_login,p1_0.level,p1_0.password_hash,p1_0.role,p1_0.student_id from players p1_0 where p1_0.email=?
Hibernate: select p1_0.id,p1_0.avatar,p1_0.created,p1_0.display_name,p1_0.email,p1_0.experience,p1_0.last_login,p1_0.level,p1_0.password_hash,p1_0.role,p1_0.student_id from players p1_0 where p1_0.id=?
Hibernate: select m1_0.id,m1_0.battle_code,m1_0.created_at,m1_0.deck1_id,m1_0.deck2_id,m1_0.ended_at,m1_0.player1_id,m1_0.player2_id,m1_0.status,m1_0.winner_id from matches m1_0 where m1_0.player1_id=? or m1_0.player2_id=?
Hibernate: select d1_0.id,d1_0.commander_card_id,d1_0.created_at,d1_0.format_code,d1_0.name,d1_0.player_id,d1_0.updated_at from decks d1_0 where d1_0.player_id=?
Hibernate: select c1_0.deck_id,c1_0.id,c1_0.card_id,c1_0.quantity from deck_cards c1_0 where c1_0.deck_id=?
Hibernate: select c1_0.id,c1_0.colors,c1_0.commander_eligible,c1_0.discoverable,c1_0.forge_name,c1_0.image_url,c1_0.mana_value,c1_0.oracle_id,c1_0.ownership_type,c1_0.rarity,c1_0.set_code,c1_0.spawn_region,c1_0.types,c1_0.weight from cards c1_0 where c1_0.id=?
Hibernate: select c1_0.id,c1_0.colors,c1_0.commander_eligible,c1_0.discoverable,c1_0.forge_name,c1_0.image_url,c1_0.mana_value,c1_0.oracle_id,c1_0.ownership_type,c1_0.rarity,c1_0.set_code,c1_0.spawn_region,c1_0.types,c1_0.weight from cards c1_0 where c1_0.id=?
Hibernate: select c1_0.id,c1_0.colors,c1_0.commander_eligible,c1_0.discoverable,c1_0.forge_name,c1_0.image_url,c1_0.mana_value,c1_0.oracle_id,c1_0.ownership_type,c1_0.rarity,c1_0.set_code,c1_0.spawn_region,c1_0.types,c1_0.weight from cards c1_0 where c1_0.id=?
Hibernate: select c1_0.id,c1_0.colors,c1_0.commander_eligible,c1_0.discoverable,c1_0.forge_name,c1_0.image_url,c1_0.mana_value,c1_0.oracle_id,c1_0.ownership_type,c1_0.rarity,c1_0.set_code,c1_0.spawn_region,c1_0.types,c1_0.weight from cards c1_0 where c1_0.id=?
Hibernate: select c1_0.id,c1_0.colors,c1_0.commander_eligible,c1_0.discoverable,c1_0.forge_name,c1_0.image_url,c1_0.mana_value,c1_0.oracle_id,c1_0.ownership_type,c1_0.rarity,c1_0.set_code,c1_0.spawn_region,c1_0.types,c1_0.weight from cards c1_0 where c1_0.id=?
Hibernate: select c1_0.id,c1_0.colors,c1_0.commander_eligible,c1_0.discoverable,c1_0.forge_name,c1_0.image_url,c1_0.mana_value,c1_0.oracle_id,c1_0.ownership_type,c1_0.rarity,c1_0.set_code,c1_0.spawn_region,c1_0.types,c1_0.weight from cards c1_0 where c1_0.id=?
Hibernate: select c1_0.id,c1_0.colors,c1_0.commander_eligible,c1_0.discoverable,c1_0.forge_name,c1_0.image_url,c1_0.mana_value,c1_0.oracle_id,c1_0.ownership_type,c1_0.rarity,c1_0.set_code,c1_0.spawn_region,c1_0.types,c1_0.weight from cards c1_0 where c1_0.id=?
Hibernate: select c1_0.id,c1_0.colors,c1_0.commander_eligible,c1_0.discoverable,c1_0.forge_name,c1_0.image_url,c1_0.mana_value,c1_0.oracle_id,c1_0.ownership_type,c1_0.rarity,c1_0.set_code,c1_0.spawn_region,c1_0.types,c1_0.weight from cards c1_0 where c1_0.id=?
Hibernate: select c1_0.id,c1_0.colors,c1_0.commander_eligible,c1_0.discoverable,c1_0.forge_name,c1_0.image_url,c1_0.mana_value,c1_0.oracle_id,c1_0.ownership_type,c1_0.rarity,c1_0.set_code,c1_0.spawn_region,c1_0.types,c1_0.weight from cards c1_0 where c1_0.id=?
Hibernate: select c1_0.id,c1_0.colors,c1_0.commander_eligible,c1_0.discoverable,c1_0.forge_name,c1_0.image_url,c1_0.mana_value,c1_0.oracle_id,c1_0.ownership_type,c1_0.rarity,c1_0.set_code,c1_0.spawn_region,c1_0.types,c1_0.weight from cards c1_0 where c1_0.id=?
Hibernate: select c1_0.id,c1_0.colors,c1_0.commander_eligible,c1_0.discoverable,c1_0.forge_name,c1_0.image_url,c1_0.mana_value,c1_0.oracle_id,c1_0.ownership_type,c1_0.rarity,c1_0.set_code,c1_0.spawn_region,c1_0.types,c1_0.weight from cards c1_0 where c1_0.id=?
Hibernate: select c1_0.id,c1_0.colors,c1_0.commander_eligible,c1_0.discoverable,c1_0.forge_name,c1_0.image_url,c1_0.mana_value,c1_0.oracle_id,c1_0.ownership_type,c1_0.rarity,c1_0.set_code,c1_0.spawn_region,c1_0.types,c1_0.weight from cards c1_0 where c1_0.id=?
Hibernate: select c1_0.deck_id,c1_0.id,c1_0.card_id,c1_0.quantity from deck_cards c1_0 where c1_0.deck_id=?
Hibernate: select c1_0.deck_id,c1_0.id,c1_0.card_id,c1_0.quantity from deck_cards c1_0 where c1_0.deck_id=?
Hibernate: select c1_0.id,c1_0.colors,c1_0.commander_eligible,c1_0.discoverable,c1_0.forge_name,c1_0.image_url,c1_0.mana_value,c1_0.oracle_id,c1_0.ownership_type,c1_0.rarity,c1_0.set_code,c1_0.spawn_region,c1_0.types,c1_0.weight from cards c1_0 where c1_0.id=?
Hibernate: select c1_0.deck_id,c1_0.id,c1_0.card_id,c1_0.quantity from deck_cards c1_0 where c1_0.deck_id=?
Hibernate: select p1_0.id,p1_0.avatar,p1_0.created,p1_0.display_name,p1_0.email,p1_0.experience,p1_0.last_login,p1_0.level,p1_0.password_hash,p1_0.role,p1_0.student_id from players p1_0 where p1_0.email=?
Hibernate: select p1_0.id,p1_0.avatar,p1_0.created,p1_0.display_name,p1_0.email,p1_0.experience,p1_0.last_login,p1_0.level,p1_0.password_hash,p1_0.role,p1_0.student_id from players p1_0 where p1_0.email=?
2026-08-03T00:08:22.613+05:30  INFO 5104 --- [campusforge-backend] [oundChannel-220] c.c.backend.battle.ForgeMatchSession     : Player 8cccb17b-1b9f-45b2-ab77-5d4bf631c5a3 reconnected in match 36498515-15eb-4471-a424-02ef50562754
2026-08-03T00:08:28.379+05:30  INFO 5104 --- [campusforge-backend] [oundChannel-223] c.c.backend.battle.ForgeMatchSession     : Player 5dfc32bf-92f7-4d74-9526-f45fa725ac49 reconnected in match 36498515-15eb-4471-a424-02ef50562754
Hibernate: select p1_0.id,p1_0.avatar,p1_0.created,p1_0.display_name,p1_0.email,p1_0.experience,p1_0.last_login,p1_0.level,p1_0.password_hash,p1_0.role,p1_0.student_id from players p1_0 where p1_0.email=?
Hibernate: select m1_0.id,m1_0.battle_code,m1_0.created_at,m1_0.deck1_id,m1_0.deck2_id,m1_0.ended_at,m1_0.player1_id,m1_0.player2_id,m1_0.status,m1_0.winner_id from matches m1_0 where m1_0.id=?
Hibernate: update matches set battle_code=?,created_at=?,deck1_id=?,deck2_id=?,ended_at=?,player1_id=?,player2_id=?,status=?,winner_id=? where id=?
Hibernate: select p1_0.id,p1_0.avatar,p1_0.created,p1_0.display_name,p1_0.email,p1_0.experience,p1_0.last_login,p1_0.level,p1_0.password_hash,p1_0.role,p1_0.student_id from players p1_0 where p1_0.id=?
Hibernate: update players set avatar=?,created=?,display_name=?,email=?,experience=?,last_login=?,level=?,password_hash=?,role=?,student_id=? where id=?
2026-08-03T00:08:48.791+05:30  INFO 5104 --- [campusforge-backend] [io-17172-exec-6] c.c.backend.battle.MatchManager          : Awarded 50 XP to match winner 5dfc32bf-92f7-4d74-9526-f45fa725ac49
2026-08-03T00:08:48.792+05:30  INFO 5104 --- [campusforge-backend] [io-17172-exec-6] c.c.backend.battle.ForgeMatchSession     : Canceled match session 36498515-15eb-4471-a424-02ef50562754
Hibernate: select p1_0.id,p1_0.avatar,p1_0.created,p1_0.display_name,p1_0.email,p1_0.experience,p1_0.last_login,p1_0.level,p1_0.password_hash,p1_0.role,p1_0.student_id from players p1_0 where p1_0.email=?
Hibernate: select m1_0.id,m1_0.battle_code,m1_0.created_at,m1_0.deck1_id,m1_0.deck2_id,m1_0.ended_at,m1_0.player1_id,m1_0.player2_id,m1_0.status,m1_0.winner_id from matches m1_0 where m1_0.player1_id=? or m1_0.player2_id=?
Hibernate: select p1_0.id,p1_0.avatar,p1_0.created,p1_0.display_name,p1_0.email,p1_0.experience,p1_0.last_login,p1_0.level,p1_0.password_hash,p1_0.role,p1_0.student_id from players p1_0 where p1_0.email=?
Hibernate: select p1_0.id,p1_0.avatar,p1_0.created,p1_0.display_name,p1_0.email,p1_0.experience,p1_0.last_login,p1_0.level,p1_0.password_hash,p1_0.role,p1_0.student_id from players p1_0 where p1_0.email=?
Hibernate: select p1_0.id,p1_0.avatar,p1_0.created,p1_0.display_name,p1_0.email,p1_0.experience,p1_0.last_login,p1_0.level,p1_0.password_hash,p1_0.role,p1_0.student_id from players p1_0 where p1_0.email=?
Hibernate: select p1_0.id,p1_0.avatar,p1_0.created,p1_0.display_name,p1_0.email,p1_0.experience,p1_0.last_login,p1_0.level,p1_0.password_hash,p1_0.role,p1_0.student_id from players p1_0 where p1_0.id=?
Hibernate: select m1_0.id,m1_0.battle_code,m1_0.created_at,m1_0.deck1_id,m1_0.deck2_id,m1_0.ended_at,m1_0.player1_id,m1_0.player2_id,m1_0.status,m1_0.winner_id from matches m1_0 where m1_0.player1_id=? or m1_0.player2_id=?
Hibernate: select d1_0.id,d1_0.commander_card_id,d1_0.created_at,d1_0.format_code,d1_0.name,d1_0.player_id,d1_0.updated_at from decks d1_0 where d1_0.player_id=?
Hibernate: select c1_0.deck_id,c1_0.id,c1_0.card_id,c1_0.quantity from deck_cards c1_0 where c1_0.deck_id=?
Hibernate: select c1_0.id,c1_0.colors,c1_0.commander_eligible,c1_0.discoverable,c1_0.forge_name,c1_0.image_url,c1_0.mana_value,c1_0.oracle_id,c1_0.ownership_type,c1_0.rarity,c1_0.set_code,c1_0.spawn_region,c1_0.types,c1_0.weight from cards c1_0 where c1_0.id=?
Hibernate: select c1_0.id,c1_0.colors,c1_0.commander_eligible,c1_0.discoverable,c1_0.forge_name,c1_0.image_url,c1_0.mana_value,c1_0.oracle_id,c1_0.ownership_type,c1_0.rarity,c1_0.set_code,c1_0.spawn_region,c1_0.types,c1_0.weight from cards c1_0 where c1_0.id=?
Hibernate: select c1_0.id,c1_0.colors,c1_0.commander_eligible,c1_0.discoverable,c1_0.forge_name,c1_0.image_url,c1_0.mana_value,c1_0.oracle_id,c1_0.ownership_type,c1_0.rarity,c1_0.set_code,c1_0.spawn_region,c1_0.types,c1_0.weight from cards c1_0 where c1_0.id=?
Hibernate: select c1_0.id,c1_0.colors,c1_0.commander_eligible,c1_0.discoverable,c1_0.forge_name,c1_0.image_url,c1_0.mana_value,c1_0.oracle_id,c1_0.ownership_type,c1_0.rarity,c1_0.set_code,c1_0.spawn_region,c1_0.types,c1_0.weight from cards c1_0 where c1_0.id=?
2026-08-03T00:09:04.405+05:30  INFO 5104 --- [campusforge-backend] [MessageBroker-5] o.s.w.s.c.WebSocketMessageBrokerStats    : WebSocketSession[0 current WS(0)-HttpStream(0)-HttpPoll(0), 7 total, 0 closed abnormally (0 connect failure, 0 send limit, 0 transport error)], stompSubProtocol[processed CONNECT(6)-CONNECTED(6)-DISCONNECT(1)], stompBrokerRelay[null], inboundChannel[pool size = 36, active threads = 0, queued tasks = 0, completed tasks = 318], outboundChannel[pool size = 55, active threads = 0, queued tasks = 0, completed tasks = 2415], sockJsScheduler[pool size = 28, active threads = 1, queued tasks = 1, completed tasks = 115]
Hibernate: select p1_0.id,p1_0.avatar,p1_0.created,p1_0.display_name,p1_0.email,p1_0.experience,p1_0.last_login,p1_0.level,p1_0.password_hash,p1_0.role,p1_0.student_id from players p1_0 where p1_0.email=?
Hibernate: select p1_0.id,p1_0.avatar,p1_0.created,p1_0.display_name,p1_0.email,p1_0.experience,p1_0.last_login,p1_0.level,p1_0.password_hash,p1_0.role,p1_0.student_id from players p1_0 where p1_0.id=?
Hibernate: select d1_0.id,d1_0.commander_card_id,d1_0.created_at,d1_0.format_code,d1_0.name,d1_0.player_id,d1_0.updated_at from decks d1_0 where d1_0.id=?
Hibernate: select c1_0.deck_id,c1_0.id,c1_0.card_id,c1_0.quantity from deck_cards c1_0 where c1_0.deck_id=?
Hibernate: select f1_0.id,f1_0.basics_unlimited,f1_0.code,f1_0.commander_required,f1_0.max_copies,f1_0.max_deck_size,f1_0.min_deck_size,f1_0.name from formats f1_0 where f1_0.code=?
Hibernate: select c1_0.id,c1_0.colors,c1_0.commander_eligible,c1_0.discoverable,c1_0.forge_name,c1_0.image_url,c1_0.mana_value,c1_0.oracle_id,c1_0.ownership_type,c1_0.rarity,c1_0.set_code,c1_0.spawn_region,c1_0.types,c1_0.weight from cards c1_0 where c1_0.id=?
Hibernate: select c1_0.id,c1_0.colors,c1_0.commander_eligible,c1_0.discoverable,c1_0.forge_name,c1_0.image_url,c1_0.mana_value,c1_0.oracle_id,c1_0.ownership_type,c1_0.rarity,c1_0.set_code,c1_0.spawn_region,c1_0.types,c1_0.weight from cards c1_0 where c1_0.id=?
Hibernate: select c1_0.id,c1_0.colors,c1_0.commander_eligible,c1_0.discoverable,c1_0.forge_name,c1_0.image_url,c1_0.mana_value,c1_0.oracle_id,c1_0.ownership_type,c1_0.rarity,c1_0.set_code,c1_0.spawn_region,c1_0.types,c1_0.weight from cards c1_0 where c1_0.id=?
Hibernate: select c1_0.id,c1_0.colors,c1_0.commander_eligible,c1_0.discoverable,c1_0.forge_name,c1_0.image_url,c1_0.mana_value,c1_0.oracle_id,c1_0.ownership_type,c1_0.rarity,c1_0.set_code,c1_0.spawn_region,c1_0.types,c1_0.weight from cards c1_0 where c1_0.id=?
Hibernate: select c1_0.id,c1_0.colors,c1_0.commander_eligible,c1_0.discoverable,c1_0.forge_name,c1_0.image_url,c1_0.mana_value,c1_0.oracle_id,c1_0.ownership_type,c1_0.rarity,c1_0.set_code,c1_0.spawn_region,c1_0.types,c1_0.weight from cards c1_0 where c1_0.id=?
Hibernate: select c1_0.id,c1_0.colors,c1_0.commander_eligible,c1_0.discoverable,c1_0.forge_name,c1_0.image_url,c1_0.mana_value,c1_0.oracle_id,c1_0.ownership_type,c1_0.rarity,c1_0.set_code,c1_0.spawn_region,c1_0.types,c1_0.weight from cards c1_0 where c1_0.id=?
Hibernate: select c1_0.id,c1_0.colors,c1_0.commander_eligible,c1_0.discoverable,c1_0.forge_name,c1_0.image_url,c1_0.mana_value,c1_0.oracle_id,c1_0.ownership_type,c1_0.rarity,c1_0.set_code,c1_0.spawn_region,c1_0.types,c1_0.weight from cards c1_0 where c1_0.id=?
Hibernate: select c1_0.id,c1_0.colors,c1_0.commander_eligible,c1_0.discoverable,c1_0.forge_name,c1_0.image_url,c1_0.mana_value,c1_0.oracle_id,c1_0.ownership_type,c1_0.rarity,c1_0.set_code,c1_0.spawn_region,c1_0.types,c1_0.weight from cards c1_0 where c1_0.id=?
Hibernate: select c1_0.id,c1_0.colors,c1_0.commander_eligible,c1_0.discoverable,c1_0.forge_name,c1_0.image_url,c1_0.mana_value,c1_0.oracle_id,c1_0.ownership_type,c1_0.rarity,c1_0.set_code,c1_0.spawn_region,c1_0.types,c1_0.weight from cards c1_0 where c1_0.id=?
Hibernate: select c1_0.id,c1_0.colors,c1_0.commander_eligible,c1_0.discoverable,c1_0.forge_name,c1_0.image_url,c1_0.mana_value,c1_0.oracle_id,c1_0.ownership_type,c1_0.rarity,c1_0.set_code,c1_0.spawn_region,c1_0.types,c1_0.weight from cards c1_0 where c1_0.id=?
Hibernate: select c1_0.id,c1_0.colors,c1_0.commander_eligible,c1_0.discoverable,c1_0.forge_name,c1_0.image_url,c1_0.mana_value,c1_0.oracle_id,c1_0.ownership_type,c1_0.rarity,c1_0.set_code,c1_0.spawn_region,c1_0.types,c1_0.weight from cards c1_0 where c1_0.id=?
Hibernate: select c1_0.id,c1_0.colors,c1_0.commander_eligible,c1_0.discoverable,c1_0.forge_name,c1_0.image_url,c1_0.mana_value,c1_0.oracle_id,c1_0.ownership_type,c1_0.rarity,c1_0.set_code,c1_0.spawn_region,c1_0.types,c1_0.weight from cards c1_0 where c1_0.id=?
Hibernate: select cl1_0.id,cl1_0.card_id,cl1_0.format_id,cl1_0.legality from card_legalities cl1_0 where cl1_0.format_id=?
Hibernate: select pu1_0.id from player_unlocks pu1_0 where pu1_0.player_id=? and pu1_0.card_id=? fetch first ? rows only
Hibernate: select pu1_0.id,pu1_0.card_id,pu1_0.player_id,pu1_0.unlocked_at from player_unlocks pu1_0 where pu1_0.player_id=?
Hibernate: select pu1_0.id from player_unlocks pu1_0 where pu1_0.player_id=? and pu1_0.card_id=? fetch first ? rows only
Hibernate: select pu1_0.id,pu1_0.card_id,pu1_0.player_id,pu1_0.unlocked_at from player_unlocks pu1_0 where pu1_0.player_id=?
Hibernate: select pu1_0.id from player_unlocks pu1_0 where pu1_0.player_id=? and pu1_0.card_id=? fetch first ? rows only
Hibernate: select pu1_0.id,pu1_0.card_id,pu1_0.player_id,pu1_0.unlocked_at from player_unlocks pu1_0 where pu1_0.player_id=?
Hibernate: select pu1_0.id from player_unlocks pu1_0 where pu1_0.player_id=? and pu1_0.card_id=? fetch first ? rows only
Hibernate: select pu1_0.id,pu1_0.card_id,pu1_0.player_id,pu1_0.unlocked_at from player_unlocks pu1_0 where pu1_0.player_id=?
Hibernate: select pu1_0.id from player_unlocks pu1_0 where pu1_0.player_id=? and pu1_0.card_id=? fetch first ? rows only
Hibernate: select pu1_0.id,pu1_0.card_id,pu1_0.player_id,pu1_0.unlocked_at from player_unlocks pu1_0 where pu1_0.player_id=?
Hibernate: select pu1_0.id from player_unlocks pu1_0 where pu1_0.player_id=? and pu1_0.card_id=? fetch first ? rows only
Hibernate: select pu1_0.id,pu1_0.card_id,pu1_0.player_id,pu1_0.unlocked_at from player_unlocks pu1_0 where pu1_0.player_id=?
Hibernate: select pu1_0.id from player_unlocks pu1_0 where pu1_0.player_id=? and pu1_0.card_id=? fetch first ? rows only
Hibernate: select pu1_0.id,pu1_0.card_id,pu1_0.player_id,pu1_0.unlocked_at from player_unlocks pu1_0 where pu1_0.player_id=?
Hibernate: select pu1_0.id from player_unlocks pu1_0 where pu1_0.player_id=? and pu1_0.card_id=? fetch first ? rows only
Hibernate: select pu1_0.id,pu1_0.card_id,pu1_0.player_id,pu1_0.unlocked_at from player_unlocks pu1_0 where pu1_0.player_id=?
Hibernate: select m1_0.id,m1_0.battle_code,m1_0.created_at,m1_0.deck1_id,m1_0.deck2_id,m1_0.ended_at,m1_0.player1_id,m1_0.player2_id,m1_0.status,m1_0.winner_id from matches m1_0 where m1_0.battle_code=?
Hibernate: insert into matches (battle_code,created_at,deck1_id,deck2_id,ended_at,player1_id,player2_id,status,winner_id,id) values (?,?,?,?,?,?,?,?,?,?)
Hibernate: select p1_0.id,p1_0.avatar,p1_0.created,p1_0.display_name,p1_0.email,p1_0.experience,p1_0.last_login,p1_0.level,p1_0.password_hash,p1_0.role,p1_0.student_id from players p1_0 where p1_0.email=?
Hibernate: select p1_0.id,p1_0.avatar,p1_0.created,p1_0.display_name,p1_0.email,p1_0.experience,p1_0.last_login,p1_0.level,p1_0.password_hash,p1_0.role,p1_0.student_id from players p1_0 where p1_0.email=?
Hibernate: select m1_0.id,m1_0.battle_code,m1_0.created_at,m1_0.deck1_id,m1_0.deck2_id,m1_0.ended_at,m1_0.player1_id,m1_0.player2_id,m1_0.status,m1_0.winner_id from matches m1_0 where m1_0.id=?
Hibernate: select m1_0.id,m1_0.battle_code,m1_0.created_at,m1_0.deck1_id,m1_0.deck2_id,m1_0.ended_at,m1_0.player1_id,m1_0.player2_id,m1_0.status,m1_0.winner_id from matches m1_0 where m1_0.player1_id=? or m1_0.player2_id=?
Hibernate: select p1_0.id,p1_0.avatar,p1_0.created,p1_0.display_name,p1_0.email,p1_0.experience,p1_0.last_login,p1_0.level,p1_0.password_hash,p1_0.role,p1_0.student_id from players p1_0 where p1_0.email=?
Hibernate: select p1_0.id,p1_0.avatar,p1_0.created,p1_0.display_name,p1_0.email,p1_0.experience,p1_0.last_login,p1_0.level,p1_0.password_hash,p1_0.role,p1_0.student_id from players p1_0 where p1_0.email=?
Hibernate: select m1_0.id,m1_0.battle_code,m1_0.created_at,m1_0.deck1_id,m1_0.deck2_id,m1_0.ended_at,m1_0.player1_id,m1_0.player2_id,m1_0.status,m1_0.winner_id from matches m1_0 where m1_0.id=?
Hibernate: select p1_0.id,p1_0.avatar,p1_0.created,p1_0.display_name,p1_0.email,p1_0.experience,p1_0.last_login,p1_0.level,p1_0.password_hash,p1_0.role,p1_0.student_id from players p1_0 where p1_0.email=?
Hibernate: select m1_0.id,m1_0.battle_code,m1_0.created_at,m1_0.deck1_id,m1_0.deck2_id,m1_0.ended_at,m1_0.player1_id,m1_0.player2_id,m1_0.status,m1_0.winner_id from matches m1_0 where m1_0.id=?
Hibernate: select p1_0.id,p1_0.avatar,p1_0.created,p1_0.display_name,p1_0.email,p1_0.experience,p1_0.last_login,p1_0.level,p1_0.password_hash,p1_0.role,p1_0.student_id from players p1_0 where p1_0.email=?
Hibernate: select m1_0.id,m1_0.battle_code,m1_0.created_at,m1_0.deck1_id,m1_0.deck2_id,m1_0.ended_at,m1_0.player1_id,m1_0.player2_id,m1_0.status,m1_0.winner_id from matches m1_0 where m1_0.battle_code=?
Hibernate: select p1_0.id,p1_0.avatar,p1_0.created,p1_0.display_name,p1_0.email,p1_0.experience,p1_0.last_login,p1_0.level,p1_0.password_hash,p1_0.role,p1_0.student_id from players p1_0 where p1_0.id=?
Hibernate: select d1_0.id,d1_0.commander_card_id,d1_0.created_at,d1_0.format_code,d1_0.name,d1_0.player_id,d1_0.updated_at from decks d1_0 where d1_0.id=?
Hibernate: select c1_0.deck_id,c1_0.id,c1_0.card_id,c1_0.quantity from deck_cards c1_0 where c1_0.deck_id=?
Hibernate: select f1_0.id,f1_0.basics_unlimited,f1_0.code,f1_0.commander_required,f1_0.max_copies,f1_0.max_deck_size,f1_0.min_deck_size,f1_0.name from formats f1_0 where f1_0.code=?
Hibernate: select c1_0.id,c1_0.colors,c1_0.commander_eligible,c1_0.discoverable,c1_0.forge_name,c1_0.image_url,c1_0.mana_value,c1_0.oracle_id,c1_0.ownership_type,c1_0.rarity,c1_0.set_code,c1_0.spawn_region,c1_0.types,c1_0.weight from cards c1_0 where c1_0.id=?
Hibernate: select c1_0.id,c1_0.colors,c1_0.commander_eligible,c1_0.discoverable,c1_0.forge_name,c1_0.image_url,c1_0.mana_value,c1_0.oracle_id,c1_0.ownership_type,c1_0.rarity,c1_0.set_code,c1_0.spawn_region,c1_0.types,c1_0.weight from cards c1_0 where c1_0.id=?
Hibernate: select c1_0.id,c1_0.colors,c1_0.commander_eligible,c1_0.discoverable,c1_0.forge_name,c1_0.image_url,c1_0.mana_value,c1_0.oracle_id,c1_0.ownership_type,c1_0.rarity,c1_0.set_code,c1_0.spawn_region,c1_0.types,c1_0.weight from cards c1_0 where c1_0.id=?
Hibernate: select c1_0.id,c1_0.colors,c1_0.commander_eligible,c1_0.discoverable,c1_0.forge_name,c1_0.image_url,c1_0.mana_value,c1_0.oracle_id,c1_0.ownership_type,c1_0.rarity,c1_0.set_code,c1_0.spawn_region,c1_0.types,c1_0.weight from cards c1_0 where c1_0.id=?
Hibernate: select cl1_0.id,cl1_0.card_id,cl1_0.format_id,cl1_0.legality from card_legalities cl1_0 where cl1_0.format_id=?
Hibernate: select p1_0.id,p1_0.avatar,p1_0.created,p1_0.display_name,p1_0.email,p1_0.experience,p1_0.last_login,p1_0.level,p1_0.password_hash,p1_0.role,p1_0.student_id from players p1_0 where p1_0.id=?
Hibernate: select d1_0.id,d1_0.commander_card_id,d1_0.created_at,d1_0.format_code,d1_0.name,d1_0.player_id,d1_0.updated_at from decks d1_0 where d1_0.id=?
Hibernate: select c1_0.deck_id,c1_0.id,c1_0.card_id,c1_0.quantity from deck_cards c1_0 where c1_0.deck_id=?
Hibernate: select c1_0.id,c1_0.colors,c1_0.commander_eligible,c1_0.discoverable,c1_0.forge_name,c1_0.image_url,c1_0.mana_value,c1_0.oracle_id,c1_0.ownership_type,c1_0.rarity,c1_0.set_code,c1_0.spawn_region,c1_0.types,c1_0.weight from cards c1_0 where c1_0.id=?
Hibernate: select c1_0.id,c1_0.colors,c1_0.commander_eligible,c1_0.discoverable,c1_0.forge_name,c1_0.image_url,c1_0.mana_value,c1_0.oracle_id,c1_0.ownership_type,c1_0.rarity,c1_0.set_code,c1_0.spawn_region,c1_0.types,c1_0.weight from cards c1_0 where c1_0.id=?
Hibernate: select c1_0.id,c1_0.colors,c1_0.commander_eligible,c1_0.discoverable,c1_0.forge_name,c1_0.image_url,c1_0.mana_value,c1_0.oracle_id,c1_0.ownership_type,c1_0.rarity,c1_0.set_code,c1_0.spawn_region,c1_0.types,c1_0.weight from cards c1_0 where c1_0.id=?
Hibernate: select c1_0.id,c1_0.colors,c1_0.commander_eligible,c1_0.discoverable,c1_0.forge_name,c1_0.image_url,c1_0.mana_value,c1_0.oracle_id,c1_0.ownership_type,c1_0.rarity,c1_0.set_code,c1_0.spawn_region,c1_0.types,c1_0.weight from cards c1_0 where c1_0.id=?
Hibernate: select c1_0.id,c1_0.colors,c1_0.commander_eligible,c1_0.discoverable,c1_0.forge_name,c1_0.image_url,c1_0.mana_value,c1_0.oracle_id,c1_0.ownership_type,c1_0.rarity,c1_0.set_code,c1_0.spawn_region,c1_0.types,c1_0.weight from cards c1_0 where c1_0.id=?
Hibernate: select c1_0.id,c1_0.colors,c1_0.commander_eligible,c1_0.discoverable,c1_0.forge_name,c1_0.image_url,c1_0.mana_value,c1_0.oracle_id,c1_0.ownership_type,c1_0.rarity,c1_0.set_code,c1_0.spawn_region,c1_0.types,c1_0.weight from cards c1_0 where c1_0.id=?
Hibernate: select c1_0.id,c1_0.colors,c1_0.commander_eligible,c1_0.discoverable,c1_0.forge_name,c1_0.image_url,c1_0.mana_value,c1_0.oracle_id,c1_0.ownership_type,c1_0.rarity,c1_0.set_code,c1_0.spawn_region,c1_0.types,c1_0.weight from cards c1_0 where c1_0.id=?
Hibernate: select c1_0.id,c1_0.colors,c1_0.commander_eligible,c1_0.discoverable,c1_0.forge_name,c1_0.image_url,c1_0.mana_value,c1_0.oracle_id,c1_0.ownership_type,c1_0.rarity,c1_0.set_code,c1_0.spawn_region,c1_0.types,c1_0.weight from cards c1_0 where c1_0.id=?
Hibernate: select c1_0.id,c1_0.colors,c1_0.commander_eligible,c1_0.discoverable,c1_0.forge_name,c1_0.image_url,c1_0.mana_value,c1_0.oracle_id,c1_0.ownership_type,c1_0.rarity,c1_0.set_code,c1_0.spawn_region,c1_0.types,c1_0.weight from cards c1_0 where c1_0.id=?
2026-08-03T00:09:16.582+05:30  INFO 5104 --- [campusforge-backend] [io-17172-exec-3] c.c.backend.battle.ForgeDeckConverter    : Converted deck 'New Deck' for Forge: 62 cards added, 0 skipped
2026-08-03T00:09:16.582+05:30  INFO 5104 --- [campusforge-backend] [io-17172-exec-3] c.c.backend.battle.ForgeDeckConverter    : Converted deck 'New Deck' for Forge: 66 cards added, 0 skipped
2026-08-03T00:09:16.582+05:30  INFO 5104 --- [campusforge-backend] [io-17172-exec-3] c.c.backend.battle.MatchManager          : Started Forge match session ff343d00-8776-4941-8ff0-8209c45eb2ec (FireBall vs dfgh)
Hibernate: update matches set battle_code=?,created_at=?,deck1_id=?,deck2_id=?,ended_at=?,player1_id=?,player2_id=?,status=?,winner_id=? where id=?
Hibernate: select p1_0.id,p1_0.avatar,p1_0.created,p1_0.display_name,p1_0.email,p1_0.experience,p1_0.last_login,p1_0.level,p1_0.password_hash,p1_0.role,p1_0.student_id from players p1_0 where p1_0.email=?
Hibernate: select p1_0.id,p1_0.avatar,p1_0.created,p1_0.display_name,p1_0.email,p1_0.experience,p1_0.last_login,p1_0.level,p1_0.password_hash,p1_0.role,p1_0.student_id from players p1_0 where p1_0.email=?
Hibernate: select m1_0.id,m1_0.battle_code,m1_0.created_at,m1_0.deck1_id,m1_0.deck2_id,m1_0.ended_at,m1_0.player1_id,m1_0.player2_id,m1_0.status,m1_0.winner_id from matches m1_0 where m1_0.player1_id=? or m1_0.player2_id=?
Hibernate: select p1_0.id,p1_0.avatar,p1_0.created,p1_0.display_name,p1_0.email,p1_0.experience,p1_0.last_login,p1_0.level,p1_0.password_hash,p1_0.role,p1_0.student_id from players p1_0 where p1_0.email=?
Hibernate: select p1_0.id,p1_0.avatar,p1_0.created,p1_0.display_name,p1_0.email,p1_0.experience,p1_0.last_login,p1_0.level,p1_0.password_hash,p1_0.role,p1_0.student_id from players p1_0 where p1_0.email=?
Hibernate: select p1_0.id,p1_0.avatar,p1_0.created,p1_0.display_name,p1_0.email,p1_0.experience,p1_0.last_login,p1_0.level,p1_0.password_hash,p1_0.role,p1_0.student_id from players p1_0 where p1_0.email=?
Hibernate: select p1_0.id,p1_0.avatar,p1_0.created,p1_0.display_name,p1_0.email,p1_0.experience,p1_0.last_login,p1_0.level,p1_0.password_hash,p1_0.role,p1_0.student_id from players p1_0 where p1_0.email=?
Hibernate: select p1_0.id,p1_0.avatar,p1_0.created,p1_0.display_name,p1_0.email,p1_0.experience,p1_0.last_login,p1_0.level,p1_0.password_hash,p1_0.role,p1_0.student_id from players p1_0 where p1_0.email=?
Hibernate: select p1_0.id,p1_0.avatar,p1_0.created,p1_0.display_name,p1_0.email,p1_0.experience,p1_0.last_login,p1_0.level,p1_0.password_hash,p1_0.role,p1_0.student_id from players p1_0 where p1_0.email=?
Hibernate: select p1_0.id,p1_0.avatar,p1_0.created,p1_0.display_name,p1_0.email,p1_0.experience,p1_0.last_login,p1_0.level,p1_0.password_hash,p1_0.role,p1_0.student_id from players p1_0 where p1_0.email=?
Hibernate: select m1_0.id,m1_0.battle_code,m1_0.created_at,m1_0.deck1_id,m1_0.deck2_id,m1_0.ended_at,m1_0.player1_id,m1_0.player2_id,m1_0.status,m1_0.winner_id from matches m1_0 where m1_0.id=?
Hibernate: update matches set battle_code=?,created_at=?,deck1_id=?,deck2_id=?,ended_at=?,player1_id=?,player2_id=?,status=?,winner_id=? where id=?
Hibernate: select p1_0.id,p1_0.avatar,p1_0.created,p1_0.display_name,p1_0.email,p1_0.experience,p1_0.last_login,p1_0.level,p1_0.password_hash,p1_0.role,p1_0.student_id from players p1_0 where p1_0.id=?
Hibernate: update players set avatar=?,created=?,display_name=?,email=?,experience=?,last_login=?,level=?,password_hash=?,role=?,student_id=? where id=?
2026-08-03T00:09:31.068+05:30  INFO 5104 --- [campusforge-backend] [io-17172-exec-4] c.c.backend.battle.MatchManager          : Awarded 50 XP to match winner 5dfc32bf-92f7-4d74-9526-f45fa725ac49
2026-08-03T00:09:31.068+05:30  INFO 5104 --- [campusforge-backend] [io-17172-exec-4] c.c.backend.battle.ForgeMatchSession     : Canceled match session ff343d00-8776-4941-8ff0-8209c45eb2ec
Hibernate: select p1_0.id,p1_0.avatar,p1_0.created,p1_0.display_name,p1_0.email,p1_0.experience,p1_0.last_login,p1_0.level,p1_0.password_hash,p1_0.role,p1_0.student_id from players p1_0 where p1_0.email=?
Hibernate: select m1_0.id,m1_0.battle_code,m1_0.created_at,m1_0.deck1_id,m1_0.deck2_id,m1_0.ended_at,m1_0.player1_id,m1_0.player2_id,m1_0.status,m1_0.winner_id from matches m1_0 where m1_0.player1_id=? or m1_0.player2_id=?
